[2026-02-12T00:22:29Z INFO  keeprs] bot started: authority=DxoRJ4f5XRMvXU9SGuM4ZziBFUxbhB3ubur5sVZEvue2, subaccount=7q6FkeUEvTDS6DaM2WTHw6s1gTzbBasGTPATLzMZW41S
[2026-02-12T00:22:29Z INFO  keeprs] mainnet=true, markets=true
[2026-02-12T00:22:29Z INFO  filler] subscribing swift orders
[2026-02-12T00:22:31Z INFO  filler] subscribed swift orders
[2026-02-12T00:22:36Z INFO  dlob] synced initial orders
[2026-02-12T00:22:57Z INFO  dlob] syncd stats accounts
[2026-02-12T00:22:57Z INFO  grpc] gRPC connecting: https://api.rpcpool.com...
[2026-02-12T00:22:58Z INFO  drift_rs::grpc::grpc_subscriber] gRPC connected 🔌: {"version":{"package":"yellowstone-grpc-geyser","version":"11.0.1+solana.3.1.8","proto":"11.0.1+solana.3.1.8","solana":"3.1.8","git":"70e593a","rustc":"1.86.0","buildts":"2026-02-05T05:58:29.091610187Z"},"extra":{"hostname":"sg130"}}
[2026-02-12T00:22:58Z INFO  grpc] gRPC subscribing: SubscribeRequest { accounts: {"client": SubscribeRequestFilterAccounts { account: [], owner: ["dRiftyHA39MWEi3m9aunc5MzRF1JYuBsbn6VPcn33UH"], filters: [], nonempty_txn_signature: None }}, slots: {"client": SubscribeRequestFilterSlots { filter_by_commitment: Some(true), interslot_updates: Some(false) }}, transactions: {"client": SubscribeRequestFilterTransactions { vote: Some(false), failed: Some(false), signature: None, account_include: ["7q6FkeUEvTDS6DaM2WTHw6s1gTzbBasGTPATLzMZW41S"], account_exclude: [], account_required: [] }}, transactions_status: {}, blocks: {}, blocks_meta: {}, entry: {}, commitment: Some(Processed), accounts_data_slice: [], ping: None, from_slot: None }
[2026-02-12T00:22:58Z INFO  grpc] gRPC subscribed ⚡️
[2026-02-12T00:22:58Z INFO  grpc] gRPC connecting: https://api.rpcpool.com...
[2026-02-12T00:22:58Z WARN  keeprs::filler] out of order user update: 399651847 > 0
[2026-02-12T00:22:58Z INFO  drift_rs::grpc::grpc_subscriber] gRPC connected 🔌: {"version":{"package":"yellowstone-grpc-geyser","version":"11.0.1+solana.3.1.8","proto":"11.0.1+solana.3.1.8","solana":"3.1.8","git":"70e593a","rustc":"1.86.0","buildts":"2026-02-05T05:58:29.091610187Z"},"extra":{"hostname":"sg130"}}
[2026-02-12T00:22:58Z INFO  grpc] gRPC subscribing: SubscribeRequest { accounts: {"client": SubscribeRequestFilterAccounts { account: ["BERaNi6cpEresbq6HC1EQGaB1H1UjvEo4NGnmYSSJof4", "BboTg1yT114FQkqT6MM3P3G3CcCktuM2RePgU8Gr3K4A", "2sZomfWMDuQLcFak3nuharXorHrZ3hK8iaML6ZGSHtso", "93FG52TzNKCnMiasV14Ba34BYcHDb9p4zK4GjZnLwqWR", "Cbhiaky9kxDsviokcQaS9qc4HmpAzLaGjfmdSah1qakL", "4QXWStoyEErTZFVsvKrvxuNa6QT8zpeA8jddZunSGvYE", "5VJou4ufN2vE11zyZUaLsKLTXhyzCTgiq6QDsts2YnnD", "C5fiAmQyjdfDR4EGepZqnEL3fJwMBav5yoAk6XyKMF6u", "Fbd2hz8Uz26gLm2Jrj7WSrhxusrh9VuSEWVpLBPJgMYX", "DXqKSHyhTBKEW4qgnL7ycbf3Jca5hCvUgWHFYWsh4KJa", "5uR6oza6teuMRpjsbMi9fDhCDid2hoYdRBiLW7WzcK54", "97EqsAGbTnShB7oYWAFFCVVAx8PWXgDYDhcpm99izNQ4", "8cH72H3vqYPArV9QvkYJkwzTdsdNPPgVPrusz9sMmgNN", "8FauFNbX2gvjkPLH8w2kntXCcSGCwZL2prZjHBpvq6aE", "5r8RWTaRiMgr9Lph3FTUE3sGb1vymhpCrm83Bovjfcps", "9PgHM68FNGDK6nHb29ERDBcFrV6gNMD8LyUqwxbyyeb2", "469WQgfJ6AJ3eJ8FUcdhiZawf7yNChA3hseTSyhFatHZ", "5r8RWTaRiMgr9Lph3FTUE3sGb1vymhpCrm83Bovjfcps", "CsFUXiA5dM4eCKjVBBy8tXhXzDkDRNoYjU5rjpHyfNEZ", "JDKJSkxjasBGL3ce1pkrN6tqDzuVUZPWzzkGuyX8m9yN", "CLjvwowzQ2L9PrmXA6zqbamxLVeDY9vE87aBxMZLJLoY", "2sZomfWMDuQLcFak3nuharXorHrZ3hK8iaML6ZGSHtso", "DXqKSHyhTBKEW4qgnL7ycbf3Jca5hCvUgWHFYWsh4KJa", "3RgNWYYcZCKf5uZfriK8ASUbGQErhH6YbpdvZQ7ZKDCf", "138RQdT1frDTnEp989V7gUWoQ5yg382ns4ihjvgJLcz7", "r8eNLQ8jysUyk9rrWXuicwAoKZ7V3YngAB6737zfxmv", "E36rvXEwysWeiToXCpWfHVADd8bzzyR4w83ZSSwxAxqG", "BERaNi6cpEresbq6HC1EQGaB1H1UjvEo4NGnmYSSJof4", "AEPgc6qUTCT8AwdckPcGbJXtcM9bj8mGYAyHE4BscJtm", "BR4NCRe2R8shvDAskUt6HE3n8Ej8HdMnVqshLz97BMm9", "8x84eFZVGD9C8vmQqnB9P8UDPMdDWduFaULspKUYGthP", "92VexDMsSzYvVq7eiEoodEzZxCLqYnfGKpVTqpkX12FY", "AZVVDFve8ijzLAm9z6W53GFsoWbcycFsdxCL7WUjMz8S", "2rDfWydvqvMQjDuf7vQsgfpa6dLMZehrWrpoXitn6gPx", "GheMfcCB49SuVCWrFReQDD2tLkcPDMG3qZEZWU44mHu", "9Ennia27iT83kNAk3JtRKxSMzuCzsVtT4MzuxpE7anME", "EX6r1GdfsgcUsY6cQ6YsToV4RGsb4HKpjrkokK2DrmsS", "GAzR3C5cn7gGVvuqJB57wSYTPWP3n2Lw4mRJRxvTvqYy", "4HTDpcHAwBTHCJLNMwT35w4FGc4nfA4YhT1BkcZQwQ2m", "5Km85n3s9Zs5wEoXYWuHbpoDzst4EBkS5f1XuQJGG1DL", "469WQgfJ6AJ3eJ8FUcdhiZawf7yNChA3hseTSyhFatHZ", "4A3KroGPjZxPAeBNF287V3NyRwV2q8iBi1vX7kHxTCh7", "BtUUSUc9rZSzBmmKhQq4no65zHQTzMFeVYss7xcMRD53", "8M8mjNJ42k2Xi12Q1zRnQRC3xhggu3WGuftiu5VZZmsF", "Fqv8vT5fdjvBbHd5k4B4ZvnXLH6bbdKP8cMv93ybCP8W", "6ua3DK1sHoYyNi15dsxy6RYwUcZPDDXfyChzaRMaheQF", "HDveCibToLf157NtUqShCEWX3GcF4Aq8Ngt2bst1s1cc", "4HTDpcHAwBTHCJLNMwT35w4FGc4nfA4YhT1BkcZQwQ2m", "CsFUXiA5dM4eCKjVBBy8tXhXzDkDRNoYjU5rjpHyfNEZ", "5DYEjGpr28q3EsLKAnLXiDq6UeaFgDFZ5Gdwgp5RmPAp", "6AVy1y9SnJECnosQaiK2uY1kcT4ZEBf1F4DMvhxgvhUo", "DtmeBbyWat6p2vSpRhuZ4MGRndXr2cdpd4GV8izCFvLb", "CVy5m6JqhEdjbz11idgVeb2KnH5NpFowKnYPVMdfc7FC", "CrW8rga5bEZP1KBnqoQmPUcnYjrCPYQFbrMja99QKxsK", "rwyPmfH5xsHdjPf6XsVxvyQEZogX2k4pmhaKEVvgseW", "C41YpBLZfERAbV1p8DD48vDwbYhRQCbiryMx8Vp5sfo4", "D1QgWnMoPzB4wJ79Egrc6MGYYM3HHVNhpff1QQHDSoCq", "7GPbmQee2T4jMsJg99GuzWyMuzr8c2Uk7rAR9qvvQkzf", "GHzvsMDMSiuyZoWhEAuM27MKFdN2Y4fA4wSDuSd6dLMA", "7YrQUxmxGdbk8pvns9KcL5ojbZSL2eHj62hxRqggtEUR", "BboTg1yT114FQkqT6MM3P3G3CcCktuM2RePgU8Gr3K4A", "5QZMnsyndmphvZF4BNgoMHwVZaREXeE2rpBoCPMxgCCd", "BkdSPLmw4W6twrJjAePw2bJAwDTBtxJ9t6LvNHfcBKg1", "35MbvS1Juz2wf7GsyHrkCw8yfKciRLxVpEhfZDZFrB4R", "FPQjZYvHRGy51guJ77p7n9u9b8eo1ktKRc2D2g5Vysth", "7LpRfPaWR7cQqN7CMkCmZjEQpWyqso5LGuKCvDXH5ZAr", "5VJou4ufN2vE11zyZUaLsKLTXhyzCTgiq6QDsts2YnnD", "9VCioxmni2gDLv11qufWzT3RDERhQE4iY5Gf7NTfYyAV", "5ASZLwk3GFCwZiDQ3XpmduRqNPEUGHXjELMX85u8McK3", "44fqbLqAkKK5kEj1FFvuEPYq56XoQQL3ABzCPrqsW3Cv", "585jsthKg9BeTfnFGAxgfNie9krGGyPbd5feMpWneHf7", "4uBrnNZyD2wUkpzytuyfiEYp2eWA3WdxXSbWEQbZzs45", "HieNNSAy9tjtU2mLEcGtgCMViCeZ1881fX7tfezL7wdV", "4VMtKepA6iFwMTJ7bBbdcGxavNRKiDjxxRr1CaB2NnFJ", "G4FdLzuezfaJxBd8eChuw1NU4Sq3n1rasGTwSh7dXegN", "2ftYxoSupperd4ULxy9xyS2Az38wfAe7Lm8FCAPwjjVV", "6cvX4Sgcuw53y8yYXLcpAjZ7fn1VcLKojVS23tor9sVx", "HVwBCaR4GEB1fHrp7xCTzbYoZXL3V8b1aek2swPrmGx3", "E4tyjB3os4jVczLVQ258uxLdcwjuqmhcsPquVWgrpah4", "HorrnsG8RBMv7dhzbgPX4wqcWbUTV5NwV8r59UwTu4CJ", "3m6i4RFWEDw2Ft4tFHPJtYgmpPe21k56M3FHeWYrgGBz", "Gy7cJ4U1nxMA44XXC3hwqkpcxEB1mZTYiwJVkaqZfU7u", "3xcpvBUVV8ALVV4Wod733Vyic3fe8iJAeXDpRdk19Z3p", "5Z7uvkAsHNN6qqkQkwcKcEPYZqiMbFE9E24p7SpvfSrv", "53j4mz7cQV7mAZekKbV3n2L4bY7jY6eXdgaTkWDLYxq4", "9JYpqJfLXgrW8Wqzfd93GvJF73m2jJFjNqpQv3wQtehZ", "C5fiAmQyjdfDR4EGepZqnEL3fJwMBav5yoAk6XyKMF6u", "fqPfDa6uQr9ndMvwaFp4mUBeUrHmLop8Jxfb1XJNmVm", "DPvVSQYhZXQ2ygfT2Qjdg6iyeQVAyiz8okj88YRjy6NN", "GfTeKKnBxeLSB1Hm24ArjduQM4yqaAgoGgiC99gq5E2P", "6kgE1KJcxTux4tkPLE8LL8GRyW2cAsvyZsDFWqCrhHVe", "HN7qfUNM5Q7gQTwyEucmYdCF4CjwUrspj3DbNQ4V8P52", "93FG52TzNKCnMiasV14Ba34BYcHDb9p4zK4GjZnLwqWR", "3PiwrLLyiuWaxS7zJL5znGR9iYD3KWubZThdQzsCdg2e", "6Sfx8ZAt6xaEgMXTahR6GrT7oYB6nFBMoVyCmMyHmeJV", "2LxMbHBHsw74aE3XgfthmUNkdDfUGcSEy3G3D3t642fd", "DPvVSQYhZXQ2ygfT2Qjdg6iyeQVAyiz8okj88YRjy6NN", "3ivZ5AnnUhocgmjiWjT8kDV87S6PpEL3CEHcd3vn2itM", "Hk34ANkHfu4LHJhACMNCPNgGbi5ixpom2e3T7oh7EPDG", "CGCz4mB8NsDddCq6BZToRUDUuktzsAfpKYh6ATgyyCGF", "6Sfx8ZAt6xaEgMXTahR6GrT7oYB6nFBMoVyCmMyHmeJV", "HWDqaKbbNrEsgWPLMeKG39AguefMbHsWcvNSthToXG2t", "9VCioxmni2gDLv11qufWzT3RDERhQE4iY5Gf7NTfYyAV", "5QzgqAbEhJ1cPnLX4tSZEXezmW7sz7PPVVg2VanGi8QQ", "CX7JCXtUTiC43ZA4uzoH7iQBD15jtVwdBNCnjKHt1BrQ", "BmU3Hp9SZn77dUhWuED3ySuV3HenBgCoPZZP58M2ZMCr", "AK6coxSjfAnuDT4ZUSP3UpeQe2G1tKcALnsdd835eg7T", "55722FS8VeAxRghz5h2ARJvNjkFiHyzkZ9BF7CEQWN6E", "EX6r1GdfsgcUsY6cQ6YsToV4RGsb4HKpjrkokK2DrmsS", "JDKJSkxjasBGL3ce1pkrN6tqDzuVUZPWzzkGuyX8m9yN", "4QXWStoyEErTZFVsvKrvxuNa6QT8zpeA8jddZunSGvYE", "HmeJeBKgceqvSBd5XBXZUYECLabnbS1SefLkeJKH8ERK", "4CyhPqyVK3UQHFWhEpk91Aw4WbBsN3JtyosXH6zjoRqG", "8HTDLjhb2esGU5mu11v3pq3eWeFqmvKPkQNCnTTwKAyB", "AowFw1dCVjS8kngvTCoT3oshiUyL69k7P1uxqXwteWH4", "F47c7aJgYkfKXQ9gzrJaEpsNwUKHprysregTWXrtYLFp", "DwYF1yveo8XTF1oqfsqykj332rjSxAd7bR6Gu6i4iUET", "7SAxf2SCJe5c72rZNo4etpGjz5TaEAqi8QkbfpRbouuT", "CXZhzKePYajrZgZyrzgvHYFKK3c5tNgDrRobAgySo8Nb", "Edk1TWipQtsaD8nnBXYQV1CEAiQb1GFtEAKeFZCi2A4C", "3m6i4RFWEDw2Ft4tFHPJtYgmpPe21k56M3FHeWYrgGBz", "EUQQD2fNN7h7su5TbWpUnf22zeGtF3RjEX2hgX2YPfLd", "9VCioxmni2gDLv11qufWzT3RDERhQE4iY5Gf7NTfYyAV", "9Ennia27iT83kNAk3JtRKxSMzuCzsVtT4MzuxpE7anME", "FPQjZYvHRGy51guJ77p7n9u9b8eo1ktKRc2D2g5Vysth", "BXunfRSyiQWJHv88qMvE42mpMpksWEC8Bf13p2msnRms", "CGCz4mB8NsDddCq6BZToRUDUuktzsAfpKYh6ATgyyCGF", "EdB17Nyu4bnEBiSEfFrwvp4VCUvtq9eDJHc6Ujys3Jwd", "6YEQjxkbhfrWV2VdR9zxBJxWYshcMYRs6bpuX1ng2CbP", "5r8RWTaRiMgr9Lph3FTUE3sGb1vymhpCrm83Bovjfcps", "4A3KroGPjZxPAeBNF287V3NyRwV2q8iBi1vX7kHxTCh7", "Dz5Nvxo1hv7Zfyu11hy8e97twLMRKk6heTWCDGXytj7N", "Fqv8vT5fdjvBbHd5k4B4ZvnXLH6bbdKP8cMv93ybCP8W", "FY2JMi1vYz1uayVT2GJ96ysZgpagjhdPRG2upNPtSZsC", "97EqsAGbTnShB7oYWAFFCVVAx8PWXgDYDhcpm99izNQ4", "3BGheQVvYtBNpBKSUXSTjpyKQc3dh8iiwT91Aiq7KYCU", "GqjDJZu9bNCebq5PTUbjRrgw1LK84GEexVjrfYJ76YXc", "BHqLyA9ov1VPNzt8eb5bt75X2Vk1EVKw1d9Qa78Gk5tR", "6VXU2P9BJkuPkfA7FJVonBtAo1c2pGnHoV9rxsdZKZyb", "DpJz7rjTJLxxnuqrqZTUjMWtnaMFAEfZUv5ATdb9HTh1", "EopUQMXT56Lbyg1DKDbc7VAQFcx4QGBKBepZxeKe1sJf", "HsfwxaJdpY5Dvd3ttrrY7YL635T7D9W443XdTwE2Dvbh", "2cHCtAkMnttMh3bNKSCgSKSP5D4yN3p8bfnMdS3VZsDf", "HN7qfUNM5Q7gQTwyEucmYdCF4CjwUrspj3DbNQ4V8P52", "A9J2j1pRB2aPqAbjUTtKy94niSCTuPUrpimfzvpZHKG1", "Eo8x9Y1289GvsuYVwRS2R8HfiWRXxYofL1KYvHK2ZM2o", "Ac442xcU276nb6gJFUCsNYAwAo6KWuw4xocxmG3nvDym", "3RgNWYYcZCKf5uZfriK8ASUbGQErhH6YbpdvZQ7ZKDCf"], owner: [], filters: [], nonempty_txn_signature: None }}, slots: {"client": SubscribeRequestFilterSlots { filter_by_commitment: Some(true), interslot_updates: Some(false) }}, transactions: {}, transactions_status: {}, blocks: {}, blocks_meta: {}, entry: {}, commitment: Some(Processed), accounts_data_slice: [], ping: None, from_slot: None }
[2026-02-12T00:22:58Z INFO  grpc] gRPC subscribed ⚡️
[2026-02-12T00:22:58Z INFO  filler] subscribed gRPC
[2026-02-12T00:22:58Z INFO  filler] subscribed pyth price feeds
[2026-02-12T00:22:58Z INFO  filler] new swift order. uuid=pVXyVWDk, market=5
[2026-02-12T00:22:58Z WARN  keeprs::filler] out of order user update: 399651847 > 0
[2026-02-12T00:22:58Z WARN  keeprs::filler] out of order user update: 399651847 > 0
[2026-02-12T00:22:58Z INFO  filler] found auction crosses. market: 30, prices: [85132], CrossesAndTopMakers { top_maker_asks: [6VrjgEwQzBcYUVLBdYANebcLYA1ZzvfGSbKawjPhdALR, 3Mm43SrgK2PN7SXsrL7BziZEG1H7ev8NRFwPKoADQCaW, 3codT5zuMjVDSkmdKWhFb7DWUp839bQHC7HVehA3bQAH], top_maker_bids: [3codT5zuMjVDSkmdKWhFb7DWUp839bQHC7HVehA3bQAH, Mf6b9nCntRQktb2D8u5x4PBRp9wYeHVeiVvWBWQPG5M, 3codT5zuMjVDSkmdKWhFb7DWUp839bQHC7HVehA3bQAH], limit_crosses: None, vamm_taker_ask: None, vamm_taker_bid: None, crosses: [(L3Order { price: 85132, size: 84884000000000, max_ts: 1770856309, order_id: 29967, kind: Oracle, user: HNLDBTt7XoCdzCeK2urSaTsMaKJDs5Le8oMKqwohwYuQ, flags: 0 }, MakerCrosses { orders: [], slot: 399651950, has_vamm_cross: true, is_partial: true, taker_direction: Short })] }
[2026-02-12T00:22:58Z INFO  filler] try fill auction order: L3Order { price: 85132, size: 84884000000000, max_ts: 1770856309, order_id: 29967, kind: Oracle, user: HNLDBTt7XoCdzCeK2urSaTsMaKJDs5Le8oMKqwohwYuQ, flags: 0 }
[2026-02-12T00:22:58Z INFO  filler] skip vamm cross too small: MakerCrosses { orders: [], slot: 399651950, has_vamm_cross: true, is_partial: true, taker_direction: Short }
[2026-02-12T00:22:59Z INFO  pyth] subscribed feed 0
[2026-02-12T00:22:59Z INFO  pyth] subscribed feed 1
[2026-02-12T00:22:59Z INFO  pyth] subscribed feed 2
[2026-02-12T00:22:59Z INFO  pyth] subscribed feed 3
[2026-02-12T00:22:59Z INFO  pyth] subscribed feed 4
[2026-02-12T00:22:59Z INFO  pyth] subscribed feed 5
[2026-02-12T00:22:59Z INFO  pyth] subscribed feed 6
[2026-02-12T00:22:59Z INFO  pyth] subscribed feed 7
[2026-02-12T00:22:59Z INFO  pyth] subscribed feed 8
[2026-02-12T00:22:59Z INFO  pyth] subscribed feed 9
[2026-02-12T00:22:59Z INFO  pyth] subscribed feed 10
[2026-02-12T00:22:59Z INFO  pyth] subscribed feed 11
[2026-02-12T00:22:59Z INFO  pyth] subscribed feed 12
[2026-02-12T00:22:59Z INFO  pyth] subscribed feed 13
[2026-02-12T00:22:59Z INFO  pyth] subscribed feed 14
[2026-02-12T00:22:59Z INFO  pyth] subscribed feed 15
[2026-02-12T00:22:59Z INFO  pyth] subscribed feed 16
[2026-02-12T00:22:59Z INFO  pyth] subscribed feed 17
[2026-02-12T00:22:59Z INFO  pyth] subscribed feed 18
[2026-02-12T00:22:59Z INFO  pyth] subscribed feed 19
[2026-02-12T00:22:59Z INFO  pyth] subscribed feed 20
[2026-02-12T00:22:59Z INFO  pyth] subscribed feed 21
[2026-02-12T00:22:59Z INFO  pyth] subscribed feed 22
[2026-02-12T00:22:59Z INFO  pyth] subscribed feed 23
[2026-02-12T00:22:59Z INFO  pyth] subscribed feed 24
[2026-02-12T00:22:59Z INFO  pyth] subscribed feed 25
[2026-02-12T00:22:59Z INFO  pyth] subscribed feed 26
[2026-02-12T00:22:59Z INFO  pyth] subscribed feed 27
[2026-02-12T00:22:59Z INFO  pyth] subscribed feed 28
[2026-02-12T00:22:59Z INFO  pyth] subscribed feed 29
[2026-02-12T00:22:59Z INFO  pyth] subscribed feed 30
[2026-02-12T00:22:59Z INFO  pyth] subscribed feed 31
[2026-02-12T00:22:59Z INFO  pyth] subscribed feed 32
[2026-02-12T00:22:59Z INFO  pyth] subscribed feed 33
[2026-02-12T00:22:59Z INFO  pyth] subscribed feed 34
[2026-02-12T00:22:59Z INFO  pyth] subscribed feed 35
[2026-02-12T00:22:59Z INFO  pyth] subscribed feed 36
[2026-02-12T00:22:59Z INFO  pyth] subscribed feed 37
[2026-02-12T00:22:59Z INFO  pyth] subscribed feed 38
[2026-02-12T00:22:59Z INFO  pyth] subscribed feed 39
[2026-02-12T00:22:59Z INFO  pyth] subscribed feed 40
[2026-02-12T00:22:59Z INFO  pyth] subscribed feed 41
[2026-02-12T00:22:59Z INFO  pyth] subscribed feed 42
[2026-02-12T00:22:59Z INFO  filler] found auction crosses. market: 30, prices: [85132], CrossesAndTopMakers { top_maker_asks: [6VrjgEwQzBcYUVLBdYANebcLYA1ZzvfGSbKawjPhdALR, 3Mm43SrgK2PN7SXsrL7BziZEG1H7ev8NRFwPKoADQCaW, 3codT5zuMjVDSkmdKWhFb7DWUp839bQHC7HVehA3bQAH], top_maker_bids: [3codT5zuMjVDSkmdKWhFb7DWUp839bQHC7HVehA3bQAH, Mf6b9nCntRQktb2D8u5x4PBRp9wYeHVeiVvWBWQPG5M, 3codT5zuMjVDSkmdKWhFb7DWUp839bQHC7HVehA3bQAH], limit_crosses: None, vamm_taker_ask: None, vamm_taker_bid: None, crosses: [(L3Order { price: 85132, size: 84884000000000, max_ts: 1770856309, order_id: 29967, kind: Oracle, user: HNLDBTt7XoCdzCeK2urSaTsMaKJDs5Le8oMKqwohwYuQ, flags: 0 }, MakerCrosses { orders: [], slot: 399651951, has_vamm_cross: true, is_partial: true, taker_direction: Short })] }
[2026-02-12T00:22:59Z INFO  filler] try fill auction order: L3Order { price: 85132, size: 84884000000000, max_ts: 1770856309, order_id: 29967, kind: Oracle, user: HNLDBTt7XoCdzCeK2urSaTsMaKJDs5Le8oMKqwohwYuQ, flags: 0 }
[2026-02-12T00:22:59Z INFO  filler] skip vamm cross too small: MakerCrosses { orders: [], slot: 399651951, has_vamm_cross: true, is_partial: true, taker_direction: Short }
[2026-02-12T00:22:59Z INFO  pyth] subscribed feed 43
[2026-02-12T00:22:59Z INFO  pyth] subscribed feed 44
[2026-02-12T00:22:59Z INFO  pyth] subscribed feed 45
[2026-02-12T00:22:59Z INFO  pyth] subscribed feed 46
[2026-02-12T00:22:59Z INFO  pyth] subscribed feed 47
[2026-02-12T00:22:59Z INFO  pyth] subscribed feed 48
[2026-02-12T00:22:59Z INFO  pyth] subscribed feed 49
[2026-02-12T00:22:59Z INFO  pyth] subscribed feed 50
[2026-02-12T00:22:59Z INFO  pyth] subscribed feed 51
[2026-02-12T00:23:00Z INFO  filler] found auction crosses. market: 30, prices: [85137], CrossesAndTopMakers { top_maker_asks: [3codT5zuMjVDSkmdKWhFb7DWUp839bQHC7HVehA3bQAH, 82QAVT9Lc4rtaZvLF5984zJTACdQembq4Ma8CWgv4zzd, 3codT5zuMjVDSkmdKWhFb7DWUp839bQHC7HVehA3bQAH], top_maker_bids: [3codT5zuMjVDSkmdKWhFb7DWUp839bQHC7HVehA3bQAH, Mf6b9nCntRQktb2D8u5x4PBRp9wYeHVeiVvWBWQPG5M, 3codT5zuMjVDSkmdKWhFb7DWUp839bQHC7HVehA3bQAH], limit_crosses: None, vamm_taker_ask: None, vamm_taker_bid: None, crosses: [(L3Order { price: 85137, size: 84884000000000, max_ts: 1770856309, order_id: 29967, kind: Oracle, user: HNLDBTt7XoCdzCeK2urSaTsMaKJDs5Le8oMKqwohwYuQ, flags: 0 }, MakerCrosses { orders: [], slot: 399651956, has_vamm_cross: true, is_partial: true, taker_direction: Short })] }
[2026-02-12T00:23:00Z INFO  filler] try fill auction order: L3Order { price: 85137, size: 84884000000000, max_ts: 1770856309, order_id: 29967, kind: Oracle, user: HNLDBTt7XoCdzCeK2urSaTsMaKJDs5Le8oMKqwohwYuQ, flags: 0 }
[2026-02-12T00:23:00Z INFO  filler] skip vamm cross too small: MakerCrosses { orders: [], slot: 399651956, has_vamm_cross: true, is_partial: true, taker_direction: Short }
[2026-02-12T00:23:01Z INFO  filler] found auction crosses. market: 30, prices: [85137], CrossesAndTopMakers { top_maker_asks: [3codT5zuMjVDSkmdKWhFb7DWUp839bQHC7HVehA3bQAH, 82QAVT9Lc4rtaZvLF5984zJTACdQembq4Ma8CWgv4zzd, 3codT5zuMjVDSkmdKWhFb7DWUp839bQHC7HVehA3bQAH], top_maker_bids: [3codT5zuMjVDSkmdKWhFb7DWUp839bQHC7HVehA3bQAH, Mf6b9nCntRQktb2D8u5x4PBRp9wYeHVeiVvWBWQPG5M, 3codT5zuMjVDSkmdKWhFb7DWUp839bQHC7HVehA3bQAH], limit_crosses: None, vamm_taker_ask: None, vamm_taker_bid: None, crosses: [(L3Order { price: 85137, size: 84884000000000, max_ts: 1770856309, order_id: 29967, kind: Oracle, user: HNLDBTt7XoCdzCeK2urSaTsMaKJDs5Le8oMKqwohwYuQ, flags: 0 }, MakerCrosses { orders: [], slot: 399651957, has_vamm_cross: true, is_partial: true, taker_direction: Short })] }
[2026-02-12T00:23:01Z INFO  filler] try fill auction order: L3Order { price: 85137, size: 84884000000000, max_ts: 1770856309, order_id: 29967, kind: Oracle, user: HNLDBTt7XoCdzCeK2urSaTsMaKJDs5Le8oMKqwohwYuQ, flags: 0 }
[2026-02-12T00:23:01Z INFO  filler] skip vamm cross too small: MakerCrosses { orders: [], slot: 399651957, has_vamm_cross: true, is_partial: true, taker_direction: Short }
[2026-02-12T00:23:03Z INFO  filler] found auction crosses. market: 30, prices: [85139], CrossesAndTopMakers { top_maker_asks: [3codT5zuMjVDSkmdKWhFb7DWUp839bQHC7HVehA3bQAH, 82QAVT9Lc4rtaZvLF5984zJTACdQembq4Ma8CWgv4zzd, 3codT5zuMjVDSkmdKWhFb7DWUp839bQHC7HVehA3bQAH], top_maker_bids: [3codT5zuMjVDSkmdKWhFb7DWUp839bQHC7HVehA3bQAH, Mf6b9nCntRQktb2D8u5x4PBRp9wYeHVeiVvWBWQPG5M, 3codT5zuMjVDSkmdKWhFb7DWUp839bQHC7HVehA3bQAH], limit_crosses: None, vamm_taker_ask: None, vamm_taker_bid: None, crosses: [(L3Order { price: 85139, size: 84884000000000, max_ts: 1770856309, order_id: 29967, kind: Oracle, user: HNLDBTt7XoCdzCeK2urSaTsMaKJDs5Le8oMKqwohwYuQ, flags: 0 }, MakerCrosses { orders: [], slot: 399651962, has_vamm_cross: true, is_partial: true, taker_direction: Short })] }
[2026-02-12T00:23:03Z INFO  filler] try fill auction order: L3Order { price: 85139, size: 84884000000000, max_ts: 1770856309, order_id: 29967, kind: Oracle, user: HNLDBTt7XoCdzCeK2urSaTsMaKJDs5Le8oMKqwohwYuQ, flags: 0 }
[2026-02-12T00:23:03Z INFO  filler] skip vamm cross too small: MakerCrosses { orders: [], slot: 399651962, has_vamm_cross: true, is_partial: true, taker_direction: Short }
[2026-02-12T00:23:03Z INFO  filler] found auction crosses. market: 30, prices: [85140], CrossesAndTopMakers { top_maker_asks: [3codT5zuMjVDSkmdKWhFb7DWUp839bQHC7HVehA3bQAH, 82QAVT9Lc4rtaZvLF5984zJTACdQembq4Ma8CWgv4zzd, 3codT5zuMjVDSkmdKWhFb7DWUp839bQHC7HVehA3bQAH], top_maker_bids: [3codT5zuMjVDSkmdKWhFb7DWUp839bQHC7HVehA3bQAH, Mf6b9nCntRQktb2D8u5x4PBRp9wYeHVeiVvWBWQPG5M, 3codT5zuMjVDSkmdKWhFb7DWUp839bQHC7HVehA3bQAH], limit_crosses: None, vamm_taker_ask: None, vamm_taker_bid: None, crosses: [(L3Order { price: 85140, size: 84884000000000, max_ts: 1770856309, order_id: 29967, kind: Oracle, user: HNLDBTt7XoCdzCeK2urSaTsMaKJDs5Le8oMKqwohwYuQ, flags: 0 }, MakerCrosses { orders: [], slot: 399651963, has_vamm_cross: true, is_partial: true, taker_direction: Short })] }
[2026-02-12T00:23:03Z INFO  filler] try fill auction order: L3Order { price: 85140, size: 84884000000000, max_ts: 1770856309, order_id: 29967, kind: Oracle, user: HNLDBTt7XoCdzCeK2urSaTsMaKJDs5Le8oMKqwohwYuQ, flags: 0 }
[2026-02-12T00:23:03Z INFO  filler] skip vamm cross too small: MakerCrosses { orders: [], slot: 399651963, has_vamm_cross: true, is_partial: true, taker_direction: Short }
[2026-02-12T00:23:05Z INFO  filler] new swift order. uuid=DYxIhFqU, market=66
Updating auction start price to -11154
Updating auction end price to 43300
Updating auction duration to 180
[2026-02-12T00:23:06Z INFO  filler] new swift order. uuid=mmp7OS87, market=1
[2026-02-12T00:23:23Z INFO  filler] new swift order. uuid=rgX_qX_R, market=66
Updating auction start price to -10797
Updating auction end price to 43278
Updating auction duration to 180
[2026-02-12T00:23:24Z INFO  filler] new swift order. uuid=SwL2p2iq, market=1
[2026-02-12T00:23:40Z INFO  filler] new swift order. uuid=ycG9UOq6, market=66
Updating auction start price to -10336
Updating auction end price to 43286
Updating auction duration to 180
[2026-02-12T00:23:55Z INFO  filler] new swift order. uuid=eJtxVGUv, market=66
Updating auction start price to -10107
Updating auction end price to 43285
Updating auction duration to 180
[2026-02-12T00:24:01Z INFO  filler] new swift order. uuid=T_IbbCR7, market=5
[2026-02-12T00:24:01Z INFO  filler] found resting cross. crosses=MakerCrosses { orders: [], slot: 399652115, has_vamm_cross: true, is_partial: true, taker_direction: Long }
[2026-02-12T00:24:01Z INFO  filler] try fill swift order: T_IbbCR7
[2026-02-12T00:24:01Z INFO  filler] {"intent": "swift_fill", "txn": "2UrTWbg3J7aFqBR7famFJkFjyJ6zHrcs75UUAiiqgFcQQc6fAvcEuyfCwy5tJtPJjwmVQzUqzEYhFCAhoSDut5x5", "observed_slot": 399652115}
[2026-02-12T00:24:04Z INFO  filler] found auction crosses. market: 66, prices: [929859], CrossesAndTopMakers { top_maker_asks: [6Sj2pANYgR8ifdRALwxZTtT3s6SZ5Ui6gUyXg5ATaLnE, 4CYqhgkw5YDV6CtKph6dAHWiHFSkr6PdEvbmgJs51j91, CR3sz1dJ1N6t9KPGmcRiQDbQrWoSdKhn7PkxY4cGT5u3], top_maker_bids: [CR3sz1dJ1N6t9KPGmcRiQDbQrWoSdKhn7PkxY4cGT5u3, CR3sz1dJ1N6t9KPGmcRiQDbQrWoSdKhn7PkxY4cGT5u3, 5hJa6iHPeTFbwKnVDwNFpCns4Dt9tWhPSj6GmEJYJtBY], limit_crosses: None, vamm_taker_ask: None, vamm_taker_bid: None, crosses: [(L3Order { price: 929859, size: 2000000000000, max_ts: 1770855935, order_id: 573, kind: Oracle, user: 6o6ujPoBJUPEbvoTbLEtXKfvDUtcwARjrXC11eRB9gG, flags: 2 }, MakerCrosses { orders: [], slot: 399652123, has_vamm_cross: true, is_partial: true, taker_direction: Long })] }
[2026-02-12T00:24:04Z INFO  filler] try fill auction order: L3Order { price: 929859, size: 2000000000000, max_ts: 1770855935, order_id: 573, kind: Oracle, user: 6o6ujPoBJUPEbvoTbLEtXKfvDUtcwARjrXC11eRB9gG, flags: 2 }
[2026-02-12T00:24:04Z INFO  filler] {"intent": "auction_fill_vamm", "txn": "4N8AQ5GsDUsJURxpMbrzepG4VFLkQMMF29rYRBn38A7SUBGxCkXHkwUkzMjAJAQQ3MXABn4dqzvBH7PcgJ3mJrpN", "observed_slot": 399652123}
[2026-02-12T00:24:07Z WARN  dlob] remove order failed: 18308274998733401992 not removed. kind: Oracle, user: pGr2WpdDowT21MLj7GWNRLduUcdshVqj4AeZbi98Jy1, order_id: 5016
[2026-02-12T00:24:11Z INFO  filler] new swift order. uuid=Qevul8Zu, market=66
Updating auction start price to -9895
Updating auction end price to 43296
Updating auction duration to 180
[2026-02-12T00:24:16Z INFO  filler] new swift order. uuid=3moP49cj, market=5
[2026-02-12T00:24:16Z INFO  filler] found resting cross. crosses=MakerCrosses { orders: [], slot: 399652154, has_vamm_cross: true, is_partial: true, taker_direction: Long }
[2026-02-12T00:24:16Z INFO  filler] try fill swift order: 3moP49cj
[2026-02-12T00:24:16Z INFO  filler] {"intent": "swift_fill", "txn": "MnbM1jzz2fUkZJHmKPL1SFv9Hd27HLL1fMCgqGqSyxGSQDtjXp9nArumq7bW6145WCysyrNmzcvZLoRg9PrFfYp", "observed_slot": 399652154}
[2026-02-12T00:24:28Z INFO  filler] new swift order. uuid=eF6eJZqc, market=0
Updating auction start price to -192400
Updating auction duration to 32
[2026-02-12T00:24:54Z INFO  filler] found auction crosses. market: 61, prices: [0], CrossesAndTopMakers { top_maker_asks: [CfELWppmk5iNNJ1pbix32X9DzPF1R8z9cqZyuhgScRSe, 6xjDCa6fpehWBQzEdDQW3Gv1kum3VzVKzZpXG4AKckJK, 73kMT9GhAAUgAz5TXoFLqqMtw4jRkn57MCEcoGdLCGxU], top_maker_bids: [6xjDCa6fpehWBQzEdDQW3Gv1kum3VzVKzZpXG4AKckJK], limit_crosses: None, vamm_taker_ask: None, vamm_taker_bid: None, crosses: [(L3Order { price: 0, size: 657000000000, max_ts: 1770855915, order_id: 5018, kind: Oracle, user: pGr2WpdDowT21MLj7GWNRLduUcdshVqj4AeZbi98Jy1, flags: 1 }, MakerCrosses { orders: [(L3Order { price: 115501, size: 37632000000000, max_ts: 0, order_id: 34220773, kind: FloatingLimit, user: 6xjDCa6fpehWBQzEdDQW3Gv1kum3VzVKzZpXG4AKckJK, flags: 2 }, 657000000000)], slot: 399652252, has_vamm_cross: true, is_partial: false, taker_direction: Short })] }
[2026-02-12T00:24:54Z INFO  filler] try fill auction order: L3Order { price: 0, size: 657000000000, max_ts: 1770855915, order_id: 5018, kind: Oracle, user: pGr2WpdDowT21MLj7GWNRLduUcdshVqj4AeZbi98Jy1, flags: 1 }
[2026-02-12T00:24:54Z INFO  filler] skip vamm cross too small: MakerCrosses { orders: [(L3Order { price: 115501, size: 37632000000000, max_ts: 0, order_id: 34220773, kind: FloatingLimit, user: 6xjDCa6fpehWBQzEdDQW3Gv1kum3VzVKzZpXG4AKckJK, flags: 2 }, 657000000000)], slot: 399652252, has_vamm_cross: true, is_partial: false, taker_direction: Short }
[2026-02-12T00:24:54Z INFO  filler] found limit crosses (market: 61), top bid: Some(L3Order { price: 115501, size: 37632000000000, max_ts: 0, order_id: 34220773, kind: FloatingLimit, user: 6xjDCa6fpehWBQzEdDQW3Gv1kum3VzVKzZpXG4AKckJK, flags: 2 }), top ask: Some(L3Order { price: 0, size: 657000000000, max_ts: 1770855915, order_id: 5018, kind: Oracle, user: pGr2WpdDowT21MLj7GWNRLduUcdshVqj4AeZbi98Jy1, flags: 1 })
[2026-02-12T00:24:54Z INFO  filler] try uncross book=61,slot=399652253
[2026-02-12T00:24:54Z INFO  filler] {"intent": "limit_uncross", "txn": "2TebMhY6wuXuKRwAywn34pHgptvw8Xp92ED96wNqSQ8NWdxmXQq8jVVgfqcEGmc6pCY42FGgXHsKGkfypS75fiRe", "observed_slot": 399652253}
[2026-02-12T00:24:54Z INFO  filler] {"intent": "limit_uncross", "txn": "54tnmjKdjC6hLWeQiyWUZUedup3vkNJdd9st5MGZpsp4yyrwSVjVA7r6Mc94Ld6edswRSG4r3pjnLzE1CeqMkouJ", "observed_slot": 399652253}
[2026-02-12T00:24:55Z INFO  filler] found auction crosses. market: 61, prices: [0], CrossesAndTopMakers { top_maker_asks: [CfELWppmk5iNNJ1pbix32X9DzPF1R8z9cqZyuhgScRSe, 6xjDCa6fpehWBQzEdDQW3Gv1kum3VzVKzZpXG4AKckJK, 73kMT9GhAAUgAz5TXoFLqqMtw4jRkn57MCEcoGdLCGxU], top_maker_bids: [6xjDCa6fpehWBQzEdDQW3Gv1kum3VzVKzZpXG4AKckJK], limit_crosses: None, vamm_taker_ask: None, vamm_taker_bid: None, crosses: [(L3Order { price: 0, size: 657000000000, max_ts: 1770855915, order_id: 5018, kind: Oracle, user: pGr2WpdDowT21MLj7GWNRLduUcdshVqj4AeZbi98Jy1, flags: 1 }, MakerCrosses { orders: [(L3Order { price: 115501, size: 37632000000000, max_ts: 0, order_id: 34220773, kind: FloatingLimit, user: 6xjDCa6fpehWBQzEdDQW3Gv1kum3VzVKzZpXG4AKckJK, flags: 2 }, 657000000000)], slot: 399652253, has_vamm_cross: true, is_partial: false, taker_direction: Short })] }
[2026-02-12T00:24:55Z INFO  filler] try fill auction order: L3Order { price: 0, size: 657000000000, max_ts: 1770855915, order_id: 5018, kind: Oracle, user: pGr2WpdDowT21MLj7GWNRLduUcdshVqj4AeZbi98Jy1, flags: 1 }
[2026-02-12T00:24:55Z INFO  filler] skip vamm cross too small: MakerCrosses { orders: [(L3Order { price: 115501, size: 37632000000000, max_ts: 0, order_id: 34220773, kind: FloatingLimit, user: 6xjDCa6fpehWBQzEdDQW3Gv1kum3VzVKzZpXG4AKckJK, flags: 2 }, 657000000000)], slot: 399652253, has_vamm_cross: true, is_partial: false, taker_direction: Short }
[2026-02-12T00:24:55Z INFO  filler] found limit crosses (market: 61), top bid: Some(L3Order { price: 115501, size: 37632000000000, max_ts: 0, order_id: 34220773, kind: FloatingLimit, user: 6xjDCa6fpehWBQzEdDQW3Gv1kum3VzVKzZpXG4AKckJK, flags: 2 }), top ask: Some(L3Order { price: 0, size: 657000000000, max_ts: 1770855915, order_id: 5018, kind: Oracle, user: pGr2WpdDowT21MLj7GWNRLduUcdshVqj4AeZbi98Jy1, flags: 1 })
[2026-02-12T00:24:55Z INFO  filler] try uncross book=61,slot=399652255
[2026-02-12T00:24:55Z INFO  filler] {"intent": "limit_uncross", "txn": "28rHawNqutxiGLqsEpGASZdsdQffGTe2e3x9jDFFxbH5DUG6UhEdfvrRpAZCQfFhZyVQDpjFB2gFSL3Yggr18xiG", "observed_slot": 399652255}
[2026-02-12T00:24:55Z INFO  filler] {"intent": "limit_uncross", "txn": "2Rd9D3EANxgE2BEXsJEbp1ppFxCRfCMaeyU9k88WLQvANS9PEDmANYV9ZYcVNkqsyzR6JcvmzGFGZm7wEmbZqzSK", "observed_slot": 399652255}
[2026-02-12T00:24:56Z INFO  filler] found limit crosses (market: 61), top bid: Some(L3Order { price: 115501, size: 37632000000000, max_ts: 0, order_id: 34220773, kind: FloatingLimit, user: 6xjDCa6fpehWBQzEdDQW3Gv1kum3VzVKzZpXG4AKckJK, flags: 2 }), top ask: Some(L3Order { price: 0, size: 657000000000, max_ts: 1770855915, order_id: 5018, kind: Oracle, user: pGr2WpdDowT21MLj7GWNRLduUcdshVqj4AeZbi98Jy1, flags: 1 })
[2026-02-12T00:24:56Z INFO  filler] try uncross book=61,slot=399652257
[2026-02-12T00:24:56Z INFO  filler] {"intent": "limit_uncross", "txn": "28rHawNqutxiGLqsEpGASZdsdQffGTe2e3x9jDFFxbH5DUG6UhEdfvrRpAZCQfFhZyVQDpjFB2gFSL3Yggr18xiG", "observed_slot": 399652257}
[2026-02-12T00:24:56Z INFO  filler] {"intent": "limit_uncross", "txn": "2Rd9D3EANxgE2BEXsJEbp1ppFxCRfCMaeyU9k88WLQvANS9PEDmANYV9ZYcVNkqsyzR6JcvmzGFGZm7wEmbZqzSK", "observed_slot": 399652257}
[2026-02-12T00:24:56Z INFO  filler] found auction crosses. market: 61, prices: [0], CrossesAndTopMakers { top_maker_asks: [CfELWppmk5iNNJ1pbix32X9DzPF1R8z9cqZyuhgScRSe, 6xjDCa6fpehWBQzEdDQW3Gv1kum3VzVKzZpXG4AKckJK, 73kMT9GhAAUgAz5TXoFLqqMtw4jRkn57MCEcoGdLCGxU], top_maker_bids: [6xjDCa6fpehWBQzEdDQW3Gv1kum3VzVKzZpXG4AKckJK], limit_crosses: None, vamm_taker_ask: None, vamm_taker_bid: None, crosses: [(L3Order { price: 0, size: 657000000000, max_ts: 1770855915, order_id: 5018, kind: Oracle, user: pGr2WpdDowT21MLj7GWNRLduUcdshVqj4AeZbi98Jy1, flags: 1 }, MakerCrosses { orders: [(L3Order { price: 115502, size: 37632000000000, max_ts: 0, order_id: 34220773, kind: FloatingLimit, user: 6xjDCa6fpehWBQzEdDQW3Gv1kum3VzVKzZpXG4AKckJK, flags: 2 }, 657000000000)], slot: 399652258, has_vamm_cross: true, is_partial: false, taker_direction: Short })] }
[2026-02-12T00:24:56Z INFO  filler] try fill auction order: L3Order { price: 0, size: 657000000000, max_ts: 1770855915, order_id: 5018, kind: Oracle, user: pGr2WpdDowT21MLj7GWNRLduUcdshVqj4AeZbi98Jy1, flags: 1 }
[2026-02-12T00:24:56Z INFO  filler] skip vamm cross too small: MakerCrosses { orders: [(L3Order { price: 115502, size: 37632000000000, max_ts: 0, order_id: 34220773, kind: FloatingLimit, user: 6xjDCa6fpehWBQzEdDQW3Gv1kum3VzVKzZpXG4AKckJK, flags: 2 }, 657000000000)], slot: 399652258, has_vamm_cross: true, is_partial: false, taker_direction: Short }
[2026-02-12T00:24:56Z INFO  filler] found limit crosses (market: 61), top bid: Some(L3Order { price: 115502, size: 37632000000000, max_ts: 0, order_id: 34220773, kind: FloatingLimit, user: 6xjDCa6fpehWBQzEdDQW3Gv1kum3VzVKzZpXG4AKckJK, flags: 2 }), top ask: Some(L3Order { price: 0, size: 657000000000, max_ts: 1770855915, order_id: 5018, kind: Oracle, user: pGr2WpdDowT21MLj7GWNRLduUcdshVqj4AeZbi98Jy1, flags: 1 })
[2026-02-12T00:24:56Z INFO  filler] try uncross book=61,slot=399652259
[2026-02-12T00:24:56Z INFO  filler] {"intent": "limit_uncross", "txn": "28rHawNqutxiGLqsEpGASZdsdQffGTe2e3x9jDFFxbH5DUG6UhEdfvrRpAZCQfFhZyVQDpjFB2gFSL3Yggr18xiG", "observed_slot": 399652259}
[2026-02-12T00:24:56Z INFO  filler] {"intent": "limit_uncross", "txn": "2Rd9D3EANxgE2BEXsJEbp1ppFxCRfCMaeyU9k88WLQvANS9PEDmANYV9ZYcVNkqsyzR6JcvmzGFGZm7wEmbZqzSK", "observed_slot": 399652259}
[2026-02-12T00:24:57Z INFO  filler] found auction crosses. market: 61, prices: [0], CrossesAndTopMakers { top_maker_asks: [CfELWppmk5iNNJ1pbix32X9DzPF1R8z9cqZyuhgScRSe, 6xjDCa6fpehWBQzEdDQW3Gv1kum3VzVKzZpXG4AKckJK, 73kMT9GhAAUgAz5TXoFLqqMtw4jRkn57MCEcoGdLCGxU], top_maker_bids: [6xjDCa6fpehWBQzEdDQW3Gv1kum3VzVKzZpXG4AKckJK], limit_crosses: None, vamm_taker_ask: None, vamm_taker_bid: None, crosses: [(L3Order { price: 0, size: 657000000000, max_ts: 1770855915, order_id: 5018, kind: Oracle, user: pGr2WpdDowT21MLj7GWNRLduUcdshVqj4AeZbi98Jy1, flags: 1 }, MakerCrosses { orders: [(L3Order { price: 115502, size: 37632000000000, max_ts: 0, order_id: 34220773, kind: FloatingLimit, user: 6xjDCa6fpehWBQzEdDQW3Gv1kum3VzVKzZpXG4AKckJK, flags: 2 }, 657000000000)], slot: 399652259, has_vamm_cross: true, is_partial: false, taker_direction: Short })] }
[2026-02-12T00:24:57Z INFO  filler] try fill auction order: L3Order { price: 0, size: 657000000000, max_ts: 1770855915, order_id: 5018, kind: Oracle, user: pGr2WpdDowT21MLj7GWNRLduUcdshVqj4AeZbi98Jy1, flags: 1 }
[2026-02-12T00:24:57Z INFO  filler] skip vamm cross too small: MakerCrosses { orders: [(L3Order { price: 115502, size: 37632000000000, max_ts: 0, order_id: 34220773, kind: FloatingLimit, user: 6xjDCa6fpehWBQzEdDQW3Gv1kum3VzVKzZpXG4AKckJK, flags: 2 }, 657000000000)], slot: 399652259, has_vamm_cross: true, is_partial: false, taker_direction: Short }
[2026-02-12T00:24:57Z INFO  filler] found limit crosses (market: 61), top bid: Some(L3Order { price: 115502, size: 37632000000000, max_ts: 0, order_id: 34220773, kind: FloatingLimit, user: 6xjDCa6fpehWBQzEdDQW3Gv1kum3VzVKzZpXG4AKckJK, flags: 2 }), top ask: Some(L3Order { price: 0, size: 657000000000, max_ts: 1770855915, order_id: 5018, kind: Oracle, user: pGr2WpdDowT21MLj7GWNRLduUcdshVqj4AeZbi98Jy1, flags: 1 })
[2026-02-12T00:24:57Z INFO  filler] try uncross book=61,slot=399652261
[2026-02-12T00:24:57Z INFO  filler] {"intent": "limit_uncross", "txn": "eajaBpWn7E5K7HKmV2ShQeAs3oLY1cs8yELprKcWMXTwnb9nwuvKrWy3nbHKGdrn1Wrrr26x4eE1fDzWuXzYbxe", "observed_slot": 399652261}
[2026-02-12T00:24:57Z INFO  filler] {"intent": "limit_uncross", "txn": "KwdkmE1GK7tBDrF2xadppfkMZmKBEy6SApsfVmC9JwV5ZQ71quHfWdsFCnBygwLRxJmpbminpxcmqTHugaCbmsi", "observed_slot": 399652261}
[2026-02-12T00:24:58Z INFO  filler] new swift order. uuid=WZoKC4O6, market=5
[2026-02-12T00:24:58Z INFO  filler] found resting cross. crosses=MakerCrosses { orders: [], slot: 399652262, has_vamm_cross: true, is_partial: true, taker_direction: Long }
[2026-02-12T00:24:58Z INFO  filler] try fill swift order: WZoKC4O6
[2026-02-12T00:24:58Z INFO  filler] {"intent": "swift_fill", "txn": "3XwmV345spNKo5FSqS6C3pCMA3XwWofgJG2du7sUZp7xkj7WXTMwB7oXjcXHDijeNizwMPLfEA6xgtmZ2gyzrkVf", "observed_slot": 399652262}
[2026-02-12T00:24:58Z INFO  filler] found limit crosses (market: 61), top bid: Some(L3Order { price: 115502, size: 37632000000000, max_ts: 0, order_id: 34220773, kind: FloatingLimit, user: 6xjDCa6fpehWBQzEdDQW3Gv1kum3VzVKzZpXG4AKckJK, flags: 2 }), top ask: Some(L3Order { price: 0, size: 657000000000, max_ts: 1770855915, order_id: 5018, kind: Oracle, user: pGr2WpdDowT21MLj7GWNRLduUcdshVqj4AeZbi98Jy1, flags: 1 })
[2026-02-12T00:24:58Z INFO  filler] try uncross book=61,slot=399652263
[2026-02-12T00:24:58Z INFO  filler] {"intent": "limit_uncross", "txn": "eajaBpWn7E5K7HKmV2ShQeAs3oLY1cs8yELprKcWMXTwnb9nwuvKrWy3nbHKGdrn1Wrrr26x4eE1fDzWuXzYbxe", "observed_slot": 399652263}
[2026-02-12T00:24:58Z INFO  filler] {"intent": "limit_uncross", "txn": "KwdkmE1GK7tBDrF2xadppfkMZmKBEy6SApsfVmC9JwV5ZQ71quHfWdsFCnBygwLRxJmpbminpxcmqTHugaCbmsi", "observed_slot": 399652263}
[2026-02-12T00:24:59Z INFO  filler] found auction crosses. market: 61, prices: [0], CrossesAndTopMakers { top_maker_asks: [CfELWppmk5iNNJ1pbix32X9DzPF1R8z9cqZyuhgScRSe, 6xjDCa6fpehWBQzEdDQW3Gv1kum3VzVKzZpXG4AKckJK, 73kMT9GhAAUgAz5TXoFLqqMtw4jRkn57MCEcoGdLCGxU], top_maker_bids: [6xjDCa6fpehWBQzEdDQW3Gv1kum3VzVKzZpXG4AKckJK], limit_crosses: None, vamm_taker_ask: None, vamm_taker_bid: None, crosses: [(L3Order { price: 0, size: 657000000000, max_ts: 1770855915, order_id: 5018, kind: Oracle, user: pGr2WpdDowT21MLj7GWNRLduUcdshVqj4AeZbi98Jy1, flags: 1 }, MakerCrosses { orders: [(L3Order { price: 115501, size: 37632000000000, max_ts: 0, order_id: 34220773, kind: FloatingLimit, user: 6xjDCa6fpehWBQzEdDQW3Gv1kum3VzVKzZpXG4AKckJK, flags: 2 }, 657000000000)], slot: 399652264, has_vamm_cross: true, is_partial: false, taker_direction: Short })] }
[2026-02-12T00:24:59Z INFO  filler] try fill auction order: L3Order { price: 0, size: 657000000000, max_ts: 1770855915, order_id: 5018, kind: Oracle, user: pGr2WpdDowT21MLj7GWNRLduUcdshVqj4AeZbi98Jy1, flags: 1 }
[2026-02-12T00:24:59Z INFO  filler] skip vamm cross too small: MakerCrosses { orders: [(L3Order { price: 115501, size: 37632000000000, max_ts: 0, order_id: 34220773, kind: FloatingLimit, user: 6xjDCa6fpehWBQzEdDQW3Gv1kum3VzVKzZpXG4AKckJK, flags: 2 }, 657000000000)], slot: 399652264, has_vamm_cross: true, is_partial: false, taker_direction: Short }
[2026-02-12T00:24:59Z INFO  filler] found limit crosses (market: 61), top bid: Some(L3Order { price: 115501, size: 37632000000000, max_ts: 0, order_id: 34220773, kind: FloatingLimit, user: 6xjDCa6fpehWBQzEdDQW3Gv1kum3VzVKzZpXG4AKckJK, flags: 2 }), top ask: Some(L3Order { price: 0, size: 657000000000, max_ts: 1770855915, order_id: 5018, kind: Oracle, user: pGr2WpdDowT21MLj7GWNRLduUcdshVqj4AeZbi98Jy1, flags: 1 })
[2026-02-12T00:24:59Z INFO  filler] try uncross book=61,slot=399652265
[2026-02-12T00:24:59Z INFO  filler] {"intent": "limit_uncross", "txn": "JQGFUEAYQRjfMYzU9VoKBLSx7wPsLUj784G3T6aoZZzrNyQ4QNWGjCiifvbsSvt3wDDJQrsYzApqbQf6MZJsxub", "observed_slot": 399652265}
[2026-02-12T00:24:59Z INFO  filler] {"intent": "limit_uncross", "txn": "4gkhgfnT22PByHQJrNGqmWhhSZjnhmEGL7sXkVvzVLwJB5Gn2c38mXT9zLiHpNXvSTw7wLY5AXSEbPdRNEwjVGsY", "observed_slot": 399652265}
[2026-02-12T00:24:59Z INFO  filler] found auction crosses. market: 61, prices: [0], CrossesAndTopMakers { top_maker_asks: [CfELWppmk5iNNJ1pbix32X9DzPF1R8z9cqZyuhgScRSe, 6xjDCa6fpehWBQzEdDQW3Gv1kum3VzVKzZpXG4AKckJK, 73kMT9GhAAUgAz5TXoFLqqMtw4jRkn57MCEcoGdLCGxU], top_maker_bids: [6xjDCa6fpehWBQzEdDQW3Gv1kum3VzVKzZpXG4AKckJK], limit_crosses: None, vamm_taker_ask: None, vamm_taker_bid: None, crosses: [(L3Order { price: 0, size: 657000000000, max_ts: 1770855915, order_id: 5018, kind: Oracle, user: pGr2WpdDowT21MLj7GWNRLduUcdshVqj4AeZbi98Jy1, flags: 1 }, MakerCrosses { orders: [(L3Order { price: 115501, size: 37632000000000, max_ts: 0, order_id: 34220773, kind: FloatingLimit, user: 6xjDCa6fpehWBQzEdDQW3Gv1kum3VzVKzZpXG4AKckJK, flags: 2 }, 657000000000)], slot: 399652265, has_vamm_cross: true, is_partial: false, taker_direction: Short })] }
[2026-02-12T00:24:59Z INFO  filler] try fill auction order: L3Order { price: 0, size: 657000000000, max_ts: 1770855915, order_id: 5018, kind: Oracle, user: pGr2WpdDowT21MLj7GWNRLduUcdshVqj4AeZbi98Jy1, flags: 1 }
[2026-02-12T00:24:59Z INFO  filler] skip vamm cross too small: MakerCrosses { orders: [(L3Order { price: 115501, size: 37632000000000, max_ts: 0, order_id: 34220773, kind: FloatingLimit, user: 6xjDCa6fpehWBQzEdDQW3Gv1kum3VzVKzZpXG4AKckJK, flags: 2 }, 657000000000)], slot: 399652265, has_vamm_cross: true, is_partial: false, taker_direction: Short }
[2026-02-12T00:24:59Z INFO  filler] found limit crosses (market: 61), top bid: Some(L3Order { price: 115501, size: 37632000000000, max_ts: 0, order_id: 34220773, kind: FloatingLimit, user: 6xjDCa6fpehWBQzEdDQW3Gv1kum3VzVKzZpXG4AKckJK, flags: 2 }), top ask: Some(L3Order { price: 0, size: 657000000000, max_ts: 1770855915, order_id: 5018, kind: Oracle, user: pGr2WpdDowT21MLj7GWNRLduUcdshVqj4AeZbi98Jy1, flags: 1 })
[2026-02-12T00:24:59Z INFO  filler] try uncross book=61,slot=399652267
[2026-02-12T00:25:00Z INFO  filler] {"intent": "limit_uncross", "txn": "4gkhgfnT22PByHQJrNGqmWhhSZjnhmEGL7sXkVvzVLwJB5Gn2c38mXT9zLiHpNXvSTw7wLY5AXSEbPdRNEwjVGsY", "observed_slot": 399652267}
[2026-02-12T00:25:00Z INFO  filler] {"intent": "limit_uncross", "txn": "JQGFUEAYQRjfMYzU9VoKBLSx7wPsLUj784G3T6aoZZzrNyQ4QNWGjCiifvbsSvt3wDDJQrsYzApqbQf6MZJsxub", "observed_slot": 399652267}
[2026-02-12T00:25:00Z INFO  filler] found limit crosses (market: 61), top bid: Some(L3Order { price: 115501, size: 37632000000000, max_ts: 0, order_id: 34220773, kind: FloatingLimit, user: 6xjDCa6fpehWBQzEdDQW3Gv1kum3VzVKzZpXG4AKckJK, flags: 2 }), top ask: Some(L3Order { price: 0, size: 657000000000, max_ts: 1770855915, order_id: 5018, kind: Oracle, user: pGr2WpdDowT21MLj7GWNRLduUcdshVqj4AeZbi98Jy1, flags: 1 })
[2026-02-12T00:25:00Z INFO  filler] try uncross book=61,slot=399652269
[2026-02-12T00:25:00Z INFO  filler] {"intent": "limit_uncross", "txn": "JQGFUEAYQRjfMYzU9VoKBLSx7wPsLUj784G3T6aoZZzrNyQ4QNWGjCiifvbsSvt3wDDJQrsYzApqbQf6MZJsxub", "observed_slot": 399652269}
[2026-02-12T00:25:00Z INFO  filler] {"intent": "limit_uncross", "txn": "4gkhgfnT22PByHQJrNGqmWhhSZjnhmEGL7sXkVvzVLwJB5Gn2c38mXT9zLiHpNXvSTw7wLY5AXSEbPdRNEwjVGsY", "observed_slot": 399652269}
[2026-02-12T00:25:01Z INFO  filler] found auction crosses. market: 61, prices: [0], CrossesAndTopMakers { top_maker_asks: [CfELWppmk5iNNJ1pbix32X9DzPF1R8z9cqZyuhgScRSe, 6xjDCa6fpehWBQzEdDQW3Gv1kum3VzVKzZpXG4AKckJK, 73kMT9GhAAUgAz5TXoFLqqMtw4jRkn57MCEcoGdLCGxU], top_maker_bids: [6xjDCa6fpehWBQzEdDQW3Gv1kum3VzVKzZpXG4AKckJK], limit_crosses: None, vamm_taker_ask: None, vamm_taker_bid: None, crosses: [(L3Order { price: 0, size: 657000000000, max_ts: 1770855915, order_id: 5018, kind: Oracle, user: pGr2WpdDowT21MLj7GWNRLduUcdshVqj4AeZbi98Jy1, flags: 1 }, MakerCrosses { orders: [(L3Order { price: 115501, size: 37632000000000, max_ts: 0, order_id: 34220773, kind: FloatingLimit, user: 6xjDCa6fpehWBQzEdDQW3Gv1kum3VzVKzZpXG4AKckJK, flags: 2 }, 657000000000)], slot: 399652270, has_vamm_cross: true, is_partial: false, taker_direction: Short })] }
[2026-02-12T00:25:01Z INFO  filler] try fill auction order: L3Order { price: 0, size: 657000000000, max_ts: 1770855915, order_id: 5018, kind: Oracle, user: pGr2WpdDowT21MLj7GWNRLduUcdshVqj4AeZbi98Jy1, flags: 1 }
[2026-02-12T00:25:01Z INFO  filler] skip vamm cross too small: MakerCrosses { orders: [(L3Order { price: 115501, size: 37632000000000, max_ts: 0, order_id: 34220773, kind: FloatingLimit, user: 6xjDCa6fpehWBQzEdDQW3Gv1kum3VzVKzZpXG4AKckJK, flags: 2 }, 657000000000)], slot: 399652270, has_vamm_cross: true, is_partial: false, taker_direction: Short }
[2026-02-12T00:25:01Z INFO  filler] found limit crosses (market: 61), top bid: Some(L3Order { price: 115501, size: 37632000000000, max_ts: 0, order_id: 34220773, kind: FloatingLimit, user: 6xjDCa6fpehWBQzEdDQW3Gv1kum3VzVKzZpXG4AKckJK, flags: 2 }), top ask: Some(L3Order { price: 0, size: 657000000000, max_ts: 1770855915, order_id: 5018, kind: Oracle, user: pGr2WpdDowT21MLj7GWNRLduUcdshVqj4AeZbi98Jy1, flags: 1 })
[2026-02-12T00:25:01Z INFO  filler] try uncross book=61,slot=399652271
[2026-02-12T00:25:01Z INFO  filler] {"intent": "limit_uncross", "txn": "3KDPbet944B2buzhjhDE1YGjm8yorwz8kHP4KnNAXgrbhbQ2wSJoYumqV3Bhu38FQbp6NmZ6CSGk1BvJBaRPoPmj", "observed_slot": 399652271}
[2026-02-12T00:25:01Z INFO  filler] {"intent": "limit_uncross", "txn": "2jKMuKr3c2qSMD1LZj3sNiRSWuNkgt6GAVuCFkKex4R4NJ2uY66b9bFFV7MzRYKn3npfd8jE9r3jy33AuaP2T2kE", "observed_slot": 399652271}
[2026-02-12T00:25:01Z INFO  filler] found auction crosses. market: 61, prices: [0], CrossesAndTopMakers { top_maker_asks: [CfELWppmk5iNNJ1pbix32X9DzPF1R8z9cqZyuhgScRSe, 6xjDCa6fpehWBQzEdDQW3Gv1kum3VzVKzZpXG4AKckJK, 73kMT9GhAAUgAz5TXoFLqqMtw4jRkn57MCEcoGdLCGxU], top_maker_bids: [6xjDCa6fpehWBQzEdDQW3Gv1kum3VzVKzZpXG4AKckJK], limit_crosses: None, vamm_taker_ask: None, vamm_taker_bid: None, crosses: [(L3Order { price: 0, size: 657000000000, max_ts: 1770855915, order_id: 5018, kind: Oracle, user: pGr2WpdDowT21MLj7GWNRLduUcdshVqj4AeZbi98Jy1, flags: 1 }, MakerCrosses { orders: [(L3Order { price: 115501, size: 37632000000000, max_ts: 0, order_id: 34220773, kind: FloatingLimit, user: 6xjDCa6fpehWBQzEdDQW3Gv1kum3VzVKzZpXG4AKckJK, flags: 2 }, 657000000000)], slot: 399652271, has_vamm_cross: true, is_partial: false, taker_direction: Short })] }
[2026-02-12T00:25:01Z INFO  filler] try fill auction order: L3Order { price: 0, size: 657000000000, max_ts: 1770855915, order_id: 5018, kind: Oracle, user: pGr2WpdDowT21MLj7GWNRLduUcdshVqj4AeZbi98Jy1, flags: 1 }
[2026-02-12T00:25:01Z INFO  filler] skip vamm cross too small: MakerCrosses { orders: [(L3Order { price: 115501, size: 37632000000000, max_ts: 0, order_id: 34220773, kind: FloatingLimit, user: 6xjDCa6fpehWBQzEdDQW3Gv1kum3VzVKzZpXG4AKckJK, flags: 2 }, 657000000000)], slot: 399652271, has_vamm_cross: true, is_partial: false, taker_direction: Short }
[2026-02-12T00:25:02Z INFO  filler] found limit crosses (market: 61), top bid: Some(L3Order { price: 115501, size: 37632000000000, max_ts: 0, order_id: 34220773, kind: FloatingLimit, user: 6xjDCa6fpehWBQzEdDQW3Gv1kum3VzVKzZpXG4AKckJK, flags: 2 }), top ask: Some(L3Order { price: 0, size: 657000000000, max_ts: 1770855915, order_id: 5018, kind: Oracle, user: pGr2WpdDowT21MLj7GWNRLduUcdshVqj4AeZbi98Jy1, flags: 1 })
[2026-02-12T00:25:02Z INFO  filler] try uncross book=61,slot=399652273
[2026-02-12T00:25:02Z INFO  filler] {"intent": "limit_uncross", "txn": "2jKMuKr3c2qSMD1LZj3sNiRSWuNkgt6GAVuCFkKex4R4NJ2uY66b9bFFV7MzRYKn3npfd8jE9r3jy33AuaP2T2kE", "observed_slot": 399652273}
[2026-02-12T00:25:02Z INFO  filler] {"intent": "limit_uncross", "txn": "3KDPbet944B2buzhjhDE1YGjm8yorwz8kHP4KnNAXgrbhbQ2wSJoYumqV3Bhu38FQbp6NmZ6CSGk1BvJBaRPoPmj", "observed_slot": 399652273}
[2026-02-12T00:25:02Z INFO  filler] found limit crosses (market: 61), top bid: Some(L3Order { price: 115501, size: 37632000000000, max_ts: 0, order_id: 34220773, kind: FloatingLimit, user: 6xjDCa6fpehWBQzEdDQW3Gv1kum3VzVKzZpXG4AKckJK, flags: 2 }), top ask: Some(L3Order { price: 0, size: 657000000000, max_ts: 1770855915, order_id: 5018, kind: Oracle, user: pGr2WpdDowT21MLj7GWNRLduUcdshVqj4AeZbi98Jy1, flags: 1 })
[2026-02-12T00:25:02Z INFO  filler] try uncross book=61,slot=399652275
[2026-02-12T00:25:02Z INFO  filler] {"intent": "limit_uncross", "txn": "2jKMuKr3c2qSMD1LZj3sNiRSWuNkgt6GAVuCFkKex4R4NJ2uY66b9bFFV7MzRYKn3npfd8jE9r3jy33AuaP2T2kE", "observed_slot": 399652275}
[2026-02-12T00:25:02Z INFO  filler] {"intent": "limit_uncross", "txn": "3KDPbet944B2buzhjhDE1YGjm8yorwz8kHP4KnNAXgrbhbQ2wSJoYumqV3Bhu38FQbp6NmZ6CSGk1BvJBaRPoPmj", "observed_slot": 399652275}
[2026-02-12T00:25:03Z INFO  filler] found auction crosses. market: 61, prices: [0], CrossesAndTopMakers { top_maker_asks: [CfELWppmk5iNNJ1pbix32X9DzPF1R8z9cqZyuhgScRSe, 6xjDCa6fpehWBQzEdDQW3Gv1kum3VzVKzZpXG4AKckJK, 73kMT9GhAAUgAz5TXoFLqqMtw4jRkn57MCEcoGdLCGxU], top_maker_bids: [6xjDCa6fpehWBQzEdDQW3Gv1kum3VzVKzZpXG4AKckJK], limit_crosses: None, vamm_taker_ask: None, vamm_taker_bid: None, crosses: [(L3Order { price: 0, size: 657000000000, max_ts: 1770855915, order_id: 5018, kind: Oracle, user: pGr2WpdDowT21MLj7GWNRLduUcdshVqj4AeZbi98Jy1, flags: 1 }, MakerCrosses { orders: [(L3Order { price: 115501, size: 37632000000000, max_ts: 0, order_id: 34220773, kind: FloatingLimit, user: 6xjDCa6fpehWBQzEdDQW3Gv1kum3VzVKzZpXG4AKckJK, flags: 2 }, 657000000000)], slot: 399652276, has_vamm_cross: true, is_partial: false, taker_direction: Short })] }
[2026-02-12T00:25:03Z INFO  filler] try fill auction order: L3Order { price: 0, size: 657000000000, max_ts: 1770855915, order_id: 5018, kind: Oracle, user: pGr2WpdDowT21MLj7GWNRLduUcdshVqj4AeZbi98Jy1, flags: 1 }
[2026-02-12T00:25:03Z INFO  filler] skip vamm cross too small: MakerCrosses { orders: [(L3Order { price: 115501, size: 37632000000000, max_ts: 0, order_id: 34220773, kind: FloatingLimit, user: 6xjDCa6fpehWBQzEdDQW3Gv1kum3VzVKzZpXG4AKckJK, flags: 2 }, 657000000000)], slot: 399652276, has_vamm_cross: true, is_partial: false, taker_direction: Short }
[2026-02-12T00:25:03Z INFO  filler] found limit crosses (market: 61), top bid: Some(L3Order { price: 115501, size: 37632000000000, max_ts: 0, order_id: 34220773, kind: FloatingLimit, user: 6xjDCa6fpehWBQzEdDQW3Gv1kum3VzVKzZpXG4AKckJK, flags: 2 }), top ask: Some(L3Order { price: 0, size: 657000000000, max_ts: 1770855915, order_id: 5018, kind: Oracle, user: pGr2WpdDowT21MLj7GWNRLduUcdshVqj4AeZbi98Jy1, flags: 1 })
[2026-02-12T00:25:03Z INFO  filler] try uncross book=61,slot=399652277
[2026-02-12T00:25:03Z INFO  filler] {"intent": "limit_uncross", "txn": "2o2yC9Bw68gwhD9BtvuWzHbzh2jTiX9gAMhQ3gsYtxthqiPwYLUnKvx86QVBvUzq5jrC8fYqk1nW57tTdb32kauL", "observed_slot": 399652277}
[2026-02-12T00:25:03Z INFO  filler] {"intent": "limit_uncross", "txn": "3Ts8wnW979SMgxrxeYmGpuhNDueqHzQzJHusDYf1r7cMA5fEcveVL85ETKNwUoCQnGDaQFiU6HAGfwQQuJnbgLbP", "observed_slot": 399652277}
[2026-02-12T00:25:04Z INFO  filler] found auction crosses. market: 61, prices: [0], CrossesAndTopMakers { top_maker_asks: [CfELWppmk5iNNJ1pbix32X9DzPF1R8z9cqZyuhgScRSe, 6xjDCa6fpehWBQzEdDQW3Gv1kum3VzVKzZpXG4AKckJK, 73kMT9GhAAUgAz5TXoFLqqMtw4jRkn57MCEcoGdLCGxU], top_maker_bids: [6xjDCa6fpehWBQzEdDQW3Gv1kum3VzVKzZpXG4AKckJK], limit_crosses: None, vamm_taker_ask: None, vamm_taker_bid: None, crosses: [(L3Order { price: 0, size: 657000000000, max_ts: 1770855915, order_id: 5018, kind: Oracle, user: pGr2WpdDowT21MLj7GWNRLduUcdshVqj4AeZbi98Jy1, flags: 1 }, MakerCrosses { orders: [(L3Order { price: 115501, size: 37632000000000, max_ts: 0, order_id: 34220773, kind: FloatingLimit, user: 6xjDCa6fpehWBQzEdDQW3Gv1kum3VzVKzZpXG4AKckJK, flags: 2 }, 657000000000)], slot: 399652277, has_vamm_cross: true, is_partial: false, taker_direction: Short })] }
[2026-02-12T00:25:04Z INFO  filler] try fill auction order: L3Order { price: 0, size: 657000000000, max_ts: 1770855915, order_id: 5018, kind: Oracle, user: pGr2WpdDowT21MLj7GWNRLduUcdshVqj4AeZbi98Jy1, flags: 1 }
[2026-02-12T00:25:04Z INFO  filler] skip vamm cross too small: MakerCrosses { orders: [(L3Order { price: 115501, size: 37632000000000, max_ts: 0, order_id: 34220773, kind: FloatingLimit, user: 6xjDCa6fpehWBQzEdDQW3Gv1kum3VzVKzZpXG4AKckJK, flags: 2 }, 657000000000)], slot: 399652277, has_vamm_cross: true, is_partial: false, taker_direction: Short }
[2026-02-12T00:25:04Z INFO  filler] found limit crosses (market: 61), top bid: Some(L3Order { price: 115501, size: 37632000000000, max_ts: 0, order_id: 34220773, kind: FloatingLimit, user: 6xjDCa6fpehWBQzEdDQW3Gv1kum3VzVKzZpXG4AKckJK, flags: 2 }), top ask: Some(L3Order { price: 0, size: 657000000000, max_ts: 1770855915, order_id: 5018, kind: Oracle, user: pGr2WpdDowT21MLj7GWNRLduUcdshVqj4AeZbi98Jy1, flags: 1 })
[2026-02-12T00:25:04Z INFO  filler] try uncross book=61,slot=399652279
[2026-02-12T00:25:04Z INFO  filler] {"intent": "limit_uncross", "txn": "2o2yC9Bw68gwhD9BtvuWzHbzh2jTiX9gAMhQ3gsYtxthqiPwYLUnKvx86QVBvUzq5jrC8fYqk1nW57tTdb32kauL", "observed_slot": 399652279}
[2026-02-12T00:25:04Z INFO  filler] {"intent": "limit_uncross", "txn": "3Ts8wnW979SMgxrxeYmGpuhNDueqHzQzJHusDYf1r7cMA5fEcveVL85ETKNwUoCQnGDaQFiU6HAGfwQQuJnbgLbP", "observed_slot": 399652279}
[2026-02-12T00:25:05Z INFO  filler] found limit crosses (market: 61), top bid: Some(L3Order { price: 115501, size: 37632000000000, max_ts: 0, order_id: 34220773, kind: FloatingLimit, user: 6xjDCa6fpehWBQzEdDQW3Gv1kum3VzVKzZpXG4AKckJK, flags: 2 }), top ask: Some(L3Order { price: 0, size: 657000000000, max_ts: 1770855915, order_id: 5018, kind: Oracle, user: pGr2WpdDowT21MLj7GWNRLduUcdshVqj4AeZbi98Jy1, flags: 1 })
[2026-02-12T00:25:05Z INFO  filler] try uncross book=61,slot=399652281
[2026-02-12T00:25:05Z INFO  filler] {"intent": "limit_uncross", "txn": "XmRpXTX3gtpA3SPeyNmisPm9XRf8MQqz3LyjscFMFe1s5BW6iFHM3ZJxs7vir61V3aoVnjg6fMqhNYdFEDRPyGQ", "observed_slot": 399652281}
[2026-02-12T00:25:05Z INFO  filler] {"intent": "limit_uncross", "txn": "27abt46ABDzHHaTAi4HPEMLQhfmcpSFiRUimVyBqjqTtb2zQefJP7eNriqyyKGh8HhqBE6DRm3EMQjexAcGvrP2U", "observed_slot": 399652281}
[2026-02-12T00:25:05Z INFO  filler] found auction crosses. market: 61, prices: [0], CrossesAndTopMakers { top_maker_asks: [CfELWppmk5iNNJ1pbix32X9DzPF1R8z9cqZyuhgScRSe, 6xjDCa6fpehWBQzEdDQW3Gv1kum3VzVKzZpXG4AKckJK, 73kMT9GhAAUgAz5TXoFLqqMtw4jRkn57MCEcoGdLCGxU], top_maker_bids: [6xjDCa6fpehWBQzEdDQW3Gv1kum3VzVKzZpXG4AKckJK], limit_crosses: None, vamm_taker_ask: None, vamm_taker_bid: None, crosses: [(L3Order { price: 0, size: 657000000000, max_ts: 1770855915, order_id: 5018, kind: Oracle, user: pGr2WpdDowT21MLj7GWNRLduUcdshVqj4AeZbi98Jy1, flags: 1 }, MakerCrosses { orders: [(L3Order { price: 115501, size: 37632000000000, max_ts: 0, order_id: 34220773, kind: FloatingLimit, user: 6xjDCa6fpehWBQzEdDQW3Gv1kum3VzVKzZpXG4AKckJK, flags: 2 }, 657000000000)], slot: 399652282, has_vamm_cross: true, is_partial: false, taker_direction: Short })] }
[2026-02-12T00:25:05Z INFO  filler] try fill auction order: L3Order { price: 0, size: 657000000000, max_ts: 1770855915, order_id: 5018, kind: Oracle, user: pGr2WpdDowT21MLj7GWNRLduUcdshVqj4AeZbi98Jy1, flags: 1 }
[2026-02-12T00:25:05Z INFO  filler] skip vamm cross too small: MakerCrosses { orders: [(L3Order { price: 115501, size: 37632000000000, max_ts: 0, order_id: 34220773, kind: FloatingLimit, user: 6xjDCa6fpehWBQzEdDQW3Gv1kum3VzVKzZpXG4AKckJK, flags: 2 }, 657000000000)], slot: 399652282, has_vamm_cross: true, is_partial: false, taker_direction: Short }
[2026-02-12T00:25:05Z INFO  filler] found limit crosses (market: 61), top bid: Some(L3Order { price: 115501, size: 37632000000000, max_ts: 0, order_id: 34220773, kind: FloatingLimit, user: 6xjDCa6fpehWBQzEdDQW3Gv1kum3VzVKzZpXG4AKckJK, flags: 2 }), top ask: Some(L3Order { price: 0, size: 657000000000, max_ts: 1770855915, order_id: 5018, kind: Oracle, user: pGr2WpdDowT21MLj7GWNRLduUcdshVqj4AeZbi98Jy1, flags: 1 })
[2026-02-12T00:25:05Z INFO  filler] try uncross book=61,slot=399652283
[2026-02-12T00:25:05Z INFO  filler] {"intent": "limit_uncross", "txn": "27abt46ABDzHHaTAi4HPEMLQhfmcpSFiRUimVyBqjqTtb2zQefJP7eNriqyyKGh8HhqBE6DRm3EMQjexAcGvrP2U", "observed_slot": 399652283}
[2026-02-12T00:25:05Z INFO  filler] {"intent": "limit_uncross", "txn": "XmRpXTX3gtpA3SPeyNmisPm9XRf8MQqz3LyjscFMFe1s5BW6iFHM3ZJxs7vir61V3aoVnjg6fMqhNYdFEDRPyGQ", "observed_slot": 399652283}
[2026-02-12T00:25:06Z INFO  filler] found auction crosses. market: 61, prices: [0], CrossesAndTopMakers { top_maker_asks: [CfELWppmk5iNNJ1pbix32X9DzPF1R8z9cqZyuhgScRSe, 6xjDCa6fpehWBQzEdDQW3Gv1kum3VzVKzZpXG4AKckJK, 73kMT9GhAAUgAz5TXoFLqqMtw4jRkn57MCEcoGdLCGxU], top_maker_bids: [6xjDCa6fpehWBQzEdDQW3Gv1kum3VzVKzZpXG4AKckJK], limit_crosses: None, vamm_taker_ask: None, vamm_taker_bid: None, crosses: [(L3Order { price: 0, size: 657000000000, max_ts: 1770855915, order_id: 5018, kind: Oracle, user: pGr2WpdDowT21MLj7GWNRLduUcdshVqj4AeZbi98Jy1, flags: 1 }, MakerCrosses { orders: [(L3Order { price: 115501, size: 37632000000000, max_ts: 0, order_id: 34220773, kind: FloatingLimit, user: 6xjDCa6fpehWBQzEdDQW3Gv1kum3VzVKzZpXG4AKckJK, flags: 2 }, 657000000000)], slot: 399652283, has_vamm_cross: true, is_partial: false, taker_direction: Short })] }
[2026-02-12T00:25:06Z INFO  filler] try fill auction order: L3Order { price: 0, size: 657000000000, max_ts: 1770855915, order_id: 5018, kind: Oracle, user: pGr2WpdDowT21MLj7GWNRLduUcdshVqj4AeZbi98Jy1, flags: 1 }
[2026-02-12T00:25:06Z INFO  filler] skip vamm cross too small: MakerCrosses { orders: [(L3Order { price: 115501, size: 37632000000000, max_ts: 0, order_id: 34220773, kind: FloatingLimit, user: 6xjDCa6fpehWBQzEdDQW3Gv1kum3VzVKzZpXG4AKckJK, flags: 2 }, 657000000000)], slot: 399652283, has_vamm_cross: true, is_partial: false, taker_direction: Short }
[2026-02-12T00:25:06Z INFO  filler] found limit crosses (market: 61), top bid: Some(L3Order { price: 115501, size: 37632000000000, max_ts: 0, order_id: 34220773, kind: FloatingLimit, user: 6xjDCa6fpehWBQzEdDQW3Gv1kum3VzVKzZpXG4AKckJK, flags: 2 }), top ask: Some(L3Order { price: 0, size: 657000000000, max_ts: 1770855915, order_id: 5018, kind: Oracle, user: pGr2WpdDowT21MLj7GWNRLduUcdshVqj4AeZbi98Jy1, flags: 1 })
[2026-02-12T00:25:06Z INFO  filler] try uncross book=61,slot=399652285
[2026-02-12T00:25:06Z INFO  filler] {"intent": "limit_uncross", "txn": "XmRpXTX3gtpA3SPeyNmisPm9XRf8MQqz3LyjscFMFe1s5BW6iFHM3ZJxs7vir61V3aoVnjg6fMqhNYdFEDRPyGQ", "observed_slot": 399652285}
[2026-02-12T00:25:06Z INFO  filler] {"intent": "limit_uncross", "txn": "27abt46ABDzHHaTAi4HPEMLQhfmcpSFiRUimVyBqjqTtb2zQefJP7eNriqyyKGh8HhqBE6DRm3EMQjexAcGvrP2U", "observed_slot": 399652285}
[2026-02-12T00:25:07Z INFO  filler] found limit crosses (market: 61), top bid: Some(L3Order { price: 115501, size: 37632000000000, max_ts: 0, order_id: 34220773, kind: FloatingLimit, user: 6xjDCa6fpehWBQzEdDQW3Gv1kum3VzVKzZpXG4AKckJK, flags: 2 }), top ask: Some(L3Order { price: 0, size: 657000000000, max_ts: 1770855915, order_id: 5018, kind: Oracle, user: pGr2WpdDowT21MLj7GWNRLduUcdshVqj4AeZbi98Jy1, flags: 1 })
[2026-02-12T00:25:07Z INFO  filler] try uncross book=61,slot=399652287
[2026-02-12T00:25:07Z INFO  filler] {"intent": "limit_uncross", "txn": "61ppzem3xLbQujvzVe6GFZfGEZaDE8rpd9qSPSUqwKzYsq7Tx6xBXQfWSc8jYsqgcyShYgf51ZyJBpc7oBq5zGAy", "observed_slot": 399652287}
[2026-02-12T00:25:07Z INFO  filler] {"intent": "limit_uncross", "txn": "3i8a9bE71Q4FTSh1X6ADbhVA8jpnBQSRve9sQo5ec4AUQSekSmWuLpWSyB37fJ3akZbtb1TNUBcqEV2E8tbkBoNK", "observed_slot": 399652287}
[2026-02-12T00:25:08Z INFO  filler] found auction crosses. market: 61, prices: [0], CrossesAndTopMakers { top_maker_asks: [CfELWppmk5iNNJ1pbix32X9DzPF1R8z9cqZyuhgScRSe, 6xjDCa6fpehWBQzEdDQW3Gv1kum3VzVKzZpXG4AKckJK, 73kMT9GhAAUgAz5TXoFLqqMtw4jRkn57MCEcoGdLCGxU], top_maker_bids: [6xjDCa6fpehWBQzEdDQW3Gv1kum3VzVKzZpXG4AKckJK], limit_crosses: None, vamm_taker_ask: None, vamm_taker_bid: None, crosses: [(L3Order { price: 0, size: 657000000000, max_ts: 1770855915, order_id: 5018, kind: Oracle, user: pGr2WpdDowT21MLj7GWNRLduUcdshVqj4AeZbi98Jy1, flags: 1 }, MakerCrosses { orders: [(L3Order { price: 115501, size: 37632000000000, max_ts: 0, order_id: 34220773, kind: FloatingLimit, user: 6xjDCa6fpehWBQzEdDQW3Gv1kum3VzVKzZpXG4AKckJK, flags: 2 }, 657000000000)], slot: 399652288, has_vamm_cross: true, is_partial: false, taker_direction: Short })] }
[2026-02-12T00:25:08Z INFO  filler] try fill auction order: L3Order { price: 0, size: 657000000000, max_ts: 1770855915, order_id: 5018, kind: Oracle, user: pGr2WpdDowT21MLj7GWNRLduUcdshVqj4AeZbi98Jy1, flags: 1 }
[2026-02-12T00:25:08Z INFO  filler] skip vamm cross too small: MakerCrosses { orders: [(L3Order { price: 115501, size: 37632000000000, max_ts: 0, order_id: 34220773, kind: FloatingLimit, user: 6xjDCa6fpehWBQzEdDQW3Gv1kum3VzVKzZpXG4AKckJK, flags: 2 }, 657000000000)], slot: 399652288, has_vamm_cross: true, is_partial: false, taker_direction: Short }
[2026-02-12T00:25:08Z INFO  filler] found limit crosses (market: 61), top bid: Some(L3Order { price: 115501, size: 37632000000000, max_ts: 0, order_id: 34220773, kind: FloatingLimit, user: 6xjDCa6fpehWBQzEdDQW3Gv1kum3VzVKzZpXG4AKckJK, flags: 2 }), top ask: Some(L3Order { price: 0, size: 657000000000, max_ts: 1770855915, order_id: 5018, kind: Oracle, user: pGr2WpdDowT21MLj7GWNRLduUcdshVqj4AeZbi98Jy1, flags: 1 })
[2026-02-12T00:25:08Z INFO  filler] try uncross book=61,slot=399652289
[2026-02-12T00:25:08Z INFO  filler] {"intent": "limit_uncross", "txn": "61ppzem3xLbQujvzVe6GFZfGEZaDE8rpd9qSPSUqwKzYsq7Tx6xBXQfWSc8jYsqgcyShYgf51ZyJBpc7oBq5zGAy", "observed_slot": 399652289}
[2026-02-12T00:25:08Z INFO  filler] {"intent": "limit_uncross", "txn": "3i8a9bE71Q4FTSh1X6ADbhVA8jpnBQSRve9sQo5ec4AUQSekSmWuLpWSyB37fJ3akZbtb1TNUBcqEV2E8tbkBoNK", "observed_slot": 399652289}
[2026-02-12T00:25:08Z INFO  filler] found auction crosses. market: 61, prices: [0], CrossesAndTopMakers { top_maker_asks: [CfELWppmk5iNNJ1pbix32X9DzPF1R8z9cqZyuhgScRSe, 6xjDCa6fpehWBQzEdDQW3Gv1kum3VzVKzZpXG4AKckJK, 73kMT9GhAAUgAz5TXoFLqqMtw4jRkn57MCEcoGdLCGxU], top_maker_bids: [6xjDCa6fpehWBQzEdDQW3Gv1kum3VzVKzZpXG4AKckJK], limit_crosses: None, vamm_taker_ask: None, vamm_taker_bid: None, crosses: [(L3Order { price: 0, size: 657000000000, max_ts: 1770855915, order_id: 5018, kind: Oracle, user: pGr2WpdDowT21MLj7GWNRLduUcdshVqj4AeZbi98Jy1, flags: 1 }, MakerCrosses { orders: [(L3Order { price: 115501, size: 37632000000000, max_ts: 0, order_id: 34220773, kind: FloatingLimit, user: 6xjDCa6fpehWBQzEdDQW3Gv1kum3VzVKzZpXG4AKckJK, flags: 2 }, 657000000000)], slot: 399652289, has_vamm_cross: true, is_partial: false, taker_direction: Short })] }
[2026-02-12T00:25:08Z INFO  filler] try fill auction order: L3Order { price: 0, size: 657000000000, max_ts: 1770855915, order_id: 5018, kind: Oracle, user: pGr2WpdDowT21MLj7GWNRLduUcdshVqj4AeZbi98Jy1, flags: 1 }
[2026-02-12T00:25:08Z INFO  filler] skip vamm cross too small: MakerCrosses { orders: [(L3Order { price: 115501, size: 37632000000000, max_ts: 0, order_id: 34220773, kind: FloatingLimit, user: 6xjDCa6fpehWBQzEdDQW3Gv1kum3VzVKzZpXG4AKckJK, flags: 2 }, 657000000000)], slot: 399652289, has_vamm_cross: true, is_partial: false, taker_direction: Short }
[2026-02-12T00:25:08Z INFO  filler] found limit crosses (market: 61), top bid: Some(L3Order { price: 115501, size: 37632000000000, max_ts: 0, order_id: 34220773, kind: FloatingLimit, user: 6xjDCa6fpehWBQzEdDQW3Gv1kum3VzVKzZpXG4AKckJK, flags: 2 }), top ask: Some(L3Order { price: 0, size: 657000000000, max_ts: 1770855915, order_id: 5018, kind: Oracle, user: pGr2WpdDowT21MLj7GWNRLduUcdshVqj4AeZbi98Jy1, flags: 1 })
[2026-02-12T00:25:08Z INFO  filler] try uncross book=61,slot=399652291
[2026-02-12T00:25:08Z INFO  filler] {"intent": "limit_uncross", "txn": "3i8a9bE71Q4FTSh1X6ADbhVA8jpnBQSRve9sQo5ec4AUQSekSmWuLpWSyB37fJ3akZbtb1TNUBcqEV2E8tbkBoNK", "observed_slot": 399652291}
[2026-02-12T00:25:08Z INFO  filler] {"intent": "limit_uncross", "txn": "61ppzem3xLbQujvzVe6GFZfGEZaDE8rpd9qSPSUqwKzYsq7Tx6xBXQfWSc8jYsqgcyShYgf51ZyJBpc7oBq5zGAy", "observed_slot": 399652291}
[2026-02-12T00:25:09Z INFO  filler] found limit crosses (market: 61), top bid: Some(L3Order { price: 115501, size: 37632000000000, max_ts: 0, order_id: 34220773, kind: FloatingLimit, user: 6xjDCa6fpehWBQzEdDQW3Gv1kum3VzVKzZpXG4AKckJK, flags: 2 }), top ask: Some(L3Order { price: 0, size: 657000000000, max_ts: 1770855915, order_id: 5018, kind: Oracle, user: pGr2WpdDowT21MLj7GWNRLduUcdshVqj4AeZbi98Jy1, flags: 1 })
[2026-02-12T00:25:09Z INFO  filler] try uncross book=61,slot=399652293
[2026-02-12T00:25:09Z INFO  filler] {"intent": "limit_uncross", "txn": "5hyUKo2xPUnqf2PXbL9pTrZ9AbQqaGBR2CuAZUfip94Uku2eKDTXTvknxcWgVsLtACwrvzTGH646EEQrXZqfmvdj", "observed_slot": 399652293}
[2026-02-12T00:25:09Z INFO  filler] {"intent": "limit_uncross", "txn": "3q5fx1fSo5m1qE1AUu9HFSHDXBcXXPKgevsSQzvx39SBsqv5dFhuiyFnGmD5LGKYnTXqLFjwGcqw6SS9fFA7YyNA", "observed_slot": 399652293}
[2026-02-12T00:25:10Z INFO  filler] found auction crosses. market: 61, prices: [0], CrossesAndTopMakers { top_maker_asks: [CfELWppmk5iNNJ1pbix32X9DzPF1R8z9cqZyuhgScRSe, 6xjDCa6fpehWBQzEdDQW3Gv1kum3VzVKzZpXG4AKckJK, 73kMT9GhAAUgAz5TXoFLqqMtw4jRkn57MCEcoGdLCGxU], top_maker_bids: [6xjDCa6fpehWBQzEdDQW3Gv1kum3VzVKzZpXG4AKckJK], limit_crosses: None, vamm_taker_ask: None, vamm_taker_bid: None, crosses: [(L3Order { price: 0, size: 657000000000, max_ts: 1770855915, order_id: 5018, kind: Oracle, user: pGr2WpdDowT21MLj7GWNRLduUcdshVqj4AeZbi98Jy1, flags: 1 }, MakerCrosses { orders: [(L3Order { price: 115501, size: 37632000000000, max_ts: 0, order_id: 34220773, kind: FloatingLimit, user: 6xjDCa6fpehWBQzEdDQW3Gv1kum3VzVKzZpXG4AKckJK, flags: 2 }, 657000000000)], slot: 399652294, has_vamm_cross: true, is_partial: false, taker_direction: Short })] }
[2026-02-12T00:25:10Z INFO  filler] try fill auction order: L3Order { price: 0, size: 657000000000, max_ts: 1770855915, order_id: 5018, kind: Oracle, user: pGr2WpdDowT21MLj7GWNRLduUcdshVqj4AeZbi98Jy1, flags: 1 }
[2026-02-12T00:25:10Z INFO  filler] skip vamm cross too small: MakerCrosses { orders: [(L3Order { price: 115501, size: 37632000000000, max_ts: 0, order_id: 34220773, kind: FloatingLimit, user: 6xjDCa6fpehWBQzEdDQW3Gv1kum3VzVKzZpXG4AKckJK, flags: 2 }, 657000000000)], slot: 399652294, has_vamm_cross: true, is_partial: false, taker_direction: Short }
[2026-02-12T00:25:10Z INFO  filler] found limit crosses (market: 61), top bid: Some(L3Order { price: 115501, size: 37632000000000, max_ts: 0, order_id: 34220773, kind: FloatingLimit, user: 6xjDCa6fpehWBQzEdDQW3Gv1kum3VzVKzZpXG4AKckJK, flags: 2 }), top ask: Some(L3Order { price: 0, size: 657000000000, max_ts: 1770855915, order_id: 5018, kind: Oracle, user: pGr2WpdDowT21MLj7GWNRLduUcdshVqj4AeZbi98Jy1, flags: 1 })
[2026-02-12T00:25:10Z INFO  filler] try uncross book=61,slot=399652295
[2026-02-12T00:25:10Z INFO  filler] {"intent": "limit_uncross", "txn": "5hyUKo2xPUnqf2PXbL9pTrZ9AbQqaGBR2CuAZUfip94Uku2eKDTXTvknxcWgVsLtACwrvzTGH646EEQrXZqfmvdj", "observed_slot": 399652295}
[2026-02-12T00:25:10Z INFO  filler] {"intent": "limit_uncross", "txn": "3q5fx1fSo5m1qE1AUu9HFSHDXBcXXPKgevsSQzvx39SBsqv5dFhuiyFnGmD5LGKYnTXqLFjwGcqw6SS9fFA7YyNA", "observed_slot": 399652295}
[2026-02-12T00:25:10Z INFO  filler] found auction crosses. market: 61, prices: [0], CrossesAndTopMakers { top_maker_asks: [CfELWppmk5iNNJ1pbix32X9DzPF1R8z9cqZyuhgScRSe, 6xjDCa6fpehWBQzEdDQW3Gv1kum3VzVKzZpXG4AKckJK, 73kMT9GhAAUgAz5TXoFLqqMtw4jRkn57MCEcoGdLCGxU], top_maker_bids: [6xjDCa6fpehWBQzEdDQW3Gv1kum3VzVKzZpXG4AKckJK], limit_crosses: None, vamm_taker_ask: None, vamm_taker_bid: None, crosses: [(L3Order { price: 0, size: 657000000000, max_ts: 1770855915, order_id: 5018, kind: Oracle, user: pGr2WpdDowT21MLj7GWNRLduUcdshVqj4AeZbi98Jy1, flags: 1 }, MakerCrosses { orders: [(L3Order { price: 115501, size: 37632000000000, max_ts: 0, order_id: 34220773, kind: FloatingLimit, user: 6xjDCa6fpehWBQzEdDQW3Gv1kum3VzVKzZpXG4AKckJK, flags: 2 }, 657000000000)], slot: 399652295, has_vamm_cross: true, is_partial: false, taker_direction: Short })] }
[2026-02-12T00:25:10Z INFO  filler] try fill auction order: L3Order { price: 0, size: 657000000000, max_ts: 1770855915, order_id: 5018, kind: Oracle, user: pGr2WpdDowT21MLj7GWNRLduUcdshVqj4AeZbi98Jy1, flags: 1 }
[2026-02-12T00:25:10Z INFO  filler] skip vamm cross too small: MakerCrosses { orders: [(L3Order { price: 115501, size: 37632000000000, max_ts: 0, order_id: 34220773, kind: FloatingLimit, user: 6xjDCa6fpehWBQzEdDQW3Gv1kum3VzVKzZpXG4AKckJK, flags: 2 }, 657000000000)], slot: 399652295, has_vamm_cross: true, is_partial: false, taker_direction: Short }
[2026-02-12T00:25:11Z INFO  filler] found limit crosses (market: 61), top bid: Some(L3Order { price: 115501, size: 37632000000000, max_ts: 0, order_id: 34220773, kind: FloatingLimit, user: 6xjDCa6fpehWBQzEdDQW3Gv1kum3VzVKzZpXG4AKckJK, flags: 2 }), top ask: Some(L3Order { price: 0, size: 657000000000, max_ts: 1770855915, order_id: 5018, kind: Oracle, user: pGr2WpdDowT21MLj7GWNRLduUcdshVqj4AeZbi98Jy1, flags: 1 })
[2026-02-12T00:25:11Z INFO  filler] try uncross book=61,slot=399652297
[2026-02-12T00:25:11Z INFO  filler] {"intent": "limit_uncross", "txn": "3q5fx1fSo5m1qE1AUu9HFSHDXBcXXPKgevsSQzvx39SBsqv5dFhuiyFnGmD5LGKYnTXqLFjwGcqw6SS9fFA7YyNA", "observed_slot": 399652297}
[2026-02-12T00:25:11Z INFO  filler] {"intent": "limit_uncross", "txn": "5hyUKo2xPUnqf2PXbL9pTrZ9AbQqaGBR2CuAZUfip94Uku2eKDTXTvknxcWgVsLtACwrvzTGH646EEQrXZqfmvdj", "observed_slot": 399652297}
[2026-02-12T00:25:11Z INFO  filler] found limit crosses (market: 61), top bid: Some(L3Order { price: 115501, size: 37632000000000, max_ts: 0, order_id: 34220773, kind: FloatingLimit, user: 6xjDCa6fpehWBQzEdDQW3Gv1kum3VzVKzZpXG4AKckJK, flags: 2 }), top ask: Some(L3Order { price: 0, size: 657000000000, max_ts: 1770855915, order_id: 5018, kind: Oracle, user: pGr2WpdDowT21MLj7GWNRLduUcdshVqj4AeZbi98Jy1, flags: 1 })
[2026-02-12T00:25:11Z INFO  filler] try uncross book=61,slot=399652299
[2026-02-12T00:25:11Z INFO  filler] {"intent": "limit_uncross", "txn": "DPkHfa8pFXuijdDMAuEyMBtsAZvfr3DJR3R91JL3j4upbn1ftZYGV5B55semdH5Lzrb4YKHJjTSrDDW8A6kifCv", "observed_slot": 399652299}
[2026-02-12T00:25:11Z INFO  filler] {"intent": "limit_uncross", "txn": "4k1Es8JMKnFC89EcVscCUA3bG6T3XzZsejE1TZbmbSiSTaiLeGHkudojo3mwGARju77axMNv94wLxLhg8bprpBbk", "observed_slot": 399652299}
[2026-02-12T00:25:12Z INFO  filler] found auction crosses. market: 61, prices: [0], CrossesAndTopMakers { top_maker_asks: [CfELWppmk5iNNJ1pbix32X9DzPF1R8z9cqZyuhgScRSe, 6xjDCa6fpehWBQzEdDQW3Gv1kum3VzVKzZpXG4AKckJK, 73kMT9GhAAUgAz5TXoFLqqMtw4jRkn57MCEcoGdLCGxU], top_maker_bids: [6xjDCa6fpehWBQzEdDQW3Gv1kum3VzVKzZpXG4AKckJK], limit_crosses: None, vamm_taker_ask: None, vamm_taker_bid: None, crosses: [(L3Order { price: 0, size: 657000000000, max_ts: 1770855915, order_id: 5018, kind: Oracle, user: pGr2WpdDowT21MLj7GWNRLduUcdshVqj4AeZbi98Jy1, flags: 1 }, MakerCrosses { orders: [(L3Order { price: 115501, size: 37632000000000, max_ts: 0, order_id: 34220773, kind: FloatingLimit, user: 6xjDCa6fpehWBQzEdDQW3Gv1kum3VzVKzZpXG4AKckJK, flags: 2 }, 657000000000)], slot: 399652300, has_vamm_cross: true, is_partial: false, taker_direction: Short })] }
[2026-02-12T00:25:12Z INFO  filler] try fill auction order: L3Order { price: 0, size: 657000000000, max_ts: 1770855915, order_id: 5018, kind: Oracle, user: pGr2WpdDowT21MLj7GWNRLduUcdshVqj4AeZbi98Jy1, flags: 1 }
[2026-02-12T00:25:12Z INFO  filler] skip vamm cross too small: MakerCrosses { orders: [(L3Order { price: 115501, size: 37632000000000, max_ts: 0, order_id: 34220773, kind: FloatingLimit, user: 6xjDCa6fpehWBQzEdDQW3Gv1kum3VzVKzZpXG4AKckJK, flags: 2 }, 657000000000)], slot: 399652300, has_vamm_cross: true, is_partial: false, taker_direction: Short }
[2026-02-12T00:25:12Z INFO  filler] found limit crosses (market: 61), top bid: Some(L3Order { price: 115501, size: 37632000000000, max_ts: 0, order_id: 34220773, kind: FloatingLimit, user: 6xjDCa6fpehWBQzEdDQW3Gv1kum3VzVKzZpXG4AKckJK, flags: 2 }), top ask: Some(L3Order { price: 0, size: 657000000000, max_ts: 1770855915, order_id: 5018, kind: Oracle, user: pGr2WpdDowT21MLj7GWNRLduUcdshVqj4AeZbi98Jy1, flags: 1 })
[2026-02-12T00:25:12Z INFO  filler] try uncross book=61,slot=399652301
[2026-02-12T00:25:12Z INFO  filler] {"intent": "limit_uncross", "txn": "DPkHfa8pFXuijdDMAuEyMBtsAZvfr3DJR3R91JL3j4upbn1ftZYGV5B55semdH5Lzrb4YKHJjTSrDDW8A6kifCv", "observed_slot": 399652301}
[2026-02-12T00:25:12Z INFO  filler] {"intent": "limit_uncross", "txn": "4k1Es8JMKnFC89EcVscCUA3bG6T3XzZsejE1TZbmbSiSTaiLeGHkudojo3mwGARju77axMNv94wLxLhg8bprpBbk", "observed_slot": 399652301}
[2026-02-12T00:25:12Z INFO  filler] found auction crosses. market: 61, prices: [0], CrossesAndTopMakers { top_maker_asks: [CfELWppmk5iNNJ1pbix32X9DzPF1R8z9cqZyuhgScRSe, 6xjDCa6fpehWBQzEdDQW3Gv1kum3VzVKzZpXG4AKckJK, 73kMT9GhAAUgAz5TXoFLqqMtw4jRkn57MCEcoGdLCGxU], top_maker_bids: [6xjDCa6fpehWBQzEdDQW3Gv1kum3VzVKzZpXG4AKckJK], limit_crosses: None, vamm_taker_ask: None, vamm_taker_bid: None, crosses: [(L3Order { price: 0, size: 657000000000, max_ts: 1770855915, order_id: 5018, kind: Oracle, user: pGr2WpdDowT21MLj7GWNRLduUcdshVqj4AeZbi98Jy1, flags: 1 }, MakerCrosses { orders: [(L3Order { price: 115455, size: 37632000000000, max_ts: 0, order_id: 34220773, kind: FloatingLimit, user: 6xjDCa6fpehWBQzEdDQW3Gv1kum3VzVKzZpXG4AKckJK, flags: 2 }, 657000000000)], slot: 399652301, has_vamm_cross: true, is_partial: false, taker_direction: Short })] }
[2026-02-12T00:25:12Z INFO  filler] try fill auction order: L3Order { price: 0, size: 657000000000, max_ts: 1770855915, order_id: 5018, kind: Oracle, user: pGr2WpdDowT21MLj7GWNRLduUcdshVqj4AeZbi98Jy1, flags: 1 }
[2026-02-12T00:25:12Z INFO  filler] skip vamm cross too small: MakerCrosses { orders: [(L3Order { price: 115455, size: 37632000000000, max_ts: 0, order_id: 34220773, kind: FloatingLimit, user: 6xjDCa6fpehWBQzEdDQW3Gv1kum3VzVKzZpXG4AKckJK, flags: 2 }, 657000000000)], slot: 399652301, has_vamm_cross: true, is_partial: false, taker_direction: Short }
[2026-02-12T00:25:13Z INFO  filler] found limit crosses (market: 61), top bid: Some(L3Order { price: 115455, size: 37632000000000, max_ts: 0, order_id: 34220773, kind: FloatingLimit, user: 6xjDCa6fpehWBQzEdDQW3Gv1kum3VzVKzZpXG4AKckJK, flags: 2 }), top ask: Some(L3Order { price: 0, size: 657000000000, max_ts: 1770855915, order_id: 5018, kind: Oracle, user: pGr2WpdDowT21MLj7GWNRLduUcdshVqj4AeZbi98Jy1, flags: 1 })
[2026-02-12T00:25:13Z INFO  filler] try uncross book=61,slot=399652303
[2026-02-12T00:25:13Z INFO  filler] {"intent": "limit_uncross", "txn": "5951mFm3XbUP5YRbE3ESF47exoiVGXR4Q8oDPnHSKQa9KcbwBAppjeuBLTrkxzZ7zTqUSQDkCWMxHPBdvw3H4JNp", "observed_slot": 399652303}
[2026-02-12T00:25:13Z INFO  filler] {"intent": "limit_uncross", "txn": "35Y1nEj8XZ8CVECwypSj8BbRKjpWQeomqDVxBCZGBsLVB5LFwtRZPPpdFahGwVgMFgxscMcH4sRXPzrCrPX2cCKZ", "observed_slot": 399652303}
[2026-02-12T00:25:14Z INFO  filler] found limit crosses (market: 61), top bid: Some(L3Order { price: 115455, size: 37632000000000, max_ts: 0, order_id: 34220773, kind: FloatingLimit, user: 6xjDCa6fpehWBQzEdDQW3Gv1kum3VzVKzZpXG4AKckJK, flags: 2 }), top ask: Some(L3Order { price: 0, size: 657000000000, max_ts: 1770855915, order_id: 5018, kind: Oracle, user: pGr2WpdDowT21MLj7GWNRLduUcdshVqj4AeZbi98Jy1, flags: 1 })
[2026-02-12T00:25:14Z INFO  filler] try uncross book=61,slot=399652305
[2026-02-12T00:25:14Z INFO  filler] new swift order. uuid=EMLQNBmg, market=0
Updating auction start price to -192538
Updating auction duration to 32
[2026-02-12T00:25:14Z INFO  filler] {"intent": "limit_uncross", "txn": "5951mFm3XbUP5YRbE3ESF47exoiVGXR4Q8oDPnHSKQa9KcbwBAppjeuBLTrkxzZ7zTqUSQDkCWMxHPBdvw3H4JNp", "observed_slot": 399652305}
[2026-02-12T00:25:14Z INFO  filler] {"intent": "limit_uncross", "txn": "35Y1nEj8XZ8CVECwypSj8BbRKjpWQeomqDVxBCZGBsLVB5LFwtRZPPpdFahGwVgMFgxscMcH4sRXPzrCrPX2cCKZ", "observed_slot": 399652305}
[2026-02-12T00:25:15Z INFO  filler] found auction crosses. market: 61, prices: [0], CrossesAndTopMakers { top_maker_asks: [CfELWppmk5iNNJ1pbix32X9DzPF1R8z9cqZyuhgScRSe, 6xjDCa6fpehWBQzEdDQW3Gv1kum3VzVKzZpXG4AKckJK, 73kMT9GhAAUgAz5TXoFLqqMtw4jRkn57MCEcoGdLCGxU], top_maker_bids: [6xjDCa6fpehWBQzEdDQW3Gv1kum3VzVKzZpXG4AKckJK], limit_crosses: None, vamm_taker_ask: None, vamm_taker_bid: None, crosses: [(L3Order { price: 0, size: 657000000000, max_ts: 1770855915, order_id: 5018, kind: Oracle, user: pGr2WpdDowT21MLj7GWNRLduUcdshVqj4AeZbi98Jy1, flags: 1 }, MakerCrosses { orders: [(L3Order { price: 115455, size: 37632000000000, max_ts: 0, order_id: 34220773, kind: FloatingLimit, user: 6xjDCa6fpehWBQzEdDQW3Gv1kum3VzVKzZpXG4AKckJK, flags: 2 }, 657000000000)], slot: 399652306, has_vamm_cross: true, is_partial: false, taker_direction: Short })] }
[2026-02-12T00:25:15Z INFO  filler] try fill auction order: L3Order { price: 0, size: 657000000000, max_ts: 1770855915, order_id: 5018, kind: Oracle, user: pGr2WpdDowT21MLj7GWNRLduUcdshVqj4AeZbi98Jy1, flags: 1 }
[2026-02-12T00:25:15Z INFO  filler] skip vamm cross too small: MakerCrosses { orders: [(L3Order { price: 115455, size: 37632000000000, max_ts: 0, order_id: 34220773, kind: FloatingLimit, user: 6xjDCa6fpehWBQzEdDQW3Gv1kum3VzVKzZpXG4AKckJK, flags: 2 }, 657000000000)], slot: 399652306, has_vamm_cross: true, is_partial: false, taker_direction: Short }
[2026-02-12T00:25:15Z INFO  filler] found limit crosses (market: 61), top bid: Some(L3Order { price: 115455, size: 37632000000000, max_ts: 0, order_id: 34220773, kind: FloatingLimit, user: 6xjDCa6fpehWBQzEdDQW3Gv1kum3VzVKzZpXG4AKckJK, flags: 2 }), top ask: Some(L3Order { price: 0, size: 657000000000, max_ts: 1770855915, order_id: 5018, kind: Oracle, user: pGr2WpdDowT21MLj7GWNRLduUcdshVqj4AeZbi98Jy1, flags: 1 })
[2026-02-12T00:25:15Z INFO  filler] try uncross book=61,slot=399652307
[2026-02-12T00:25:15Z INFO  filler] {"intent": "limit_uncross", "txn": "5951mFm3XbUP5YRbE3ESF47exoiVGXR4Q8oDPnHSKQa9KcbwBAppjeuBLTrkxzZ7zTqUSQDkCWMxHPBdvw3H4JNp", "observed_slot": 399652307}
[2026-02-12T00:25:15Z INFO  filler] {"intent": "limit_uncross", "txn": "35Y1nEj8XZ8CVECwypSj8BbRKjpWQeomqDVxBCZGBsLVB5LFwtRZPPpdFahGwVgMFgxscMcH4sRXPzrCrPX2cCKZ", "observed_slot": 399652307}
[2026-02-12T00:25:15Z INFO  filler] found auction crosses. market: 61, prices: [0], CrossesAndTopMakers { top_maker_asks: [CfELWppmk5iNNJ1pbix32X9DzPF1R8z9cqZyuhgScRSe, 6xjDCa6fpehWBQzEdDQW3Gv1kum3VzVKzZpXG4AKckJK, 73kMT9GhAAUgAz5TXoFLqqMtw4jRkn57MCEcoGdLCGxU], top_maker_bids: [6xjDCa6fpehWBQzEdDQW3Gv1kum3VzVKzZpXG4AKckJK], limit_crosses: None, vamm_taker_ask: None, vamm_taker_bid: None, crosses: [(L3Order { price: 0, size: 657000000000, max_ts: 1770855915, order_id: 5018, kind: Oracle, user: pGr2WpdDowT21MLj7GWNRLduUcdshVqj4AeZbi98Jy1, flags: 1 }, MakerCrosses { orders: [(L3Order { price: 115455, size: 37632000000000, max_ts: 0, order_id: 34220773, kind: FloatingLimit, user: 6xjDCa6fpehWBQzEdDQW3Gv1kum3VzVKzZpXG4AKckJK, flags: 2 }, 657000000000)], slot: 399652307, has_vamm_cross: true, is_partial: false, taker_direction: Short })] }
[2026-02-12T00:25:15Z INFO  filler] try fill auction order: L3Order { price: 0, size: 657000000000, max_ts: 1770855915, order_id: 5018, kind: Oracle, user: pGr2WpdDowT21MLj7GWNRLduUcdshVqj4AeZbi98Jy1, flags: 1 }
[2026-02-12T00:25:15Z INFO  filler] skip vamm cross too small: MakerCrosses { orders: [(L3Order { price: 115455, size: 37632000000000, max_ts: 0, order_id: 34220773, kind: FloatingLimit, user: 6xjDCa6fpehWBQzEdDQW3Gv1kum3VzVKzZpXG4AKckJK, flags: 2 }, 657000000000)], slot: 399652307, has_vamm_cross: true, is_partial: false, taker_direction: Short }
[2026-02-12T00:25:15Z INFO  filler] found limit crosses (market: 61), top bid: Some(L3Order { price: 115455, size: 37632000000000, max_ts: 0, order_id: 34220773, kind: FloatingLimit, user: 6xjDCa6fpehWBQzEdDQW3Gv1kum3VzVKzZpXG4AKckJK, flags: 2 }), top ask: Some(L3Order { price: 0, size: 657000000000, max_ts: 1770855915, order_id: 5018, kind: Oracle, user: pGr2WpdDowT21MLj7GWNRLduUcdshVqj4AeZbi98Jy1, flags: 1 })
[2026-02-12T00:25:15Z INFO  filler] try uncross book=61,slot=399652309
[2026-02-12T00:25:16Z INFO  filler] {"intent": "limit_uncross", "txn": "3xc335QFiz2bCtqBQs8ZRiam2SypY3YU3usVRdYADPbd4GSMLm8MsaARxrXhCja68zUxqs4aaTcrHqMwih2aBQER", "observed_slot": 399652309}
[2026-02-12T00:25:16Z INFO  filler] {"intent": "limit_uncross", "txn": "uoCwutk5by9U57iT491X7fUNdh7vpaXRZoac2r9H5b5VzVJ8qJefwNN1iGmPUaSHaXP23DjHpFqTXVnMQZXA2Hv", "observed_slot": 399652309}
[2026-02-12T00:25:21Z INFO  filler] new swift order. uuid=bhKEo7Ty, market=5
[2026-02-12T00:25:36Z INFO  filler] new swift order. uuid=Ro4UmNn5, market=5
[2026-02-12T00:25:36Z INFO  filler] found resting cross. crosses=MakerCrosses { orders: [], slot: 399652363, has_vamm_cross: true, is_partial: true, taker_direction: Long }
[2026-02-12T00:25:36Z INFO  filler] try fill swift order: Ro4UmNn5
[2026-02-12T00:25:36Z INFO  filler] {"intent": "swift_fill", "txn": "2Mszfd1e2wSsXGmRqsDT7KBaQCjtgzJ3dJNVLmweD2cYUGFQ7kgDwywZQKcCmsrSArzg13L6NGphPVL8Fna9nCYL", "observed_slot": 399652363}
[2026-02-12T00:25:38Z INFO  filler] found auction crosses. market: 30, prices: [84990], CrossesAndTopMakers { top_maker_asks: [3codT5zuMjVDSkmdKWhFb7DWUp839bQHC7HVehA3bQAH, 82QAVT9Lc4rtaZvLF5984zJTACdQembq4Ma8CWgv4zzd, 3codT5zuMjVDSkmdKWhFb7DWUp839bQHC7HVehA3bQAH], top_maker_bids: [3codT5zuMjVDSkmdKWhFb7DWUp839bQHC7HVehA3bQAH, Mf6b9nCntRQktb2D8u5x4PBRp9wYeHVeiVvWBWQPG5M, 3codT5zuMjVDSkmdKWhFb7DWUp839bQHC7HVehA3bQAH], limit_crosses: None, vamm_taker_ask: None, vamm_taker_bid: None, crosses: [(L3Order { price: 84990, size: 84884000000000, max_ts: 1770856309, order_id: 29967, kind: Oracle, user: HNLDBTt7XoCdzCeK2urSaTsMaKJDs5Le8oMKqwohwYuQ, flags: 0 }, MakerCrosses { orders: [], slot: 399652367, has_vamm_cross: true, is_partial: true, taker_direction: Short })] }
[2026-02-12T00:25:38Z INFO  filler] try fill auction order: L3Order { price: 84990, size: 84884000000000, max_ts: 1770856309, order_id: 29967, kind: Oracle, user: HNLDBTt7XoCdzCeK2urSaTsMaKJDs5Le8oMKqwohwYuQ, flags: 0 }
[2026-02-12T00:25:38Z INFO  filler] skip vamm cross too small: MakerCrosses { orders: [], slot: 399652367, has_vamm_cross: true, is_partial: true, taker_direction: Short }
[2026-02-12T00:25:38Z INFO  filler] found auction crosses. market: 30, prices: [84990], CrossesAndTopMakers { top_maker_asks: [3codT5zuMjVDSkmdKWhFb7DWUp839bQHC7HVehA3bQAH, 82QAVT9Lc4rtaZvLF5984zJTACdQembq4Ma8CWgv4zzd, 3codT5zuMjVDSkmdKWhFb7DWUp839bQHC7HVehA3bQAH], top_maker_bids: [3codT5zuMjVDSkmdKWhFb7DWUp839bQHC7HVehA3bQAH, Mf6b9nCntRQktb2D8u5x4PBRp9wYeHVeiVvWBWQPG5M, 3codT5zuMjVDSkmdKWhFb7DWUp839bQHC7HVehA3bQAH], limit_crosses: None, vamm_taker_ask: None, vamm_taker_bid: None, crosses: [(L3Order { price: 84990, size: 84884000000000, max_ts: 1770856309, order_id: 29967, kind: Oracle, user: HNLDBTt7XoCdzCeK2urSaTsMaKJDs5Le8oMKqwohwYuQ, flags: 0 }, MakerCrosses { orders: [], slot: 399652368, has_vamm_cross: true, is_partial: true, taker_direction: Short })] }
[2026-02-12T00:25:38Z INFO  filler] try fill auction order: L3Order { price: 84990, size: 84884000000000, max_ts: 1770856309, order_id: 29967, kind: Oracle, user: HNLDBTt7XoCdzCeK2urSaTsMaKJDs5Le8oMKqwohwYuQ, flags: 0 }
[2026-02-12T00:25:38Z INFO  filler] skip vamm cross too small: MakerCrosses { orders: [], slot: 399652368, has_vamm_cross: true, is_partial: true, taker_direction: Short }
[2026-02-12T00:25:40Z INFO  filler] found auction crosses. market: 30, prices: [84999], CrossesAndTopMakers { top_maker_asks: [3codT5zuMjVDSkmdKWhFb7DWUp839bQHC7HVehA3bQAH, 82QAVT9Lc4rtaZvLF5984zJTACdQembq4Ma8CWgv4zzd, 3codT5zuMjVDSkmdKWhFb7DWUp839bQHC7HVehA3bQAH], top_maker_bids: [3codT5zuMjVDSkmdKWhFb7DWUp839bQHC7HVehA3bQAH, Mf6b9nCntRQktb2D8u5x4PBRp9wYeHVeiVvWBWQPG5M, 3codT5zuMjVDSkmdKWhFb7DWUp839bQHC7HVehA3bQAH], limit_crosses: None, vamm_taker_ask: None, vamm_taker_bid: None, crosses: [(L3Order { price: 84999, size: 84884000000000, max_ts: 1770856309, order_id: 29967, kind: Oracle, user: HNLDBTt7XoCdzCeK2urSaTsMaKJDs5Le8oMKqwohwYuQ, flags: 0 }, MakerCrosses { orders: [], slot: 399652373, has_vamm_cross: true, is_partial: true, taker_direction: Short })] }
[2026-02-12T00:25:40Z INFO  filler] try fill auction order: L3Order { price: 84999, size: 84884000000000, max_ts: 1770856309, order_id: 29967, kind: Oracle, user: HNLDBTt7XoCdzCeK2urSaTsMaKJDs5Le8oMKqwohwYuQ, flags: 0 }
[2026-02-12T00:25:40Z INFO  filler] skip vamm cross too small: MakerCrosses { orders: [], slot: 399652373, has_vamm_cross: true, is_partial: true, taker_direction: Short }
[2026-02-12T00:25:40Z INFO  filler] found auction crosses. market: 30, prices: [84999], CrossesAndTopMakers { top_maker_asks: [3codT5zuMjVDSkmdKWhFb7DWUp839bQHC7HVehA3bQAH, 82QAVT9Lc4rtaZvLF5984zJTACdQembq4Ma8CWgv4zzd, 3codT5zuMjVDSkmdKWhFb7DWUp839bQHC7HVehA3bQAH], top_maker_bids: [3codT5zuMjVDSkmdKWhFb7DWUp839bQHC7HVehA3bQAH, Mf6b9nCntRQktb2D8u5x4PBRp9wYeHVeiVvWBWQPG5M, 3codT5zuMjVDSkmdKWhFb7DWUp839bQHC7HVehA3bQAH], limit_crosses: None, vamm_taker_ask: None, vamm_taker_bid: None, crosses: [(L3Order { price: 84999, size: 84884000000000, max_ts: 1770856309, order_id: 29967, kind: Oracle, user: HNLDBTt7XoCdzCeK2urSaTsMaKJDs5Le8oMKqwohwYuQ, flags: 0 }, MakerCrosses { orders: [], slot: 399652374, has_vamm_cross: true, is_partial: true, taker_direction: Short })] }
[2026-02-12T00:25:40Z INFO  filler] try fill auction order: L3Order { price: 84999, size: 84884000000000, max_ts: 1770856309, order_id: 29967, kind: Oracle, user: HNLDBTt7XoCdzCeK2urSaTsMaKJDs5Le8oMKqwohwYuQ, flags: 0 }
[2026-02-12T00:25:40Z INFO  filler] skip vamm cross too small: MakerCrosses { orders: [], slot: 399652374, has_vamm_cross: true, is_partial: true, taker_direction: Short }
[2026-02-12T00:25:41Z INFO  filler] new swift order. uuid=Nvkqrhwb, market=62
[2026-02-12T00:25:43Z INFO  filler] found auction crosses. market: 30, prices: [85029], CrossesAndTopMakers { top_maker_asks: [3codT5zuMjVDSkmdKWhFb7DWUp839bQHC7HVehA3bQAH, 82QAVT9Lc4rtaZvLF5984zJTACdQembq4Ma8CWgv4zzd, 3codT5zuMjVDSkmdKWhFb7DWUp839bQHC7HVehA3bQAH], top_maker_bids: [3codT5zuMjVDSkmdKWhFb7DWUp839bQHC7HVehA3bQAH, Mf6b9nCntRQktb2D8u5x4PBRp9wYeHVeiVvWBWQPG5M, 3codT5zuMjVDSkmdKWhFb7DWUp839bQHC7HVehA3bQAH], limit_crosses: None, vamm_taker_ask: None, vamm_taker_bid: None, crosses: [(L3Order { price: 85029, size: 84884000000000, max_ts: 1770856309, order_id: 29967, kind: Oracle, user: HNLDBTt7XoCdzCeK2urSaTsMaKJDs5Le8oMKqwohwYuQ, flags: 0 }, MakerCrosses { orders: [], slot: 399652382, has_vamm_cross: true, is_partial: true, taker_direction: Short })] }
[2026-02-12T00:25:43Z INFO  filler] try fill auction order: L3Order { price: 85029, size: 84884000000000, max_ts: 1770856309, order_id: 29967, kind: Oracle, user: HNLDBTt7XoCdzCeK2urSaTsMaKJDs5Le8oMKqwohwYuQ, flags: 0 }
[2026-02-12T00:25:43Z INFO  filler] skip vamm cross too small: MakerCrosses { orders: [], slot: 399652382, has_vamm_cross: true, is_partial: true, taker_direction: Short }
[2026-02-12T00:25:47Z WARN  dlob] remove order failed: 4655655018096411627 not removed. kind: Oracle, user: pGr2WpdDowT21MLj7GWNRLduUcdshVqj4AeZbi98Jy1, order_id: 5018
[2026-02-12T00:25:48Z INFO  filler] found auction crosses. market: 30, prices: [85028], CrossesAndTopMakers { top_maker_asks: [3codT5zuMjVDSkmdKWhFb7DWUp839bQHC7HVehA3bQAH, 82QAVT9Lc4rtaZvLF5984zJTACdQembq4Ma8CWgv4zzd, 3codT5zuMjVDSkmdKWhFb7DWUp839bQHC7HVehA3bQAH], top_maker_bids: [3codT5zuMjVDSkmdKWhFb7DWUp839bQHC7HVehA3bQAH, Mf6b9nCntRQktb2D8u5x4PBRp9wYeHVeiVvWBWQPG5M, 3codT5zuMjVDSkmdKWhFb7DWUp839bQHC7HVehA3bQAH], limit_crosses: None, vamm_taker_ask: None, vamm_taker_bid: None, crosses: [(L3Order { price: 85028, size: 84884000000000, max_ts: 1770856309, order_id: 29967, kind: Oracle, user: HNLDBTt7XoCdzCeK2urSaTsMaKJDs5Le8oMKqwohwYuQ, flags: 0 }, MakerCrosses { orders: [], slot: 399652392, has_vamm_cross: true, is_partial: true, taker_direction: Short })] }
[2026-02-12T00:25:48Z INFO  filler] try fill auction order: L3Order { price: 85028, size: 84884000000000, max_ts: 1770856309, order_id: 29967, kind: Oracle, user: HNLDBTt7XoCdzCeK2urSaTsMaKJDs5Le8oMKqwohwYuQ, flags: 0 }
[2026-02-12T00:25:48Z INFO  filler] skip vamm cross too small: MakerCrosses { orders: [], slot: 399652392, has_vamm_cross: true, is_partial: true, taker_direction: Short }
[2026-02-12T00:25:51Z INFO  filler] new swift order. uuid=XyauC-o3, market=5
[2026-02-12T00:25:51Z INFO  filler] found resting cross. crosses=MakerCrosses { orders: [], slot: 399652401, has_vamm_cross: true, is_partial: true, taker_direction: Long }
[2026-02-12T00:25:51Z INFO  filler] try fill swift order: XyauC-o3
[2026-02-12T00:25:51Z INFO  filler] {"intent": "swift_fill", "txn": "6WbHEwRG6tPhJUUxTFH8UWTuxPJW8M9tMgJTjzRLsZk6L9p8yd8zmgHNPj8UcShy6155ZFaJiFMpYV5hm1Lx2K7", "observed_slot": 399652401}
[2026-02-12T00:25:51Z INFO  filler] found auction crosses. market: 5, prices: [89400], CrossesAndTopMakers { top_maker_asks: [D385CaNDSGKytDDLDRhP6DWAECQuaiSrJB57MNpGkENv, dj5WrD8R1bxejZ2uZfZm66AUqYCTVcCypzJY7Lbqx8K, 8zgRg3BzSeSxjZ6oFdY4FiKoc2jojSaP9aTAMsGsexPJ], top_maker_bids: [5hJa6iHPeTFbwKnVDwNFpCns4Dt9tWhPSj6GmEJYJtBY], limit_crosses: None, vamm_taker_ask: None, vamm_taker_bid: None, crosses: [(L3Order { price: 89400, size: 217000000000, max_ts: 1770855965, order_id: 256226, kind: Market, user: EaQEJCzCwmPJcZDf3ALLtgS3Q3hVUR7x6wfoqYGnZWSd, flags: 3 }, MakerCrosses { orders: [], slot: 399652401, has_vamm_cross: true, is_partial: true, taker_direction: Long })] }
[2026-02-12T00:25:51Z INFO  filler] try fill auction order: L3Order { price: 89400, size: 217000000000, max_ts: 1770855965, order_id: 256226, kind: Market, user: EaQEJCzCwmPJcZDf3ALLtgS3Q3hVUR7x6wfoqYGnZWSd, flags: 3 }
[2026-02-12T00:25:51Z INFO  filler] {"intent": "auction_fill_vamm", "txn": "3RTWi3XiShRzj6aFqYGxF53MaQux1NaSrYBHHP4FV7kAX2fcQTMkpxT5zdeKxuKCoMXwXXLB9Dcfm352YhC9Vhmj", "observed_slot": 399652401}
[2026-02-12T00:25:51Z INFO  filler] found auction crosses. market: 5, prices: [89400], CrossesAndTopMakers { top_maker_asks: [D385CaNDSGKytDDLDRhP6DWAECQuaiSrJB57MNpGkENv, dj5WrD8R1bxejZ2uZfZm66AUqYCTVcCypzJY7Lbqx8K, 8zgRg3BzSeSxjZ6oFdY4FiKoc2jojSaP9aTAMsGsexPJ], top_maker_bids: [5hJa6iHPeTFbwKnVDwNFpCns4Dt9tWhPSj6GmEJYJtBY], limit_crosses: None, vamm_taker_ask: None, vamm_taker_bid: None, crosses: [(L3Order { price: 89400, size: 217000000000, max_ts: 1770855965, order_id: 256226, kind: Market, user: EaQEJCzCwmPJcZDf3ALLtgS3Q3hVUR7x6wfoqYGnZWSd, flags: 3 }, MakerCrosses { orders: [], slot: 399652402, has_vamm_cross: true, is_partial: true, taker_direction: Long })] }
[2026-02-12T00:25:51Z INFO  filler] try fill auction order: L3Order { price: 89400, size: 217000000000, max_ts: 1770855965, order_id: 256226, kind: Market, user: EaQEJCzCwmPJcZDf3ALLtgS3Q3hVUR7x6wfoqYGnZWSd, flags: 3 }
[2026-02-12T00:25:51Z INFO  filler] {"intent": "auction_fill_vamm", "txn": "22eVrAt6MFSUxBnpmTGmwLPxkmkSqvMHGk8f5fNQNzsxVopGgq1RFZSoYxqbxBNbRv53PkxK6sX384KzqWNamUkh", "observed_slot": 399652402}
[2026-02-12T00:25:53Z INFO  filler] found auction crosses. market: 5, prices: [89400], CrossesAndTopMakers { top_maker_asks: [D385CaNDSGKytDDLDRhP6DWAECQuaiSrJB57MNpGkENv, dj5WrD8R1bxejZ2uZfZm66AUqYCTVcCypzJY7Lbqx8K, 8zgRg3BzSeSxjZ6oFdY4FiKoc2jojSaP9aTAMsGsexPJ], top_maker_bids: [5hJa6iHPeTFbwKnVDwNFpCns4Dt9tWhPSj6GmEJYJtBY], limit_crosses: None, vamm_taker_ask: None, vamm_taker_bid: None, crosses: [(L3Order { price: 89400, size: 217000000000, max_ts: 1770855965, order_id: 256226, kind: Market, user: EaQEJCzCwmPJcZDf3ALLtgS3Q3hVUR7x6wfoqYGnZWSd, flags: 3 }, MakerCrosses { orders: [], slot: 399652407, has_vamm_cross: true, is_partial: true, taker_direction: Long })] }
[2026-02-12T00:25:53Z INFO  filler] try fill auction order: L3Order { price: 89400, size: 217000000000, max_ts: 1770855965, order_id: 256226, kind: Market, user: EaQEJCzCwmPJcZDf3ALLtgS3Q3hVUR7x6wfoqYGnZWSd, flags: 3 }
[2026-02-12T00:25:53Z INFO  filler] {"intent": "auction_fill_vamm", "txn": "4HXVnxbZiu3nSNmoRKhMbEEMHr9LDaetbM1CdS1yxYHRbbyi8ryF1NfvwfDpWXeG3xXNYHeZayKF6zh1n3YN1Bks", "observed_slot": 399652407}
[2026-02-12T00:25:53Z INFO  filler] found auction crosses. market: 5, prices: [89400], CrossesAndTopMakers { top_maker_asks: [D385CaNDSGKytDDLDRhP6DWAECQuaiSrJB57MNpGkENv, dj5WrD8R1bxejZ2uZfZm66AUqYCTVcCypzJY7Lbqx8K, 8zgRg3BzSeSxjZ6oFdY4FiKoc2jojSaP9aTAMsGsexPJ], top_maker_bids: [5hJa6iHPeTFbwKnVDwNFpCns4Dt9tWhPSj6GmEJYJtBY], limit_crosses: None, vamm_taker_ask: None, vamm_taker_bid: None, crosses: [(L3Order { price: 89400, size: 217000000000, max_ts: 1770855965, order_id: 256226, kind: Market, user: EaQEJCzCwmPJcZDf3ALLtgS3Q3hVUR7x6wfoqYGnZWSd, flags: 3 }, MakerCrosses { orders: [], slot: 399652408, has_vamm_cross: true, is_partial: true, taker_direction: Long })] }
[2026-02-12T00:25:53Z INFO  filler] try fill auction order: L3Order { price: 89400, size: 217000000000, max_ts: 1770855965, order_id: 256226, kind: Market, user: EaQEJCzCwmPJcZDf3ALLtgS3Q3hVUR7x6wfoqYGnZWSd, flags: 3 }
[2026-02-12T00:25:53Z INFO  filler] {"intent": "auction_fill_vamm", "txn": "2kKWpCTeoWRzNWezZv4f6LUb23VUAxMxxRQNrBq5xTYJxNaWudXHWGhZk7KrHNEWbiW8ecxg4WAWWZuxr75rYqDh", "observed_slot": 399652408}
[2026-02-12T00:25:56Z INFO  filler] found auction crosses. market: 5, prices: [89400], CrossesAndTopMakers { top_maker_asks: [D385CaNDSGKytDDLDRhP6DWAECQuaiSrJB57MNpGkENv, dj5WrD8R1bxejZ2uZfZm66AUqYCTVcCypzJY7Lbqx8K, 8zgRg3BzSeSxjZ6oFdY4FiKoc2jojSaP9aTAMsGsexPJ], top_maker_bids: [5hJa6iHPeTFbwKnVDwNFpCns4Dt9tWhPSj6GmEJYJtBY], limit_crosses: None, vamm_taker_ask: None, vamm_taker_bid: None, crosses: [(L3Order { price: 89400, size: 217000000000, max_ts: 1770855965, order_id: 256226, kind: Market, user: EaQEJCzCwmPJcZDf3ALLtgS3Q3hVUR7x6wfoqYGnZWSd, flags: 3 }, MakerCrosses { orders: [], slot: 399652413, has_vamm_cross: true, is_partial: true, taker_direction: Long })] }
[2026-02-12T00:25:56Z INFO  filler] try fill auction order: L3Order { price: 89400, size: 217000000000, max_ts: 1770855965, order_id: 256226, kind: Market, user: EaQEJCzCwmPJcZDf3ALLtgS3Q3hVUR7x6wfoqYGnZWSd, flags: 3 }
[2026-02-12T00:25:56Z INFO  filler] {"intent": "auction_fill_vamm", "txn": "om7caPn8y6UcnkuoK326dHtdVzsnFgiwd8eYMQChzKSQDij6CNX177FVTkscx3E2xHbBc2FZHaVbA6qpjv6yTAa", "observed_slot": 399652413}
[2026-02-12T00:26:07Z INFO  filler] new swift order. uuid=DQ4nLGO9, market=5
[2026-02-12T00:26:07Z INFO  filler] found resting cross. crosses=MakerCrosses { orders: [], slot: 399652442, has_vamm_cross: true, is_partial: true, taker_direction: Long }
[2026-02-12T00:26:07Z INFO  filler] try fill swift order: DQ4nLGO9
[2026-02-12T00:26:07Z INFO  filler] {"intent": "swift_fill", "txn": "4UozH4WtuosfqmeECFAZHycyvxiPRwp6JkLMDrkSbQHcgHyaYR6cmZok2Ef5ezZRpdLbRNhG7RYrkKNYEfiY6NCy", "observed_slot": 399652442}
[2026-02-12T00:26:24Z INFO  filler] new swift order. uuid=ww0eoh6u, market=5
[2026-02-12T00:26:24Z INFO  filler] found resting cross. crosses=MakerCrosses { orders: [], slot: 399652487, has_vamm_cross: true, is_partial: true, taker_direction: Long }
[2026-02-12T00:26:24Z INFO  filler] try fill swift order: ww0eoh6u
[2026-02-12T00:26:24Z INFO  filler] {"intent": "swift_fill", "txn": "usMj8pQJ5LSTp1nUV67S6obNiQgJyBgBPS15JajBgfyCbwqauHCEDTm7iT3rjzsRwzUs6UDmiBEiTCQJD4ciNK6", "observed_slot": 399652487}
[2026-02-12T00:26:25Z INFO  filler] found limit crosses (market: 0), top bid: Some(L3Order { price: 79662300, size: 120000000, max_ts: 1770856014, order_id: 89186, kind: Limit, user: E6nHxtCPwiaKep7WmybLGhV8Jh5G4NFJNnAvweDawG5D, flags: 10 }), top ask: Some(L3Order { price: 79645700, size: 10230000000, max_ts: 0, order_id: 39106351, kind: Limit, user: BrRpSaQ6hFDw8darPCyP9Sw7sjydMFQqB4ECAotXSEci, flags: 8 })
[2026-02-12T00:26:25Z INFO  filler] try uncross book=0,slot=399652489
[2026-02-12T00:26:25Z INFO  filler] new swift order. uuid=Fn5t24LH, market=5
[2026-02-12T00:26:25Z INFO  filler] found resting cross. crosses=MakerCrosses { orders: [], slot: 399652490, has_vamm_cross: true, is_partial: true, taker_direction: Long }
[2026-02-12T00:26:25Z INFO  filler] try fill swift order: Fn5t24LH
[2026-02-12T00:26:25Z INFO  filler] {"intent": "swift_fill", "txn": "4DqhPzarVgJHoahjUZh3waewjixyVTqS88azNnxcHgjQ8m1i8pycUNTLkRU1zaetQYz1vtG24LDMv5dqvYEYa1RU", "observed_slot": 399652490}
[2026-02-12T00:26:26Z INFO  filler] found limit crosses (market: 0), top bid: Some(L3Order { price: 79662300, size: 120000000, max_ts: 1770856014, order_id: 89186, kind: Limit, user: E6nHxtCPwiaKep7WmybLGhV8Jh5G4NFJNnAvweDawG5D, flags: 10 }), top ask: Some(L3Order { price: 79645700, size: 10230000000, max_ts: 0, order_id: 39106351, kind: Limit, user: BrRpSaQ6hFDw8darPCyP9Sw7sjydMFQqB4ECAotXSEci, flags: 8 })
[2026-02-12T00:26:26Z INFO  filler] try uncross book=0,slot=399652491
[2026-02-12T00:26:26Z INFO  filler] found limit crosses (market: 0), top bid: Some(L3Order { price: 79662300, size: 120000000, max_ts: 1770856014, order_id: 89186, kind: Limit, user: E6nHxtCPwiaKep7WmybLGhV8Jh5G4NFJNnAvweDawG5D, flags: 10 }), top ask: Some(L3Order { price: 79645700, size: 10230000000, max_ts: 0, order_id: 39106351, kind: Limit, user: BrRpSaQ6hFDw8darPCyP9Sw7sjydMFQqB4ECAotXSEci, flags: 8 })
[2026-02-12T00:26:26Z INFO  filler] try uncross book=0,slot=399652493
[2026-02-12T00:26:27Z INFO  filler] found limit crosses (market: 0), top bid: Some(L3Order { price: 79662300, size: 120000000, max_ts: 1770856014, order_id: 89186, kind: Limit, user: E6nHxtCPwiaKep7WmybLGhV8Jh5G4NFJNnAvweDawG5D, flags: 10 }), top ask: Some(L3Order { price: 79645700, size: 10230000000, max_ts: 0, order_id: 39106351, kind: Limit, user: BrRpSaQ6hFDw8darPCyP9Sw7sjydMFQqB4ECAotXSEci, flags: 8 })
[2026-02-12T00:26:27Z INFO  filler] try uncross book=0,slot=399652495
[2026-02-12T00:26:28Z INFO  filler] found limit crosses (market: 0), top bid: Some(L3Order { price: 79662300, size: 120000000, max_ts: 1770856014, order_id: 89186, kind: Limit, user: E6nHxtCPwiaKep7WmybLGhV8Jh5G4NFJNnAvweDawG5D, flags: 10 }), top ask: Some(L3Order { price: 79645700, size: 10230000000, max_ts: 0, order_id: 39106351, kind: Limit, user: BrRpSaQ6hFDw8darPCyP9Sw7sjydMFQqB4ECAotXSEci, flags: 8 })
[2026-02-12T00:26:28Z INFO  filler] try uncross book=0,slot=399652497
[2026-02-12T00:26:29Z INFO  filler] found limit crosses (market: 0), top bid: Some(L3Order { price: 79662300, size: 120000000, max_ts: 1770856014, order_id: 89186, kind: Limit, user: E6nHxtCPwiaKep7WmybLGhV8Jh5G4NFJNnAvweDawG5D, flags: 10 }), top ask: Some(L3Order { price: 79645700, size: 10230000000, max_ts: 0, order_id: 39106351, kind: Limit, user: BrRpSaQ6hFDw8darPCyP9Sw7sjydMFQqB4ECAotXSEci, flags: 8 })
[2026-02-12T00:26:29Z INFO  filler] try uncross book=0,slot=399652499
[2026-02-12T00:26:29Z INFO  filler] found limit crosses (market: 0), top bid: Some(L3Order { price: 79662300, size: 120000000, max_ts: 1770856014, order_id: 89186, kind: Limit, user: E6nHxtCPwiaKep7WmybLGhV8Jh5G4NFJNnAvweDawG5D, flags: 10 }), top ask: Some(L3Order { price: 79645700, size: 10230000000, max_ts: 0, order_id: 39106351, kind: Limit, user: BrRpSaQ6hFDw8darPCyP9Sw7sjydMFQqB4ECAotXSEci, flags: 8 })
[2026-02-12T00:26:29Z INFO  filler] try uncross book=0,slot=399652501
[2026-02-12T00:26:30Z INFO  filler] found limit crosses (market: 0), top bid: Some(L3Order { price: 79662300, size: 120000000, max_ts: 1770856014, order_id: 89186, kind: Limit, user: E6nHxtCPwiaKep7WmybLGhV8Jh5G4NFJNnAvweDawG5D, flags: 10 }), top ask: Some(L3Order { price: 79645700, size: 10230000000, max_ts: 0, order_id: 39106351, kind: Limit, user: BrRpSaQ6hFDw8darPCyP9Sw7sjydMFQqB4ECAotXSEci, flags: 8 })
[2026-02-12T00:26:30Z INFO  filler] try uncross book=0,slot=399652503
[2026-02-12T00:26:31Z INFO  filler] found limit crosses (market: 0), top bid: Some(L3Order { price: 79662300, size: 120000000, max_ts: 1770856014, order_id: 89186, kind: Limit, user: E6nHxtCPwiaKep7WmybLGhV8Jh5G4NFJNnAvweDawG5D, flags: 10 }), top ask: Some(L3Order { price: 79645700, size: 10230000000, max_ts: 0, order_id: 39106351, kind: Limit, user: BrRpSaQ6hFDw8darPCyP9Sw7sjydMFQqB4ECAotXSEci, flags: 8 })
[2026-02-12T00:26:31Z INFO  filler] try uncross book=0,slot=399652505
[2026-02-12T00:26:32Z INFO  filler] found limit crosses (market: 0), top bid: Some(L3Order { price: 79662300, size: 120000000, max_ts: 1770856014, order_id: 89186, kind: Limit, user: E6nHxtCPwiaKep7WmybLGhV8Jh5G4NFJNnAvweDawG5D, flags: 10 }), top ask: Some(L3Order { price: 79645700, size: 10230000000, max_ts: 0, order_id: 39106351, kind: Limit, user: BrRpSaQ6hFDw8darPCyP9Sw7sjydMFQqB4ECAotXSEci, flags: 8 })
[2026-02-12T00:26:32Z INFO  filler] try uncross book=0,slot=399652507
[2026-02-12T00:26:33Z INFO  filler] found limit crosses (market: 0), top bid: Some(L3Order { price: 79662300, size: 120000000, max_ts: 1770856014, order_id: 89186, kind: Limit, user: E6nHxtCPwiaKep7WmybLGhV8Jh5G4NFJNnAvweDawG5D, flags: 10 }), top ask: Some(L3Order { price: 79645700, size: 10230000000, max_ts: 0, order_id: 39106351, kind: Limit, user: BrRpSaQ6hFDw8darPCyP9Sw7sjydMFQqB4ECAotXSEci, flags: 8 })
[2026-02-12T00:26:33Z INFO  filler] try uncross book=0,slot=399652509
[2026-02-12T00:26:33Z INFO  filler] found limit crosses (market: 0), top bid: Some(L3Order { price: 79662300, size: 120000000, max_ts: 1770856014, order_id: 89186, kind: Limit, user: E6nHxtCPwiaKep7WmybLGhV8Jh5G4NFJNnAvweDawG5D, flags: 10 }), top ask: Some(L3Order { price: 79645700, size: 10230000000, max_ts: 0, order_id: 39106351, kind: Limit, user: BrRpSaQ6hFDw8darPCyP9Sw7sjydMFQqB4ECAotXSEci, flags: 8 })
[2026-02-12T00:26:33Z INFO  filler] try uncross book=0,slot=399652511
[2026-02-12T00:26:34Z INFO  filler] found limit crosses (market: 0), top bid: Some(L3Order { price: 79662300, size: 120000000, max_ts: 1770856014, order_id: 89186, kind: Limit, user: E6nHxtCPwiaKep7WmybLGhV8Jh5G4NFJNnAvweDawG5D, flags: 10 }), top ask: Some(L3Order { price: 79645700, size: 10230000000, max_ts: 0, order_id: 39106351, kind: Limit, user: BrRpSaQ6hFDw8darPCyP9Sw7sjydMFQqB4ECAotXSEci, flags: 8 })
[2026-02-12T00:26:34Z INFO  filler] try uncross book=0,slot=399652513
[2026-02-12T00:26:34Z INFO  filler] found auction crosses. market: 61, prices: [0], CrossesAndTopMakers { top_maker_asks: [CfELWppmk5iNNJ1pbix32X9DzPF1R8z9cqZyuhgScRSe, 6xjDCa6fpehWBQzEdDQW3Gv1kum3VzVKzZpXG4AKckJK, 73kMT9GhAAUgAz5TXoFLqqMtw4jRkn57MCEcoGdLCGxU], top_maker_bids: [6xjDCa6fpehWBQzEdDQW3Gv1kum3VzVKzZpXG4AKckJK], limit_crosses: None, vamm_taker_ask: None, vamm_taker_bid: None, crosses: [(L3Order { price: 0, size: 657000000000, max_ts: 1770856014, order_id: 5019, kind: Oracle, user: pGr2WpdDowT21MLj7GWNRLduUcdshVqj4AeZbi98Jy1, flags: 1 }, MakerCrosses { orders: [(L3Order { price: 115208, size: 37632000000000, max_ts: 0, order_id: 34220773, kind: FloatingLimit, user: 6xjDCa6fpehWBQzEdDQW3Gv1kum3VzVKzZpXG4AKckJK, flags: 2 }, 657000000000)], slot: 399652513, has_vamm_cross: true, is_partial: false, taker_direction: Short })] }
[2026-02-12T00:26:34Z INFO  filler] try fill auction order: L3Order { price: 0, size: 657000000000, max_ts: 1770856014, order_id: 5019, kind: Oracle, user: pGr2WpdDowT21MLj7GWNRLduUcdshVqj4AeZbi98Jy1, flags: 1 }
[2026-02-12T00:26:34Z INFO  filler] skip vamm cross too small: MakerCrosses { orders: [(L3Order { price: 115208, size: 37632000000000, max_ts: 0, order_id: 34220773, kind: FloatingLimit, user: 6xjDCa6fpehWBQzEdDQW3Gv1kum3VzVKzZpXG4AKckJK, flags: 2 }, 657000000000)], slot: 399652513, has_vamm_cross: true, is_partial: false, taker_direction: Short }
[2026-02-12T00:26:35Z INFO  filler] found limit crosses (market: 0), top bid: Some(L3Order { price: 79662300, size: 120000000, max_ts: 1770856014, order_id: 89186, kind: Limit, user: E6nHxtCPwiaKep7WmybLGhV8Jh5G4NFJNnAvweDawG5D, flags: 10 }), top ask: Some(L3Order { price: 79645700, size: 10230000000, max_ts: 0, order_id: 39106351, kind: Limit, user: BrRpSaQ6hFDw8darPCyP9Sw7sjydMFQqB4ECAotXSEci, flags: 8 })
[2026-02-12T00:26:35Z INFO  filler] try uncross book=0,slot=399652515
[2026-02-12T00:26:35Z INFO  filler] found auction crosses. market: 61, prices: [0], CrossesAndTopMakers { top_maker_asks: [CfELWppmk5iNNJ1pbix32X9DzPF1R8z9cqZyuhgScRSe, 6xjDCa6fpehWBQzEdDQW3Gv1kum3VzVKzZpXG4AKckJK, 73kMT9GhAAUgAz5TXoFLqqMtw4jRkn57MCEcoGdLCGxU], top_maker_bids: [6xjDCa6fpehWBQzEdDQW3Gv1kum3VzVKzZpXG4AKckJK], limit_crosses: None, vamm_taker_ask: None, vamm_taker_bid: None, crosses: [(L3Order { price: 0, size: 657000000000, max_ts: 1770856014, order_id: 5019, kind: Oracle, user: pGr2WpdDowT21MLj7GWNRLduUcdshVqj4AeZbi98Jy1, flags: 1 }, MakerCrosses { orders: [(L3Order { price: 115208, size: 37632000000000, max_ts: 0, order_id: 34220773, kind: FloatingLimit, user: 6xjDCa6fpehWBQzEdDQW3Gv1kum3VzVKzZpXG4AKckJK, flags: 2 }, 657000000000)], slot: 399652514, has_vamm_cross: true, is_partial: false, taker_direction: Short })] }
[2026-02-12T00:26:35Z INFO  filler] try fill auction order: L3Order { price: 0, size: 657000000000, max_ts: 1770856014, order_id: 5019, kind: Oracle, user: pGr2WpdDowT21MLj7GWNRLduUcdshVqj4AeZbi98Jy1, flags: 1 }
[2026-02-12T00:26:35Z INFO  filler] skip vamm cross too small: MakerCrosses { orders: [(L3Order { price: 115208, size: 37632000000000, max_ts: 0, order_id: 34220773, kind: FloatingLimit, user: 6xjDCa6fpehWBQzEdDQW3Gv1kum3VzVKzZpXG4AKckJK, flags: 2 }, 657000000000)], slot: 399652514, has_vamm_cross: true, is_partial: false, taker_direction: Short }
[2026-02-12T00:26:35Z INFO  filler] found limit crosses (market: 61), top bid: Some(L3Order { price: 115208, size: 37632000000000, max_ts: 0, order_id: 34220773, kind: FloatingLimit, user: 6xjDCa6fpehWBQzEdDQW3Gv1kum3VzVKzZpXG4AKckJK, flags: 2 }), top ask: Some(L3Order { price: 0, size: 657000000000, max_ts: 1770856014, order_id: 5019, kind: Oracle, user: pGr2WpdDowT21MLj7GWNRLduUcdshVqj4AeZbi98Jy1, flags: 1 })
[2026-02-12T00:26:35Z INFO  filler] try uncross book=61,slot=399652515
[2026-02-12T00:26:35Z INFO  filler] {"intent": "limit_uncross", "txn": "54BoaWMifkAApV1tz4nDfG2WP5DXiKyY2Um4J8ZEu14Wxi1YTJJhhCX9N8sq45Vs2CRwqEkuQRJrLL5hZ3HTpJrB", "observed_slot": 399652515}
[2026-02-12T00:26:35Z INFO  filler] {"intent": "limit_uncross", "txn": "3shk2QYq8WgRtHYNA6FU3uaY3Ym27Ai4fKDabXofxeYrn5yLNEPiynmTPYX4yjNPSRiK2TVKXv56bKdyKJdxumxE", "observed_slot": 399652515}
[2026-02-12T00:26:36Z INFO  filler] found limit crosses (market: 0), top bid: Some(L3Order { price: 79662300, size: 120000000, max_ts: 1770856014, order_id: 89186, kind: Limit, user: E6nHxtCPwiaKep7WmybLGhV8Jh5G4NFJNnAvweDawG5D, flags: 10 }), top ask: Some(L3Order { price: 79645700, size: 10230000000, max_ts: 0, order_id: 39106351, kind: Limit, user: BrRpSaQ6hFDw8darPCyP9Sw7sjydMFQqB4ECAotXSEci, flags: 8 })
[2026-02-12T00:26:36Z INFO  filler] try uncross book=0,slot=399652517
[2026-02-12T00:26:36Z INFO  filler] found limit crosses (market: 61), top bid: Some(L3Order { price: 115255, size: 37632000000000, max_ts: 0, order_id: 34220773, kind: FloatingLimit, user: 6xjDCa6fpehWBQzEdDQW3Gv1kum3VzVKzZpXG4AKckJK, flags: 2 }), top ask: Some(L3Order { price: 0, size: 657000000000, max_ts: 1770856014, order_id: 5019, kind: Oracle, user: pGr2WpdDowT21MLj7GWNRLduUcdshVqj4AeZbi98Jy1, flags: 1 })
[2026-02-12T00:26:36Z INFO  filler] try uncross book=61,slot=399652517
[2026-02-12T00:26:36Z INFO  filler] {"intent": "limit_uncross", "txn": "54BoaWMifkAApV1tz4nDfG2WP5DXiKyY2Um4J8ZEu14Wxi1YTJJhhCX9N8sq45Vs2CRwqEkuQRJrLL5hZ3HTpJrB", "observed_slot": 399652517}
[2026-02-12T00:26:36Z INFO  filler] {"intent": "limit_uncross", "txn": "3shk2QYq8WgRtHYNA6FU3uaY3Ym27Ai4fKDabXofxeYrn5yLNEPiynmTPYX4yjNPSRiK2TVKXv56bKdyKJdxumxE", "observed_slot": 399652517}
[2026-02-12T00:26:36Z INFO  filler] found limit crosses (market: 0), top bid: Some(L3Order { price: 79662300, size: 120000000, max_ts: 1770856014, order_id: 89186, kind: Limit, user: E6nHxtCPwiaKep7WmybLGhV8Jh5G4NFJNnAvweDawG5D, flags: 10 }), top ask: Some(L3Order { price: 79645700, size: 10230000000, max_ts: 0, order_id: 39106351, kind: Limit, user: BrRpSaQ6hFDw8darPCyP9Sw7sjydMFQqB4ECAotXSEci, flags: 8 })
[2026-02-12T00:26:36Z INFO  filler] try uncross book=0,slot=399652519
[2026-02-12T00:26:36Z INFO  filler] found limit crosses (market: 61), top bid: Some(L3Order { price: 115255, size: 37632000000000, max_ts: 0, order_id: 34220773, kind: FloatingLimit, user: 6xjDCa6fpehWBQzEdDQW3Gv1kum3VzVKzZpXG4AKckJK, flags: 2 }), top ask: Some(L3Order { price: 0, size: 657000000000, max_ts: 1770856014, order_id: 5019, kind: Oracle, user: pGr2WpdDowT21MLj7GWNRLduUcdshVqj4AeZbi98Jy1, flags: 1 })
[2026-02-12T00:26:36Z INFO  filler] try uncross book=61,slot=399652519
[2026-02-12T00:26:36Z INFO  filler] {"intent": "limit_uncross", "txn": "3shk2QYq8WgRtHYNA6FU3uaY3Ym27Ai4fKDabXofxeYrn5yLNEPiynmTPYX4yjNPSRiK2TVKXv56bKdyKJdxumxE", "observed_slot": 399652519}
[2026-02-12T00:26:36Z INFO  filler] {"intent": "limit_uncross", "txn": "54BoaWMifkAApV1tz4nDfG2WP5DXiKyY2Um4J8ZEu14Wxi1YTJJhhCX9N8sq45Vs2CRwqEkuQRJrLL5hZ3HTpJrB", "observed_slot": 399652519}
[2026-02-12T00:26:37Z INFO  filler] found auction crosses. market: 61, prices: [0], CrossesAndTopMakers { top_maker_asks: [CfELWppmk5iNNJ1pbix32X9DzPF1R8z9cqZyuhgScRSe, 6xjDCa6fpehWBQzEdDQW3Gv1kum3VzVKzZpXG4AKckJK, 73kMT9GhAAUgAz5TXoFLqqMtw4jRkn57MCEcoGdLCGxU], top_maker_bids: [6xjDCa6fpehWBQzEdDQW3Gv1kum3VzVKzZpXG4AKckJK], limit_crosses: None, vamm_taker_ask: None, vamm_taker_bid: None, crosses: [(L3Order { price: 0, size: 657000000000, max_ts: 1770856014, order_id: 5019, kind: Oracle, user: pGr2WpdDowT21MLj7GWNRLduUcdshVqj4AeZbi98Jy1, flags: 1 }, MakerCrosses { orders: [(L3Order { price: 115255, size: 37632000000000, max_ts: 0, order_id: 34220773, kind: FloatingLimit, user: 6xjDCa6fpehWBQzEdDQW3Gv1kum3VzVKzZpXG4AKckJK, flags: 2 }, 657000000000)], slot: 399652519, has_vamm_cross: true, is_partial: false, taker_direction: Short })] }
[2026-02-12T00:26:37Z INFO  filler] try fill auction order: L3Order { price: 0, size: 657000000000, max_ts: 1770856014, order_id: 5019, kind: Oracle, user: pGr2WpdDowT21MLj7GWNRLduUcdshVqj4AeZbi98Jy1, flags: 1 }
[2026-02-12T00:26:37Z INFO  filler] skip vamm cross too small: MakerCrosses { orders: [(L3Order { price: 115255, size: 37632000000000, max_ts: 0, order_id: 34220773, kind: FloatingLimit, user: 6xjDCa6fpehWBQzEdDQW3Gv1kum3VzVKzZpXG4AKckJK, flags: 2 }, 657000000000)], slot: 399652519, has_vamm_cross: true, is_partial: false, taker_direction: Short }
[2026-02-12T00:26:37Z INFO  filler] found limit crosses (market: 0), top bid: Some(L3Order { price: 79662300, size: 120000000, max_ts: 1770856014, order_id: 89186, kind: Limit, user: E6nHxtCPwiaKep7WmybLGhV8Jh5G4NFJNnAvweDawG5D, flags: 10 }), top ask: Some(L3Order { price: 79645700, size: 10230000000, max_ts: 0, order_id: 39106351, kind: Limit, user: BrRpSaQ6hFDw8darPCyP9Sw7sjydMFQqB4ECAotXSEci, flags: 8 })
[2026-02-12T00:26:37Z INFO  filler] try uncross book=0,slot=399652521
[2026-02-12T00:26:37Z INFO  filler] found auction crosses. market: 61, prices: [0], CrossesAndTopMakers { top_maker_asks: [CfELWppmk5iNNJ1pbix32X9DzPF1R8z9cqZyuhgScRSe, 6xjDCa6fpehWBQzEdDQW3Gv1kum3VzVKzZpXG4AKckJK, 73kMT9GhAAUgAz5TXoFLqqMtw4jRkn57MCEcoGdLCGxU], top_maker_bids: [6xjDCa6fpehWBQzEdDQW3Gv1kum3VzVKzZpXG4AKckJK], limit_crosses: None, vamm_taker_ask: None, vamm_taker_bid: None, crosses: [(L3Order { price: 0, size: 657000000000, max_ts: 1770856014, order_id: 5019, kind: Oracle, user: pGr2WpdDowT21MLj7GWNRLduUcdshVqj4AeZbi98Jy1, flags: 1 }, MakerCrosses { orders: [(L3Order { price: 115255, size: 37632000000000, max_ts: 0, order_id: 34220773, kind: FloatingLimit, user: 6xjDCa6fpehWBQzEdDQW3Gv1kum3VzVKzZpXG4AKckJK, flags: 2 }, 657000000000)], slot: 399652520, has_vamm_cross: true, is_partial: false, taker_direction: Short })] }
[2026-02-12T00:26:37Z INFO  filler] try fill auction order: L3Order { price: 0, size: 657000000000, max_ts: 1770856014, order_id: 5019, kind: Oracle, user: pGr2WpdDowT21MLj7GWNRLduUcdshVqj4AeZbi98Jy1, flags: 1 }
[2026-02-12T00:26:37Z INFO  filler] skip vamm cross too small: MakerCrosses { orders: [(L3Order { price: 115255, size: 37632000000000, max_ts: 0, order_id: 34220773, kind: FloatingLimit, user: 6xjDCa6fpehWBQzEdDQW3Gv1kum3VzVKzZpXG4AKckJK, flags: 2 }, 657000000000)], slot: 399652520, has_vamm_cross: true, is_partial: false, taker_direction: Short }
[2026-02-12T00:26:37Z INFO  filler] found limit crosses (market: 61), top bid: Some(L3Order { price: 115255, size: 37632000000000, max_ts: 0, order_id: 34220773, kind: FloatingLimit, user: 6xjDCa6fpehWBQzEdDQW3Gv1kum3VzVKzZpXG4AKckJK, flags: 2 }), top ask: Some(L3Order { price: 0, size: 657000000000, max_ts: 1770856014, order_id: 5019, kind: Oracle, user: pGr2WpdDowT21MLj7GWNRLduUcdshVqj4AeZbi98Jy1, flags: 1 })
[2026-02-12T00:26:37Z INFO  filler] try uncross book=61,slot=399652521
[2026-02-12T00:26:37Z INFO  filler] {"intent": "limit_uncross", "txn": "nJXDfPUJ3WZpsfPkinEz6fqSRqZpQF4ZWSmjyQwqu7fwikVTpxbe7HFSKLZWtbXE26vuTqJQU26afxVsKWXVyAw", "observed_slot": 399652521}
[2026-02-12T00:26:37Z INFO  filler] {"intent": "limit_uncross", "txn": "4eZzGFs7oVo3j4jWFmCuTUjeDgsaWrsGDyWsahkp5FbJV3Bidhemarc35HGwmNyset1AdVgb8RbyT94Y27NbSGSW", "observed_slot": 399652521}
[2026-02-12T00:26:38Z INFO  filler] found limit crosses (market: 0), top bid: Some(L3Order { price: 79662300, size: 120000000, max_ts: 1770856014, order_id: 89186, kind: Limit, user: E6nHxtCPwiaKep7WmybLGhV8Jh5G4NFJNnAvweDawG5D, flags: 10 }), top ask: Some(L3Order { price: 79645700, size: 10230000000, max_ts: 0, order_id: 39106351, kind: Limit, user: BrRpSaQ6hFDw8darPCyP9Sw7sjydMFQqB4ECAotXSEci, flags: 8 })
[2026-02-12T00:26:38Z INFO  filler] try uncross book=0,slot=399652523
[2026-02-12T00:26:38Z INFO  filler] found limit crosses (market: 61), top bid: Some(L3Order { price: 115255, size: 37632000000000, max_ts: 0, order_id: 34220773, kind: FloatingLimit, user: 6xjDCa6fpehWBQzEdDQW3Gv1kum3VzVKzZpXG4AKckJK, flags: 2 }), top ask: Some(L3Order { price: 0, size: 657000000000, max_ts: 1770856014, order_id: 5019, kind: Oracle, user: pGr2WpdDowT21MLj7GWNRLduUcdshVqj4AeZbi98Jy1, flags: 1 })
[2026-02-12T00:26:38Z INFO  filler] try uncross book=61,slot=399652523
[2026-02-12T00:26:38Z INFO  filler] {"intent": "limit_uncross", "txn": "4eZzGFs7oVo3j4jWFmCuTUjeDgsaWrsGDyWsahkp5FbJV3Bidhemarc35HGwmNyset1AdVgb8RbyT94Y27NbSGSW", "observed_slot": 399652523}
[2026-02-12T00:26:38Z INFO  filler] {"intent": "limit_uncross", "txn": "nJXDfPUJ3WZpsfPkinEz6fqSRqZpQF4ZWSmjyQwqu7fwikVTpxbe7HFSKLZWtbXE26vuTqJQU26afxVsKWXVyAw", "observed_slot": 399652523}
[2026-02-12T00:26:39Z INFO  filler] found limit crosses (market: 0), top bid: Some(L3Order { price: 79662300, size: 120000000, max_ts: 1770856014, order_id: 89186, kind: Limit, user: E6nHxtCPwiaKep7WmybLGhV8Jh5G4NFJNnAvweDawG5D, flags: 10 }), top ask: Some(L3Order { price: 79645700, size: 10230000000, max_ts: 0, order_id: 39106351, kind: Limit, user: BrRpSaQ6hFDw8darPCyP9Sw7sjydMFQqB4ECAotXSEci, flags: 8 })
[2026-02-12T00:26:39Z INFO  filler] try uncross book=0,slot=399652525
[2026-02-12T00:26:39Z INFO  filler] found limit crosses (market: 61), top bid: Some(L3Order { price: 115255, size: 37632000000000, max_ts: 0, order_id: 34220773, kind: FloatingLimit, user: 6xjDCa6fpehWBQzEdDQW3Gv1kum3VzVKzZpXG4AKckJK, flags: 2 }), top ask: Some(L3Order { price: 0, size: 657000000000, max_ts: 1770856014, order_id: 5019, kind: Oracle, user: pGr2WpdDowT21MLj7GWNRLduUcdshVqj4AeZbi98Jy1, flags: 1 })
[2026-02-12T00:26:39Z INFO  filler] try uncross book=61,slot=399652525
[2026-02-12T00:26:39Z INFO  filler] {"intent": "limit_uncross", "txn": "5JAZV2UAxfppEy5uSqLDdM275kZB2A4xqUjin3ZeNyuL7N1WUgdQxeZY3hv7hFLkU1fAqqFHBa5NtFDDyULkSTKH", "observed_slot": 399652525}
[2026-02-12T00:26:39Z INFO  filler] {"intent": "limit_uncross", "txn": "2uw3CYsuu43CXFAMXCNb3Ca5TGGm7VjSCVGAJqT7wVzmAgo37zu68qU8jnVAtjML39G7N9qZobj6iNMEfrNKGtTZ", "observed_slot": 399652525}
[2026-02-12T00:26:39Z INFO  filler] found auction crosses. market: 61, prices: [0], CrossesAndTopMakers { top_maker_asks: [CfELWppmk5iNNJ1pbix32X9DzPF1R8z9cqZyuhgScRSe, 6xjDCa6fpehWBQzEdDQW3Gv1kum3VzVKzZpXG4AKckJK, 73kMT9GhAAUgAz5TXoFLqqMtw4jRkn57MCEcoGdLCGxU], top_maker_bids: [6xjDCa6fpehWBQzEdDQW3Gv1kum3VzVKzZpXG4AKckJK], limit_crosses: None, vamm_taker_ask: None, vamm_taker_bid: None, crosses: [(L3Order { price: 0, size: 657000000000, max_ts: 1770856014, order_id: 5019, kind: Oracle, user: pGr2WpdDowT21MLj7GWNRLduUcdshVqj4AeZbi98Jy1, flags: 1 }, MakerCrosses { orders: [(L3Order { price: 115255, size: 37632000000000, max_ts: 0, order_id: 34220773, kind: FloatingLimit, user: 6xjDCa6fpehWBQzEdDQW3Gv1kum3VzVKzZpXG4AKckJK, flags: 2 }, 657000000000)], slot: 399652525, has_vamm_cross: true, is_partial: false, taker_direction: Short })] }
[2026-02-12T00:26:39Z INFO  filler] try fill auction order: L3Order { price: 0, size: 657000000000, max_ts: 1770856014, order_id: 5019, kind: Oracle, user: pGr2WpdDowT21MLj7GWNRLduUcdshVqj4AeZbi98Jy1, flags: 1 }
[2026-02-12T00:26:39Z INFO  filler] skip vamm cross too small: MakerCrosses { orders: [(L3Order { price: 115255, size: 37632000000000, max_ts: 0, order_id: 34220773, kind: FloatingLimit, user: 6xjDCa6fpehWBQzEdDQW3Gv1kum3VzVKzZpXG4AKckJK, flags: 2 }, 657000000000)], slot: 399652525, has_vamm_cross: true, is_partial: false, taker_direction: Short }
[2026-02-12T00:26:39Z INFO  filler] found limit crosses (market: 0), top bid: Some(L3Order { price: 79662300, size: 120000000, max_ts: 1770856014, order_id: 89186, kind: Limit, user: E6nHxtCPwiaKep7WmybLGhV8Jh5G4NFJNnAvweDawG5D, flags: 10 }), top ask: Some(L3Order { price: 79645700, size: 10230000000, max_ts: 0, order_id: 39106351, kind: Limit, user: BrRpSaQ6hFDw8darPCyP9Sw7sjydMFQqB4ECAotXSEci, flags: 8 })
[2026-02-12T00:26:39Z INFO  filler] try uncross book=0,slot=399652527
[2026-02-12T00:26:39Z INFO  filler] found auction crosses. market: 61, prices: [0], CrossesAndTopMakers { top_maker_asks: [CfELWppmk5iNNJ1pbix32X9DzPF1R8z9cqZyuhgScRSe, 6xjDCa6fpehWBQzEdDQW3Gv1kum3VzVKzZpXG4AKckJK, 73kMT9GhAAUgAz5TXoFLqqMtw4jRkn57MCEcoGdLCGxU], top_maker_bids: [6xjDCa6fpehWBQzEdDQW3Gv1kum3VzVKzZpXG4AKckJK], limit_crosses: None, vamm_taker_ask: None, vamm_taker_bid: None, crosses: [(L3Order { price: 0, size: 657000000000, max_ts: 1770856014, order_id: 5019, kind: Oracle, user: pGr2WpdDowT21MLj7GWNRLduUcdshVqj4AeZbi98Jy1, flags: 1 }, MakerCrosses { orders: [(L3Order { price: 115255, size: 37632000000000, max_ts: 0, order_id: 34220773, kind: FloatingLimit, user: 6xjDCa6fpehWBQzEdDQW3Gv1kum3VzVKzZpXG4AKckJK, flags: 2 }, 657000000000)], slot: 399652526, has_vamm_cross: true, is_partial: false, taker_direction: Short })] }
[2026-02-12T00:26:39Z INFO  filler] try fill auction order: L3Order { price: 0, size: 657000000000, max_ts: 1770856014, order_id: 5019, kind: Oracle, user: pGr2WpdDowT21MLj7GWNRLduUcdshVqj4AeZbi98Jy1, flags: 1 }
[2026-02-12T00:26:39Z INFO  filler] skip vamm cross too small: MakerCrosses { orders: [(L3Order { price: 115255, size: 37632000000000, max_ts: 0, order_id: 34220773, kind: FloatingLimit, user: 6xjDCa6fpehWBQzEdDQW3Gv1kum3VzVKzZpXG4AKckJK, flags: 2 }, 657000000000)], slot: 399652526, has_vamm_cross: true, is_partial: false, taker_direction: Short }
[2026-02-12T00:26:39Z INFO  filler] found limit crosses (market: 61), top bid: Some(L3Order { price: 115255, size: 37632000000000, max_ts: 0, order_id: 34220773, kind: FloatingLimit, user: 6xjDCa6fpehWBQzEdDQW3Gv1kum3VzVKzZpXG4AKckJK, flags: 2 }), top ask: Some(L3Order { price: 0, size: 657000000000, max_ts: 1770856014, order_id: 5019, kind: Oracle, user: pGr2WpdDowT21MLj7GWNRLduUcdshVqj4AeZbi98Jy1, flags: 1 })
[2026-02-12T00:26:39Z INFO  filler] try uncross book=61,slot=399652527
[2026-02-12T00:26:40Z INFO  filler] {"intent": "limit_uncross", "txn": "5JAZV2UAxfppEy5uSqLDdM275kZB2A4xqUjin3ZeNyuL7N1WUgdQxeZY3hv7hFLkU1fAqqFHBa5NtFDDyULkSTKH", "observed_slot": 399652527}
[2026-02-12T00:26:40Z INFO  filler] {"intent": "limit_uncross", "txn": "2uw3CYsuu43CXFAMXCNb3Ca5TGGm7VjSCVGAJqT7wVzmAgo37zu68qU8jnVAtjML39G7N9qZobj6iNMEfrNKGtTZ", "observed_slot": 399652527}
[2026-02-12T00:26:40Z INFO  filler] found limit crosses (market: 0), top bid: Some(L3Order { price: 79662300, size: 120000000, max_ts: 1770856014, order_id: 89186, kind: Limit, user: E6nHxtCPwiaKep7WmybLGhV8Jh5G4NFJNnAvweDawG5D, flags: 10 }), top ask: Some(L3Order { price: 79645700, size: 10230000000, max_ts: 0, order_id: 39106351, kind: Limit, user: BrRpSaQ6hFDw8darPCyP9Sw7sjydMFQqB4ECAotXSEci, flags: 8 })
[2026-02-12T00:26:40Z INFO  filler] try uncross book=0,slot=399652529
[2026-02-12T00:26:40Z INFO  filler] found limit crosses (market: 61), top bid: Some(L3Order { price: 115255, size: 37632000000000, max_ts: 0, order_id: 34220773, kind: FloatingLimit, user: 6xjDCa6fpehWBQzEdDQW3Gv1kum3VzVKzZpXG4AKckJK, flags: 2 }), top ask: Some(L3Order { price: 0, size: 657000000000, max_ts: 1770856014, order_id: 5019, kind: Oracle, user: pGr2WpdDowT21MLj7GWNRLduUcdshVqj4AeZbi98Jy1, flags: 1 })
[2026-02-12T00:26:40Z INFO  filler] try uncross book=61,slot=399652529
[2026-02-12T00:26:40Z INFO  filler] {"intent": "limit_uncross", "txn": "5JAZV2UAxfppEy5uSqLDdM275kZB2A4xqUjin3ZeNyuL7N1WUgdQxeZY3hv7hFLkU1fAqqFHBa5NtFDDyULkSTKH", "observed_slot": 399652529}
[2026-02-12T00:26:40Z INFO  filler] {"intent": "limit_uncross", "txn": "2uw3CYsuu43CXFAMXCNb3Ca5TGGm7VjSCVGAJqT7wVzmAgo37zu68qU8jnVAtjML39G7N9qZobj6iNMEfrNKGtTZ", "observed_slot": 399652529}
[2026-02-12T00:26:41Z INFO  filler] found limit crosses (market: 0), top bid: Some(L3Order { price: 79662300, size: 120000000, max_ts: 1770856014, order_id: 89186, kind: Limit, user: E6nHxtCPwiaKep7WmybLGhV8Jh5G4NFJNnAvweDawG5D, flags: 10 }), top ask: Some(L3Order { price: 79645700, size: 10230000000, max_ts: 0, order_id: 39106351, kind: Limit, user: BrRpSaQ6hFDw8darPCyP9Sw7sjydMFQqB4ECAotXSEci, flags: 8 })
[2026-02-12T00:26:41Z INFO  filler] try uncross book=0,slot=399652531
[2026-02-12T00:26:41Z INFO  filler] found limit crosses (market: 61), top bid: Some(L3Order { price: 115255, size: 37632000000000, max_ts: 0, order_id: 34220773, kind: FloatingLimit, user: 6xjDCa6fpehWBQzEdDQW3Gv1kum3VzVKzZpXG4AKckJK, flags: 2 }), top ask: Some(L3Order { price: 0, size: 657000000000, max_ts: 1770856014, order_id: 5019, kind: Oracle, user: pGr2WpdDowT21MLj7GWNRLduUcdshVqj4AeZbi98Jy1, flags: 1 })
[2026-02-12T00:26:41Z INFO  filler] try uncross book=61,slot=399652531
[2026-02-12T00:26:41Z INFO  filler] {"intent": "limit_uncross", "txn": "58Z8fiATjEaED75AHiS1sNYJqoqzKCzRJuQHx7p8MDHTbgnj5YDKXKNCqYbzqTCLcJfNwXbiokENVFHwHh4VwQy8", "observed_slot": 399652531}
[2026-02-12T00:26:41Z INFO  filler] {"intent": "limit_uncross", "txn": "N5paxepWpnJvhtArG74f5yepS3AQe3ftbiQtX7MrMtW51Jj2YogL8vsq3MTgzzxHLe37jZ3frY91j1WwfQ2vYir", "observed_slot": 399652531}
[2026-02-12T00:26:41Z INFO  filler] found auction crosses. market: 61, prices: [0], CrossesAndTopMakers { top_maker_asks: [CfELWppmk5iNNJ1pbix32X9DzPF1R8z9cqZyuhgScRSe, 6xjDCa6fpehWBQzEdDQW3Gv1kum3VzVKzZpXG4AKckJK, 73kMT9GhAAUgAz5TXoFLqqMtw4jRkn57MCEcoGdLCGxU], top_maker_bids: [6xjDCa6fpehWBQzEdDQW3Gv1kum3VzVKzZpXG4AKckJK], limit_crosses: None, vamm_taker_ask: None, vamm_taker_bid: None, crosses: [(L3Order { price: 0, size: 657000000000, max_ts: 1770856014, order_id: 5019, kind: Oracle, user: pGr2WpdDowT21MLj7GWNRLduUcdshVqj4AeZbi98Jy1, flags: 1 }, MakerCrosses { orders: [(L3Order { price: 115255, size: 37632000000000, max_ts: 0, order_id: 34220773, kind: FloatingLimit, user: 6xjDCa6fpehWBQzEdDQW3Gv1kum3VzVKzZpXG4AKckJK, flags: 2 }, 657000000000)], slot: 399652531, has_vamm_cross: true, is_partial: false, taker_direction: Short })] }
[2026-02-12T00:26:41Z INFO  filler] try fill auction order: L3Order { price: 0, size: 657000000000, max_ts: 1770856014, order_id: 5019, kind: Oracle, user: pGr2WpdDowT21MLj7GWNRLduUcdshVqj4AeZbi98Jy1, flags: 1 }
[2026-02-12T00:26:41Z INFO  filler] skip vamm cross too small: MakerCrosses { orders: [(L3Order { price: 115255, size: 37632000000000, max_ts: 0, order_id: 34220773, kind: FloatingLimit, user: 6xjDCa6fpehWBQzEdDQW3Gv1kum3VzVKzZpXG4AKckJK, flags: 2 }, 657000000000)], slot: 399652531, has_vamm_cross: true, is_partial: false, taker_direction: Short }
[2026-02-12T00:26:41Z INFO  filler] new swift order. uuid=6rw8ia3r, market=5
[2026-02-12T00:26:41Z INFO  filler] found resting cross. crosses=MakerCrosses { orders: [], slot: 399652532, has_vamm_cross: true, is_partial: true, taker_direction: Long }
[2026-02-12T00:26:41Z INFO  filler] try fill swift order: 6rw8ia3r
[2026-02-12T00:26:41Z INFO  filler] {"intent": "swift_fill", "txn": "3t5b4TxqiTRDmqZc6qgxPR7r8k6azWUN68ttgSYYaqQdbF8EnLTAv3fEJZQyiTaTv5mcWVhNAaWhpfeiK4bNjYfv", "observed_slot": 399652532}
[2026-02-12T00:26:42Z INFO  filler] found limit crosses (market: 0), top bid: Some(L3Order { price: 79662300, size: 120000000, max_ts: 1770856014, order_id: 89186, kind: Limit, user: E6nHxtCPwiaKep7WmybLGhV8Jh5G4NFJNnAvweDawG5D, flags: 10 }), top ask: Some(L3Order { price: 79645700, size: 10230000000, max_ts: 0, order_id: 39106351, kind: Limit, user: BrRpSaQ6hFDw8darPCyP9Sw7sjydMFQqB4ECAotXSEci, flags: 8 })
[2026-02-12T00:26:42Z INFO  filler] try uncross book=0,slot=399652533
[2026-02-12T00:26:42Z INFO  filler] found auction crosses. market: 61, prices: [0], CrossesAndTopMakers { top_maker_asks: [CfELWppmk5iNNJ1pbix32X9DzPF1R8z9cqZyuhgScRSe, 6xjDCa6fpehWBQzEdDQW3Gv1kum3VzVKzZpXG4AKckJK, 73kMT9GhAAUgAz5TXoFLqqMtw4jRkn57MCEcoGdLCGxU], top_maker_bids: [6xjDCa6fpehWBQzEdDQW3Gv1kum3VzVKzZpXG4AKckJK], limit_crosses: None, vamm_taker_ask: None, vamm_taker_bid: None, crosses: [(L3Order { price: 0, size: 657000000000, max_ts: 1770856014, order_id: 5019, kind: Oracle, user: pGr2WpdDowT21MLj7GWNRLduUcdshVqj4AeZbi98Jy1, flags: 1 }, MakerCrosses { orders: [(L3Order { price: 115255, size: 37632000000000, max_ts: 0, order_id: 34220773, kind: FloatingLimit, user: 6xjDCa6fpehWBQzEdDQW3Gv1kum3VzVKzZpXG4AKckJK, flags: 2 }, 657000000000)], slot: 399652532, has_vamm_cross: true, is_partial: false, taker_direction: Short })] }
[2026-02-12T00:26:42Z INFO  filler] try fill auction order: L3Order { price: 0, size: 657000000000, max_ts: 1770856014, order_id: 5019, kind: Oracle, user: pGr2WpdDowT21MLj7GWNRLduUcdshVqj4AeZbi98Jy1, flags: 1 }
[2026-02-12T00:26:42Z INFO  filler] skip vamm cross too small: MakerCrosses { orders: [(L3Order { price: 115255, size: 37632000000000, max_ts: 0, order_id: 34220773, kind: FloatingLimit, user: 6xjDCa6fpehWBQzEdDQW3Gv1kum3VzVKzZpXG4AKckJK, flags: 2 }, 657000000000)], slot: 399652532, has_vamm_cross: true, is_partial: false, taker_direction: Short }
[2026-02-12T00:26:42Z INFO  filler] found limit crosses (market: 61), top bid: Some(L3Order { price: 115255, size: 37632000000000, max_ts: 0, order_id: 34220773, kind: FloatingLimit, user: 6xjDCa6fpehWBQzEdDQW3Gv1kum3VzVKzZpXG4AKckJK, flags: 2 }), top ask: Some(L3Order { price: 0, size: 657000000000, max_ts: 1770856014, order_id: 5019, kind: Oracle, user: pGr2WpdDowT21MLj7GWNRLduUcdshVqj4AeZbi98Jy1, flags: 1 })
[2026-02-12T00:26:42Z INFO  filler] try uncross book=61,slot=399652533
[2026-02-12T00:26:42Z INFO  filler] {"intent": "limit_uncross", "txn": "58Z8fiATjEaED75AHiS1sNYJqoqzKCzRJuQHx7p8MDHTbgnj5YDKXKNCqYbzqTCLcJfNwXbiokENVFHwHh4VwQy8", "observed_slot": 399652533}
[2026-02-12T00:26:42Z INFO  filler] {"intent": "limit_uncross", "txn": "N5paxepWpnJvhtArG74f5yepS3AQe3ftbiQtX7MrMtW51Jj2YogL8vsq3MTgzzxHLe37jZ3frY91j1WwfQ2vYir", "observed_slot": 399652533}
[2026-02-12T00:26:42Z INFO  filler] found limit crosses (market: 0), top bid: Some(L3Order { price: 79662300, size: 120000000, max_ts: 1770856014, order_id: 89186, kind: Limit, user: E6nHxtCPwiaKep7WmybLGhV8Jh5G4NFJNnAvweDawG5D, flags: 10 }), top ask: Some(L3Order { price: 79645700, size: 10230000000, max_ts: 0, order_id: 39106351, kind: Limit, user: BrRpSaQ6hFDw8darPCyP9Sw7sjydMFQqB4ECAotXSEci, flags: 8 })
[2026-02-12T00:26:42Z INFO  filler] try uncross book=0,slot=399652535
[2026-02-12T00:26:42Z INFO  filler] found limit crosses (market: 61), top bid: Some(L3Order { price: 115255, size: 37632000000000, max_ts: 0, order_id: 34220773, kind: FloatingLimit, user: 6xjDCa6fpehWBQzEdDQW3Gv1kum3VzVKzZpXG4AKckJK, flags: 2 }), top ask: Some(L3Order { price: 0, size: 657000000000, max_ts: 1770856014, order_id: 5019, kind: Oracle, user: pGr2WpdDowT21MLj7GWNRLduUcdshVqj4AeZbi98Jy1, flags: 1 })
[2026-02-12T00:26:42Z INFO  filler] try uncross book=61,slot=399652535
[2026-02-12T00:26:43Z INFO  filler] {"intent": "limit_uncross", "txn": "N5paxepWpnJvhtArG74f5yepS3AQe3ftbiQtX7MrMtW51Jj2YogL8vsq3MTgzzxHLe37jZ3frY91j1WwfQ2vYir", "observed_slot": 399652535}
[2026-02-12T00:26:43Z INFO  filler] {"intent": "limit_uncross", "txn": "58Z8fiATjEaED75AHiS1sNYJqoqzKCzRJuQHx7p8MDHTbgnj5YDKXKNCqYbzqTCLcJfNwXbiokENVFHwHh4VwQy8", "observed_slot": 399652535}
[2026-02-12T00:26:43Z INFO  filler] found limit crosses (market: 0), top bid: Some(L3Order { price: 79662300, size: 120000000, max_ts: 1770856014, order_id: 89186, kind: Limit, user: E6nHxtCPwiaKep7WmybLGhV8Jh5G4NFJNnAvweDawG5D, flags: 10 }), top ask: Some(L3Order { price: 79645700, size: 10230000000, max_ts: 0, order_id: 39106351, kind: Limit, user: BrRpSaQ6hFDw8darPCyP9Sw7sjydMFQqB4ECAotXSEci, flags: 8 })
[2026-02-12T00:26:43Z INFO  filler] try uncross book=0,slot=399652537
[2026-02-12T00:26:43Z INFO  filler] found limit crosses (market: 61), top bid: Some(L3Order { price: 115255, size: 37632000000000, max_ts: 0, order_id: 34220773, kind: FloatingLimit, user: 6xjDCa6fpehWBQzEdDQW3Gv1kum3VzVKzZpXG4AKckJK, flags: 2 }), top ask: Some(L3Order { price: 0, size: 657000000000, max_ts: 1770856014, order_id: 5019, kind: Oracle, user: pGr2WpdDowT21MLj7GWNRLduUcdshVqj4AeZbi98Jy1, flags: 1 })
[2026-02-12T00:26:43Z INFO  filler] try uncross book=61,slot=399652537
[2026-02-12T00:26:43Z INFO  filler] {"intent": "limit_uncross", "txn": "5V8KvRaxWc8JCfYxpsK21aZhNmd7SyhWrCJd6NtA9mHGGZe2CfWF2TVoEZLyBoLkVj3VwS8svxfTMCXsvUtP3NAw", "observed_slot": 399652537}
[2026-02-12T00:26:43Z INFO  filler] {"intent": "limit_uncross", "txn": "5MHYoxcr3AmH9UGwPfQAS2JKvBkCkNnaLBCcHomuVr1APEeYwDDEhtxnKE7zNnaUiZGtnHXoqbKJJJ7821ApGzW5", "observed_slot": 399652537}
[2026-02-12T00:26:44Z INFO  filler] found auction crosses. market: 61, prices: [0], CrossesAndTopMakers { top_maker_asks: [CfELWppmk5iNNJ1pbix32X9DzPF1R8z9cqZyuhgScRSe, 6xjDCa6fpehWBQzEdDQW3Gv1kum3VzVKzZpXG4AKckJK, 73kMT9GhAAUgAz5TXoFLqqMtw4jRkn57MCEcoGdLCGxU], top_maker_bids: [6xjDCa6fpehWBQzEdDQW3Gv1kum3VzVKzZpXG4AKckJK], limit_crosses: None, vamm_taker_ask: None, vamm_taker_bid: None, crosses: [(L3Order { price: 0, size: 657000000000, max_ts: 1770856014, order_id: 5019, kind: Oracle, user: pGr2WpdDowT21MLj7GWNRLduUcdshVqj4AeZbi98Jy1, flags: 1 }, MakerCrosses { orders: [(L3Order { price: 115255, size: 37632000000000, max_ts: 0, order_id: 34220773, kind: FloatingLimit, user: 6xjDCa6fpehWBQzEdDQW3Gv1kum3VzVKzZpXG4AKckJK, flags: 2 }, 657000000000)], slot: 399652537, has_vamm_cross: true, is_partial: false, taker_direction: Short })] }
[2026-02-12T00:26:44Z INFO  filler] try fill auction order: L3Order { price: 0, size: 657000000000, max_ts: 1770856014, order_id: 5019, kind: Oracle, user: pGr2WpdDowT21MLj7GWNRLduUcdshVqj4AeZbi98Jy1, flags: 1 }
[2026-02-12T00:26:44Z INFO  filler] skip vamm cross too small: MakerCrosses { orders: [(L3Order { price: 115255, size: 37632000000000, max_ts: 0, order_id: 34220773, kind: FloatingLimit, user: 6xjDCa6fpehWBQzEdDQW3Gv1kum3VzVKzZpXG4AKckJK, flags: 2 }, 657000000000)], slot: 399652537, has_vamm_cross: true, is_partial: false, taker_direction: Short }
[2026-02-12T00:26:44Z INFO  filler] found limit crosses (market: 0), top bid: Some(L3Order { price: 79662300, size: 120000000, max_ts: 1770856014, order_id: 89186, kind: Limit, user: E6nHxtCPwiaKep7WmybLGhV8Jh5G4NFJNnAvweDawG5D, flags: 10 }), top ask: Some(L3Order { price: 79645700, size: 10230000000, max_ts: 0, order_id: 39106351, kind: Limit, user: BrRpSaQ6hFDw8darPCyP9Sw7sjydMFQqB4ECAotXSEci, flags: 8 })
[2026-02-12T00:26:44Z INFO  filler] try uncross book=0,slot=399652539
[2026-02-12T00:26:44Z INFO  filler] found auction crosses. market: 61, prices: [0], CrossesAndTopMakers { top_maker_asks: [CfELWppmk5iNNJ1pbix32X9DzPF1R8z9cqZyuhgScRSe, 6xjDCa6fpehWBQzEdDQW3Gv1kum3VzVKzZpXG4AKckJK, 73kMT9GhAAUgAz5TXoFLqqMtw4jRkn57MCEcoGdLCGxU], top_maker_bids: [6xjDCa6fpehWBQzEdDQW3Gv1kum3VzVKzZpXG4AKckJK], limit_crosses: None, vamm_taker_ask: None, vamm_taker_bid: None, crosses: [(L3Order { price: 0, size: 657000000000, max_ts: 1770856014, order_id: 5019, kind: Oracle, user: pGr2WpdDowT21MLj7GWNRLduUcdshVqj4AeZbi98Jy1, flags: 1 }, MakerCrosses { orders: [(L3Order { price: 115255, size: 37632000000000, max_ts: 0, order_id: 34220773, kind: FloatingLimit, user: 6xjDCa6fpehWBQzEdDQW3Gv1kum3VzVKzZpXG4AKckJK, flags: 2 }, 657000000000)], slot: 399652538, has_vamm_cross: true, is_partial: false, taker_direction: Short })] }
[2026-02-12T00:26:44Z INFO  filler] try fill auction order: L3Order { price: 0, size: 657000000000, max_ts: 1770856014, order_id: 5019, kind: Oracle, user: pGr2WpdDowT21MLj7GWNRLduUcdshVqj4AeZbi98Jy1, flags: 1 }
[2026-02-12T00:26:44Z INFO  filler] skip vamm cross too small: MakerCrosses { orders: [(L3Order { price: 115255, size: 37632000000000, max_ts: 0, order_id: 34220773, kind: FloatingLimit, user: 6xjDCa6fpehWBQzEdDQW3Gv1kum3VzVKzZpXG4AKckJK, flags: 2 }, 657000000000)], slot: 399652538, has_vamm_cross: true, is_partial: false, taker_direction: Short }
[2026-02-12T00:26:44Z INFO  filler] found limit crosses (market: 61), top bid: Some(L3Order { price: 115255, size: 37632000000000, max_ts: 0, order_id: 34220773, kind: FloatingLimit, user: 6xjDCa6fpehWBQzEdDQW3Gv1kum3VzVKzZpXG4AKckJK, flags: 2 }), top ask: Some(L3Order { price: 0, size: 657000000000, max_ts: 1770856014, order_id: 5019, kind: Oracle, user: pGr2WpdDowT21MLj7GWNRLduUcdshVqj4AeZbi98Jy1, flags: 1 })
[2026-02-12T00:26:44Z INFO  filler] try uncross book=61,slot=399652539
[2026-02-12T00:26:44Z INFO  filler] {"intent": "limit_uncross", "txn": "5V8KvRaxWc8JCfYxpsK21aZhNmd7SyhWrCJd6NtA9mHGGZe2CfWF2TVoEZLyBoLkVj3VwS8svxfTMCXsvUtP3NAw", "observed_slot": 399652539}
[2026-02-12T00:26:44Z INFO  filler] {"intent": "limit_uncross", "txn": "5MHYoxcr3AmH9UGwPfQAS2JKvBkCkNnaLBCcHomuVr1APEeYwDDEhtxnKE7zNnaUiZGtnHXoqbKJJJ7821ApGzW5", "observed_slot": 399652539}
[2026-02-12T00:26:45Z INFO  filler] found limit crosses (market: 0), top bid: Some(L3Order { price: 79662300, size: 120000000, max_ts: 1770856014, order_id: 89186, kind: Limit, user: E6nHxtCPwiaKep7WmybLGhV8Jh5G4NFJNnAvweDawG5D, flags: 10 }), top ask: Some(L3Order { price: 79645700, size: 10230000000, max_ts: 0, order_id: 39106351, kind: Limit, user: BrRpSaQ6hFDw8darPCyP9Sw7sjydMFQqB4ECAotXSEci, flags: 8 })
[2026-02-12T00:26:45Z INFO  filler] try uncross book=0,slot=399652541
[2026-02-12T00:26:45Z INFO  filler] found limit crosses (market: 61), top bid: Some(L3Order { price: 115255, size: 37632000000000, max_ts: 0, order_id: 34220773, kind: FloatingLimit, user: 6xjDCa6fpehWBQzEdDQW3Gv1kum3VzVKzZpXG4AKckJK, flags: 2 }), top ask: Some(L3Order { price: 0, size: 657000000000, max_ts: 1770856014, order_id: 5019, kind: Oracle, user: pGr2WpdDowT21MLj7GWNRLduUcdshVqj4AeZbi98Jy1, flags: 1 })
[2026-02-12T00:26:45Z INFO  filler] try uncross book=61,slot=399652541
[2026-02-12T00:26:45Z INFO  filler] {"intent": "limit_uncross", "txn": "HpoT9MxCaCUHgJrqRfwLTMBwpdDwyJsTWhn2Je7kQrm5bk5CXhyuX5yUMJqwPWJLZoyJTW5kJTJPm49MHSJiUhR", "observed_slot": 399652541}
[2026-02-12T00:26:45Z INFO  filler] {"intent": "limit_uncross", "txn": "4TFoXtRSxaT1WMHUeVKvfxXHrYRRAkqnF2doqvu7AtCuA2z3GrvsrMYyN4dy7UpLZdmfaiteamfL67xWKAkKaP3D", "observed_slot": 399652541}
[2026-02-12T00:26:45Z INFO  filler] found limit crosses (market: 0), top bid: Some(L3Order { price: 79662300, size: 120000000, max_ts: 1770856014, order_id: 89186, kind: Limit, user: E6nHxtCPwiaKep7WmybLGhV8Jh5G4NFJNnAvweDawG5D, flags: 10 }), top ask: Some(L3Order { price: 79645700, size: 10230000000, max_ts: 0, order_id: 39106351, kind: Limit, user: BrRpSaQ6hFDw8darPCyP9Sw7sjydMFQqB4ECAotXSEci, flags: 8 })
[2026-02-12T00:26:45Z INFO  filler] try uncross book=0,slot=399652543
[2026-02-12T00:26:45Z INFO  filler] found limit crosses (market: 61), top bid: Some(L3Order { price: 115255, size: 37632000000000, max_ts: 0, order_id: 34220773, kind: FloatingLimit, user: 6xjDCa6fpehWBQzEdDQW3Gv1kum3VzVKzZpXG4AKckJK, flags: 2 }), top ask: Some(L3Order { price: 0, size: 657000000000, max_ts: 1770856014, order_id: 5019, kind: Oracle, user: pGr2WpdDowT21MLj7GWNRLduUcdshVqj4AeZbi98Jy1, flags: 1 })
[2026-02-12T00:26:45Z INFO  filler] try uncross book=61,slot=399652543
[2026-02-12T00:26:46Z INFO  filler] {"intent": "limit_uncross", "txn": "HpoT9MxCaCUHgJrqRfwLTMBwpdDwyJsTWhn2Je7kQrm5bk5CXhyuX5yUMJqwPWJLZoyJTW5kJTJPm49MHSJiUhR", "observed_slot": 399652543}
[2026-02-12T00:26:46Z INFO  filler] {"intent": "limit_uncross", "txn": "4TFoXtRSxaT1WMHUeVKvfxXHrYRRAkqnF2doqvu7AtCuA2z3GrvsrMYyN4dy7UpLZdmfaiteamfL67xWKAkKaP3D", "observed_slot": 399652543}
[2026-02-12T00:26:46Z INFO  filler] found auction crosses. market: 61, prices: [0], CrossesAndTopMakers { top_maker_asks: [CfELWppmk5iNNJ1pbix32X9DzPF1R8z9cqZyuhgScRSe, 6xjDCa6fpehWBQzEdDQW3Gv1kum3VzVKzZpXG4AKckJK, 73kMT9GhAAUgAz5TXoFLqqMtw4jRkn57MCEcoGdLCGxU], top_maker_bids: [6xjDCa6fpehWBQzEdDQW3Gv1kum3VzVKzZpXG4AKckJK], limit_crosses: None, vamm_taker_ask: None, vamm_taker_bid: None, crosses: [(L3Order { price: 0, size: 657000000000, max_ts: 1770856014, order_id: 5019, kind: Oracle, user: pGr2WpdDowT21MLj7GWNRLduUcdshVqj4AeZbi98Jy1, flags: 1 }, MakerCrosses { orders: [(L3Order { price: 115255, size: 37632000000000, max_ts: 0, order_id: 34220773, kind: FloatingLimit, user: 6xjDCa6fpehWBQzEdDQW3Gv1kum3VzVKzZpXG4AKckJK, flags: 2 }, 657000000000)], slot: 399652543, has_vamm_cross: true, is_partial: false, taker_direction: Short })] }
[2026-02-12T00:26:46Z INFO  filler] try fill auction order: L3Order { price: 0, size: 657000000000, max_ts: 1770856014, order_id: 5019, kind: Oracle, user: pGr2WpdDowT21MLj7GWNRLduUcdshVqj4AeZbi98Jy1, flags: 1 }
[2026-02-12T00:26:46Z INFO  filler] skip vamm cross too small: MakerCrosses { orders: [(L3Order { price: 115255, size: 37632000000000, max_ts: 0, order_id: 34220773, kind: FloatingLimit, user: 6xjDCa6fpehWBQzEdDQW3Gv1kum3VzVKzZpXG4AKckJK, flags: 2 }, 657000000000)], slot: 399652543, has_vamm_cross: true, is_partial: false, taker_direction: Short }
[2026-02-12T00:26:46Z INFO  filler] found limit crosses (market: 0), top bid: Some(L3Order { price: 79662300, size: 120000000, max_ts: 1770856014, order_id: 89186, kind: Limit, user: E6nHxtCPwiaKep7WmybLGhV8Jh5G4NFJNnAvweDawG5D, flags: 10 }), top ask: Some(L3Order { price: 79645700, size: 10230000000, max_ts: 0, order_id: 39106351, kind: Limit, user: BrRpSaQ6hFDw8darPCyP9Sw7sjydMFQqB4ECAotXSEci, flags: 8 })
[2026-02-12T00:26:46Z INFO  filler] try uncross book=0,slot=399652545
[2026-02-12T00:26:46Z INFO  filler] found auction crosses. market: 61, prices: [0], CrossesAndTopMakers { top_maker_asks: [CfELWppmk5iNNJ1pbix32X9DzPF1R8z9cqZyuhgScRSe, 6xjDCa6fpehWBQzEdDQW3Gv1kum3VzVKzZpXG4AKckJK, 73kMT9GhAAUgAz5TXoFLqqMtw4jRkn57MCEcoGdLCGxU], top_maker_bids: [6xjDCa6fpehWBQzEdDQW3Gv1kum3VzVKzZpXG4AKckJK], limit_crosses: None, vamm_taker_ask: None, vamm_taker_bid: None, crosses: [(L3Order { price: 0, size: 657000000000, max_ts: 1770856014, order_id: 5019, kind: Oracle, user: pGr2WpdDowT21MLj7GWNRLduUcdshVqj4AeZbi98Jy1, flags: 1 }, MakerCrosses { orders: [(L3Order { price: 115255, size: 37632000000000, max_ts: 0, order_id: 34220773, kind: FloatingLimit, user: 6xjDCa6fpehWBQzEdDQW3Gv1kum3VzVKzZpXG4AKckJK, flags: 2 }, 657000000000)], slot: 399652544, has_vamm_cross: true, is_partial: false, taker_direction: Short })] }
[2026-02-12T00:26:46Z INFO  filler] try fill auction order: L3Order { price: 0, size: 657000000000, max_ts: 1770856014, order_id: 5019, kind: Oracle, user: pGr2WpdDowT21MLj7GWNRLduUcdshVqj4AeZbi98Jy1, flags: 1 }
[2026-02-12T00:26:46Z INFO  filler] skip vamm cross too small: MakerCrosses { orders: [(L3Order { price: 115255, size: 37632000000000, max_ts: 0, order_id: 34220773, kind: FloatingLimit, user: 6xjDCa6fpehWBQzEdDQW3Gv1kum3VzVKzZpXG4AKckJK, flags: 2 }, 657000000000)], slot: 399652544, has_vamm_cross: true, is_partial: false, taker_direction: Short }
[2026-02-12T00:26:46Z INFO  filler] found limit crosses (market: 61), top bid: Some(L3Order { price: 115255, size: 37632000000000, max_ts: 0, order_id: 34220773, kind: FloatingLimit, user: 6xjDCa6fpehWBQzEdDQW3Gv1kum3VzVKzZpXG4AKckJK, flags: 2 }), top ask: Some(L3Order { price: 0, size: 657000000000, max_ts: 1770856014, order_id: 5019, kind: Oracle, user: pGr2WpdDowT21MLj7GWNRLduUcdshVqj4AeZbi98Jy1, flags: 1 })
[2026-02-12T00:26:46Z INFO  filler] try uncross book=61,slot=399652545
[2026-02-12T00:26:46Z INFO  filler] {"intent": "limit_uncross", "txn": "HpoT9MxCaCUHgJrqRfwLTMBwpdDwyJsTWhn2Je7kQrm5bk5CXhyuX5yUMJqwPWJLZoyJTW5kJTJPm49MHSJiUhR", "observed_slot": 399652545}
[2026-02-12T00:26:46Z INFO  filler] {"intent": "limit_uncross", "txn": "4TFoXtRSxaT1WMHUeVKvfxXHrYRRAkqnF2doqvu7AtCuA2z3GrvsrMYyN4dy7UpLZdmfaiteamfL67xWKAkKaP3D", "observed_slot": 399652545}
[2026-02-12T00:26:47Z INFO  filler] found limit crosses (market: 0), top bid: Some(L3Order { price: 79662300, size: 120000000, max_ts: 1770856014, order_id: 89186, kind: Limit, user: E6nHxtCPwiaKep7WmybLGhV8Jh5G4NFJNnAvweDawG5D, flags: 10 }), top ask: Some(L3Order { price: 79645700, size: 10230000000, max_ts: 0, order_id: 39106351, kind: Limit, user: BrRpSaQ6hFDw8darPCyP9Sw7sjydMFQqB4ECAotXSEci, flags: 8 })
[2026-02-12T00:26:47Z INFO  filler] try uncross book=0,slot=399652547
[2026-02-12T00:26:47Z INFO  filler] found limit crosses (market: 61), top bid: Some(L3Order { price: 115255, size: 37632000000000, max_ts: 0, order_id: 34220773, kind: FloatingLimit, user: 6xjDCa6fpehWBQzEdDQW3Gv1kum3VzVKzZpXG4AKckJK, flags: 2 }), top ask: Some(L3Order { price: 0, size: 657000000000, max_ts: 1770856014, order_id: 5019, kind: Oracle, user: pGr2WpdDowT21MLj7GWNRLduUcdshVqj4AeZbi98Jy1, flags: 1 })
[2026-02-12T00:26:47Z INFO  filler] try uncross book=61,slot=399652547
[2026-02-12T00:26:47Z INFO  filler] {"intent": "limit_uncross", "txn": "3XYgdrWvdrgL4ZssWvo9m3t7huZrU2dbwkR6Bbe8LWLxUKfq512c6rV7hZ2JM3yGKZujZSDqRjuMFPsAhEFUgyQb", "observed_slot": 399652547}
[2026-02-12T00:26:47Z INFO  filler] {"intent": "limit_uncross", "txn": "h34ZGtExuK3fJ847tH4rkwsCqcxkJwAip6FJsiModJKzUsgfu89HyYsvBrfC1ocKbvFbRA3y4Z9JtJL94YeUmKc", "observed_slot": 399652547}
[2026-02-12T00:26:48Z INFO  filler] found limit crosses (market: 0), top bid: Some(L3Order { price: 79662300, size: 120000000, max_ts: 1770856014, order_id: 89186, kind: Limit, user: E6nHxtCPwiaKep7WmybLGhV8Jh5G4NFJNnAvweDawG5D, flags: 10 }), top ask: Some(L3Order { price: 79645700, size: 10230000000, max_ts: 0, order_id: 39106351, kind: Limit, user: BrRpSaQ6hFDw8darPCyP9Sw7sjydMFQqB4ECAotXSEci, flags: 8 })
[2026-02-12T00:26:48Z INFO  filler] try uncross book=0,slot=399652549
[2026-02-12T00:26:48Z INFO  filler] found limit crosses (market: 61), top bid: Some(L3Order { price: 115255, size: 37632000000000, max_ts: 0, order_id: 34220773, kind: FloatingLimit, user: 6xjDCa6fpehWBQzEdDQW3Gv1kum3VzVKzZpXG4AKckJK, flags: 2 }), top ask: Some(L3Order { price: 0, size: 657000000000, max_ts: 1770856014, order_id: 5019, kind: Oracle, user: pGr2WpdDowT21MLj7GWNRLduUcdshVqj4AeZbi98Jy1, flags: 1 })
[2026-02-12T00:26:48Z INFO  filler] try uncross book=61,slot=399652549
[2026-02-12T00:26:48Z INFO  filler] {"intent": "limit_uncross", "txn": "3XYgdrWvdrgL4ZssWvo9m3t7huZrU2dbwkR6Bbe8LWLxUKfq512c6rV7hZ2JM3yGKZujZSDqRjuMFPsAhEFUgyQb", "observed_slot": 399652549}
[2026-02-12T00:26:48Z INFO  filler] {"intent": "limit_uncross", "txn": "h34ZGtExuK3fJ847tH4rkwsCqcxkJwAip6FJsiModJKzUsgfu89HyYsvBrfC1ocKbvFbRA3y4Z9JtJL94YeUmKc", "observed_slot": 399652549}
[2026-02-12T00:26:48Z INFO  filler] found auction crosses. market: 61, prices: [0], CrossesAndTopMakers { top_maker_asks: [CfELWppmk5iNNJ1pbix32X9DzPF1R8z9cqZyuhgScRSe, 6xjDCa6fpehWBQzEdDQW3Gv1kum3VzVKzZpXG4AKckJK, 73kMT9GhAAUgAz5TXoFLqqMtw4jRkn57MCEcoGdLCGxU], top_maker_bids: [6xjDCa6fpehWBQzEdDQW3Gv1kum3VzVKzZpXG4AKckJK], limit_crosses: None, vamm_taker_ask: None, vamm_taker_bid: None, crosses: [(L3Order { price: 0, size: 657000000000, max_ts: 1770856014, order_id: 5019, kind: Oracle, user: pGr2WpdDowT21MLj7GWNRLduUcdshVqj4AeZbi98Jy1, flags: 1 }, MakerCrosses { orders: [(L3Order { price: 115255, size: 37632000000000, max_ts: 0, order_id: 34220773, kind: FloatingLimit, user: 6xjDCa6fpehWBQzEdDQW3Gv1kum3VzVKzZpXG4AKckJK, flags: 2 }, 657000000000)], slot: 399652549, has_vamm_cross: true, is_partial: false, taker_direction: Short })] }
[2026-02-12T00:26:48Z INFO  filler] try fill auction order: L3Order { price: 0, size: 657000000000, max_ts: 1770856014, order_id: 5019, kind: Oracle, user: pGr2WpdDowT21MLj7GWNRLduUcdshVqj4AeZbi98Jy1, flags: 1 }
[2026-02-12T00:26:48Z INFO  filler] skip vamm cross too small: MakerCrosses { orders: [(L3Order { price: 115255, size: 37632000000000, max_ts: 0, order_id: 34220773, kind: FloatingLimit, user: 6xjDCa6fpehWBQzEdDQW3Gv1kum3VzVKzZpXG4AKckJK, flags: 2 }, 657000000000)], slot: 399652549, has_vamm_cross: true, is_partial: false, taker_direction: Short }
[2026-02-12T00:26:48Z INFO  filler] found limit crosses (market: 0), top bid: Some(L3Order { price: 79662300, size: 120000000, max_ts: 1770856014, order_id: 89186, kind: Limit, user: E6nHxtCPwiaKep7WmybLGhV8Jh5G4NFJNnAvweDawG5D, flags: 10 }), top ask: Some(L3Order { price: 79645700, size: 10230000000, max_ts: 0, order_id: 39106351, kind: Limit, user: BrRpSaQ6hFDw8darPCyP9Sw7sjydMFQqB4ECAotXSEci, flags: 8 })
[2026-02-12T00:26:48Z INFO  filler] try uncross book=0,slot=399652551
[2026-02-12T00:26:48Z INFO  filler] found auction crosses. market: 61, prices: [0], CrossesAndTopMakers { top_maker_asks: [CfELWppmk5iNNJ1pbix32X9DzPF1R8z9cqZyuhgScRSe, 6xjDCa6fpehWBQzEdDQW3Gv1kum3VzVKzZpXG4AKckJK, 73kMT9GhAAUgAz5TXoFLqqMtw4jRkn57MCEcoGdLCGxU], top_maker_bids: [6xjDCa6fpehWBQzEdDQW3Gv1kum3VzVKzZpXG4AKckJK], limit_crosses: None, vamm_taker_ask: None, vamm_taker_bid: None, crosses: [(L3Order { price: 0, size: 657000000000, max_ts: 1770856014, order_id: 5019, kind: Oracle, user: pGr2WpdDowT21MLj7GWNRLduUcdshVqj4AeZbi98Jy1, flags: 1 }, MakerCrosses { orders: [(L3Order { price: 115255, size: 37632000000000, max_ts: 0, order_id: 34220773, kind: FloatingLimit, user: 6xjDCa6fpehWBQzEdDQW3Gv1kum3VzVKzZpXG4AKckJK, flags: 2 }, 657000000000)], slot: 399652550, has_vamm_cross: true, is_partial: false, taker_direction: Short })] }
[2026-02-12T00:26:48Z INFO  filler] try fill auction order: L3Order { price: 0, size: 657000000000, max_ts: 1770856014, order_id: 5019, kind: Oracle, user: pGr2WpdDowT21MLj7GWNRLduUcdshVqj4AeZbi98Jy1, flags: 1 }
[2026-02-12T00:26:48Z INFO  filler] skip vamm cross too small: MakerCrosses { orders: [(L3Order { price: 115255, size: 37632000000000, max_ts: 0, order_id: 34220773, kind: FloatingLimit, user: 6xjDCa6fpehWBQzEdDQW3Gv1kum3VzVKzZpXG4AKckJK, flags: 2 }, 657000000000)], slot: 399652550, has_vamm_cross: true, is_partial: false, taker_direction: Short }
[2026-02-12T00:26:48Z INFO  filler] found limit crosses (market: 61), top bid: Some(L3Order { price: 115255, size: 37632000000000, max_ts: 0, order_id: 34220773, kind: FloatingLimit, user: 6xjDCa6fpehWBQzEdDQW3Gv1kum3VzVKzZpXG4AKckJK, flags: 2 }), top ask: Some(L3Order { price: 0, size: 657000000000, max_ts: 1770856014, order_id: 5019, kind: Oracle, user: pGr2WpdDowT21MLj7GWNRLduUcdshVqj4AeZbi98Jy1, flags: 1 })
[2026-02-12T00:26:48Z INFO  filler] try uncross book=61,slot=399652551
[2026-02-12T00:26:48Z INFO  filler] {"intent": "limit_uncross", "txn": "h34ZGtExuK3fJ847tH4rkwsCqcxkJwAip6FJsiModJKzUsgfu89HyYsvBrfC1ocKbvFbRA3y4Z9JtJL94YeUmKc", "observed_slot": 399652551}
[2026-02-12T00:26:48Z INFO  filler] {"intent": "limit_uncross", "txn": "3XYgdrWvdrgL4ZssWvo9m3t7huZrU2dbwkR6Bbe8LWLxUKfq512c6rV7hZ2JM3yGKZujZSDqRjuMFPsAhEFUgyQb", "observed_slot": 399652551}
[2026-02-12T00:26:49Z INFO  filler] found limit crosses (market: 0), top bid: Some(L3Order { price: 79662300, size: 120000000, max_ts: 1770856014, order_id: 89186, kind: Limit, user: E6nHxtCPwiaKep7WmybLGhV8Jh5G4NFJNnAvweDawG5D, flags: 10 }), top ask: Some(L3Order { price: 79645700, size: 10230000000, max_ts: 0, order_id: 39106351, kind: Limit, user: BrRpSaQ6hFDw8darPCyP9Sw7sjydMFQqB4ECAotXSEci, flags: 8 })
[2026-02-12T00:26:49Z INFO  filler] try uncross book=0,slot=399652553
[2026-02-12T00:26:49Z INFO  filler] found limit crosses (market: 61), top bid: Some(L3Order { price: 115255, size: 37632000000000, max_ts: 0, order_id: 34220773, kind: FloatingLimit, user: 6xjDCa6fpehWBQzEdDQW3Gv1kum3VzVKzZpXG4AKckJK, flags: 2 }), top ask: Some(L3Order { price: 0, size: 657000000000, max_ts: 1770856014, order_id: 5019, kind: Oracle, user: pGr2WpdDowT21MLj7GWNRLduUcdshVqj4AeZbi98Jy1, flags: 1 })
[2026-02-12T00:26:49Z INFO  filler] try uncross book=61,slot=399652553
[2026-02-12T00:26:49Z INFO  filler] {"intent": "limit_uncross", "txn": "yqWu7EPkaJaTG3aGXZ8bJng2XzyPr5QHB8VcR7Bg8W42WgPc8g6unLLuPcU6qWA9de6qoj5CQjLSfsTnYibnyvS", "observed_slot": 399652553}
[2026-02-12T00:26:49Z INFO  filler] {"intent": "limit_uncross", "txn": "2warLhVjE5occs5aL8oG1D4n6qMhRkJpHPAXyta4PP6pa7baf5DJqDZavsTfPYoNEEss8aVZboLd8F3uTcA256dR", "observed_slot": 399652553}
[2026-02-12T00:26:50Z INFO  filler] found limit crosses (market: 0), top bid: Some(L3Order { price: 79662300, size: 120000000, max_ts: 1770856014, order_id: 89186, kind: Limit, user: E6nHxtCPwiaKep7WmybLGhV8Jh5G4NFJNnAvweDawG5D, flags: 10 }), top ask: Some(L3Order { price: 79645700, size: 10230000000, max_ts: 0, order_id: 39106351, kind: Limit, user: BrRpSaQ6hFDw8darPCyP9Sw7sjydMFQqB4ECAotXSEci, flags: 8 })
[2026-02-12T00:26:50Z INFO  filler] try uncross book=0,slot=399652555
[2026-02-12T00:26:50Z INFO  filler] found limit crosses (market: 61), top bid: Some(L3Order { price: 115255, size: 37632000000000, max_ts: 0, order_id: 34220773, kind: FloatingLimit, user: 6xjDCa6fpehWBQzEdDQW3Gv1kum3VzVKzZpXG4AKckJK, flags: 2 }), top ask: Some(L3Order { price: 0, size: 657000000000, max_ts: 1770856014, order_id: 5019, kind: Oracle, user: pGr2WpdDowT21MLj7GWNRLduUcdshVqj4AeZbi98Jy1, flags: 1 })
[2026-02-12T00:26:50Z INFO  filler] try uncross book=61,slot=399652555
[2026-02-12T00:26:50Z INFO  filler] {"intent": "limit_uncross", "txn": "2warLhVjE5occs5aL8oG1D4n6qMhRkJpHPAXyta4PP6pa7baf5DJqDZavsTfPYoNEEss8aVZboLd8F3uTcA256dR", "observed_slot": 399652555}
[2026-02-12T00:26:50Z INFO  filler] {"intent": "limit_uncross", "txn": "yqWu7EPkaJaTG3aGXZ8bJng2XzyPr5QHB8VcR7Bg8W42WgPc8g6unLLuPcU6qWA9de6qoj5CQjLSfsTnYibnyvS", "observed_slot": 399652555}
[2026-02-12T00:26:50Z INFO  filler] found auction crosses. market: 61, prices: [0], CrossesAndTopMakers { top_maker_asks: [CfELWppmk5iNNJ1pbix32X9DzPF1R8z9cqZyuhgScRSe, 6xjDCa6fpehWBQzEdDQW3Gv1kum3VzVKzZpXG4AKckJK, 73kMT9GhAAUgAz5TXoFLqqMtw4jRkn57MCEcoGdLCGxU], top_maker_bids: [6xjDCa6fpehWBQzEdDQW3Gv1kum3VzVKzZpXG4AKckJK], limit_crosses: None, vamm_taker_ask: None, vamm_taker_bid: None, crosses: [(L3Order { price: 0, size: 657000000000, max_ts: 1770856014, order_id: 5019, kind: Oracle, user: pGr2WpdDowT21MLj7GWNRLduUcdshVqj4AeZbi98Jy1, flags: 1 }, MakerCrosses { orders: [(L3Order { price: 115255, size: 37632000000000, max_ts: 0, order_id: 34220773, kind: FloatingLimit, user: 6xjDCa6fpehWBQzEdDQW3Gv1kum3VzVKzZpXG4AKckJK, flags: 2 }, 657000000000)], slot: 399652555, has_vamm_cross: true, is_partial: false, taker_direction: Short })] }
[2026-02-12T00:26:50Z INFO  filler] try fill auction order: L3Order { price: 0, size: 657000000000, max_ts: 1770856014, order_id: 5019, kind: Oracle, user: pGr2WpdDowT21MLj7GWNRLduUcdshVqj4AeZbi98Jy1, flags: 1 }
[2026-02-12T00:26:50Z INFO  filler] skip vamm cross too small: MakerCrosses { orders: [(L3Order { price: 115255, size: 37632000000000, max_ts: 0, order_id: 34220773, kind: FloatingLimit, user: 6xjDCa6fpehWBQzEdDQW3Gv1kum3VzVKzZpXG4AKckJK, flags: 2 }, 657000000000)], slot: 399652555, has_vamm_cross: true, is_partial: false, taker_direction: Short }
[2026-02-12T00:26:51Z INFO  filler] found limit crosses (market: 0), top bid: Some(L3Order { price: 79662300, size: 120000000, max_ts: 1770856014, order_id: 89186, kind: Limit, user: E6nHxtCPwiaKep7WmybLGhV8Jh5G4NFJNnAvweDawG5D, flags: 10 }), top ask: Some(L3Order { price: 79645700, size: 10230000000, max_ts: 0, order_id: 39106351, kind: Limit, user: BrRpSaQ6hFDw8darPCyP9Sw7sjydMFQqB4ECAotXSEci, flags: 8 })
[2026-02-12T00:26:51Z INFO  filler] try uncross book=0,slot=399652557
[2026-02-12T00:26:51Z INFO  filler] found auction crosses. market: 61, prices: [0], CrossesAndTopMakers { top_maker_asks: [CfELWppmk5iNNJ1pbix32X9DzPF1R8z9cqZyuhgScRSe, 6xjDCa6fpehWBQzEdDQW3Gv1kum3VzVKzZpXG4AKckJK, 73kMT9GhAAUgAz5TXoFLqqMtw4jRkn57MCEcoGdLCGxU], top_maker_bids: [6xjDCa6fpehWBQzEdDQW3Gv1kum3VzVKzZpXG4AKckJK], limit_crosses: None, vamm_taker_ask: None, vamm_taker_bid: None, crosses: [(L3Order { price: 0, size: 657000000000, max_ts: 1770856014, order_id: 5019, kind: Oracle, user: pGr2WpdDowT21MLj7GWNRLduUcdshVqj4AeZbi98Jy1, flags: 1 }, MakerCrosses { orders: [(L3Order { price: 115255, size: 37632000000000, max_ts: 0, order_id: 34220773, kind: FloatingLimit, user: 6xjDCa6fpehWBQzEdDQW3Gv1kum3VzVKzZpXG4AKckJK, flags: 2 }, 657000000000)], slot: 399652556, has_vamm_cross: true, is_partial: false, taker_direction: Short })] }
[2026-02-12T00:26:51Z INFO  filler] try fill auction order: L3Order { price: 0, size: 657000000000, max_ts: 1770856014, order_id: 5019, kind: Oracle, user: pGr2WpdDowT21MLj7GWNRLduUcdshVqj4AeZbi98Jy1, flags: 1 }
[2026-02-12T00:26:51Z INFO  filler] skip vamm cross too small: MakerCrosses { orders: [(L3Order { price: 115255, size: 37632000000000, max_ts: 0, order_id: 34220773, kind: FloatingLimit, user: 6xjDCa6fpehWBQzEdDQW3Gv1kum3VzVKzZpXG4AKckJK, flags: 2 }, 657000000000)], slot: 399652556, has_vamm_cross: true, is_partial: false, taker_direction: Short }
[2026-02-12T00:26:51Z INFO  filler] found limit crosses (market: 61), top bid: Some(L3Order { price: 115255, size: 37632000000000, max_ts: 0, order_id: 34220773, kind: FloatingLimit, user: 6xjDCa6fpehWBQzEdDQW3Gv1kum3VzVKzZpXG4AKckJK, flags: 2 }), top ask: Some(L3Order { price: 0, size: 657000000000, max_ts: 1770856014, order_id: 5019, kind: Oracle, user: pGr2WpdDowT21MLj7GWNRLduUcdshVqj4AeZbi98Jy1, flags: 1 })
[2026-02-12T00:26:51Z INFO  filler] try uncross book=61,slot=399652557
[2026-02-12T00:26:51Z INFO  filler] {"intent": "limit_uncross", "txn": "4n2ST9jBcETwTJx8PZ8z42riwzEuLXr9irYo7XUp2suGDwnjegZV3Fo9PbFeLxbuuJbyrTxrMGWGPdUhAmeFa63y", "observed_slot": 399652557}
[2026-02-12T00:26:51Z INFO  filler] {"intent": "limit_uncross", "txn": "36KBzuDiYroKThXpK6CpKAPb89L15Ck26F3XZJ2FnAACX43qHoQmoUXzW8ViPHFDH4eAbzwZkVBwB6RU5ZWCAAei", "observed_slot": 399652557}
[2026-02-12T00:26:51Z INFO  filler] found limit crosses (market: 0), top bid: Some(L3Order { price: 79662300, size: 120000000, max_ts: 1770856014, order_id: 89186, kind: Limit, user: E6nHxtCPwiaKep7WmybLGhV8Jh5G4NFJNnAvweDawG5D, flags: 10 }), top ask: Some(L3Order { price: 79645700, size: 10230000000, max_ts: 0, order_id: 39106351, kind: Limit, user: BrRpSaQ6hFDw8darPCyP9Sw7sjydMFQqB4ECAotXSEci, flags: 8 })
[2026-02-12T00:26:51Z INFO  filler] try uncross book=0,slot=399652559
[2026-02-12T00:26:51Z INFO  filler] found limit crosses (market: 61), top bid: Some(L3Order { price: 115255, size: 37632000000000, max_ts: 0, order_id: 34220773, kind: FloatingLimit, user: 6xjDCa6fpehWBQzEdDQW3Gv1kum3VzVKzZpXG4AKckJK, flags: 2 }), top ask: Some(L3Order { price: 0, size: 657000000000, max_ts: 1770856014, order_id: 5019, kind: Oracle, user: pGr2WpdDowT21MLj7GWNRLduUcdshVqj4AeZbi98Jy1, flags: 1 })
[2026-02-12T00:26:51Z INFO  filler] try uncross book=61,slot=399652559
[2026-02-12T00:26:51Z INFO  filler] {"intent": "limit_uncross", "txn": "36KBzuDiYroKThXpK6CpKAPb89L15Ck26F3XZJ2FnAACX43qHoQmoUXzW8ViPHFDH4eAbzwZkVBwB6RU5ZWCAAei", "observed_slot": 399652559}
[2026-02-12T00:26:51Z INFO  filler] {"intent": "limit_uncross", "txn": "4n2ST9jBcETwTJx8PZ8z42riwzEuLXr9irYo7XUp2suGDwnjegZV3Fo9PbFeLxbuuJbyrTxrMGWGPdUhAmeFa63y", "observed_slot": 399652559}
[2026-02-12T00:26:52Z INFO  filler] found limit crosses (market: 0), top bid: Some(L3Order { price: 79662300, size: 120000000, max_ts: 1770856014, order_id: 89186, kind: Limit, user: E6nHxtCPwiaKep7WmybLGhV8Jh5G4NFJNnAvweDawG5D, flags: 10 }), top ask: Some(L3Order { price: 79645700, size: 10230000000, max_ts: 0, order_id: 39106351, kind: Limit, user: BrRpSaQ6hFDw8darPCyP9Sw7sjydMFQqB4ECAotXSEci, flags: 8 })
[2026-02-12T00:26:52Z INFO  filler] try uncross book=0,slot=399652561
[2026-02-12T00:26:52Z INFO  filler] found limit crosses (market: 61), top bid: Some(L3Order { price: 115255, size: 37632000000000, max_ts: 0, order_id: 34220773, kind: FloatingLimit, user: 6xjDCa6fpehWBQzEdDQW3Gv1kum3VzVKzZpXG4AKckJK, flags: 2 }), top ask: Some(L3Order { price: 0, size: 657000000000, max_ts: 1770856014, order_id: 5019, kind: Oracle, user: pGr2WpdDowT21MLj7GWNRLduUcdshVqj4AeZbi98Jy1, flags: 1 })
[2026-02-12T00:26:52Z INFO  filler] try uncross book=61,slot=399652561
[2026-02-12T00:26:52Z INFO  filler] {"intent": "limit_uncross", "txn": "4n2ST9jBcETwTJx8PZ8z42riwzEuLXr9irYo7XUp2suGDwnjegZV3Fo9PbFeLxbuuJbyrTxrMGWGPdUhAmeFa63y", "observed_slot": 399652561}
[2026-02-12T00:26:52Z INFO  filler] {"intent": "limit_uncross", "txn": "36KBzuDiYroKThXpK6CpKAPb89L15Ck26F3XZJ2FnAACX43qHoQmoUXzW8ViPHFDH4eAbzwZkVBwB6RU5ZWCAAei", "observed_slot": 399652561}
[2026-02-12T00:26:53Z INFO  filler] found auction crosses. market: 61, prices: [0], CrossesAndTopMakers { top_maker_asks: [CfELWppmk5iNNJ1pbix32X9DzPF1R8z9cqZyuhgScRSe, 6xjDCa6fpehWBQzEdDQW3Gv1kum3VzVKzZpXG4AKckJK, 73kMT9GhAAUgAz5TXoFLqqMtw4jRkn57MCEcoGdLCGxU], top_maker_bids: [6xjDCa6fpehWBQzEdDQW3Gv1kum3VzVKzZpXG4AKckJK], limit_crosses: None, vamm_taker_ask: None, vamm_taker_bid: None, crosses: [(L3Order { price: 0, size: 657000000000, max_ts: 1770856014, order_id: 5019, kind: Oracle, user: pGr2WpdDowT21MLj7GWNRLduUcdshVqj4AeZbi98Jy1, flags: 1 }, MakerCrosses { orders: [(L3Order { price: 115255, size: 37632000000000, max_ts: 0, order_id: 34220773, kind: FloatingLimit, user: 6xjDCa6fpehWBQzEdDQW3Gv1kum3VzVKzZpXG4AKckJK, flags: 2 }, 657000000000)], slot: 399652561, has_vamm_cross: true, is_partial: false, taker_direction: Short })] }
[2026-02-12T00:26:53Z INFO  filler] try fill auction order: L3Order { price: 0, size: 657000000000, max_ts: 1770856014, order_id: 5019, kind: Oracle, user: pGr2WpdDowT21MLj7GWNRLduUcdshVqj4AeZbi98Jy1, flags: 1 }
[2026-02-12T00:26:53Z INFO  filler] skip vamm cross too small: MakerCrosses { orders: [(L3Order { price: 115255, size: 37632000000000, max_ts: 0, order_id: 34220773, kind: FloatingLimit, user: 6xjDCa6fpehWBQzEdDQW3Gv1kum3VzVKzZpXG4AKckJK, flags: 2 }, 657000000000)], slot: 399652561, has_vamm_cross: true, is_partial: false, taker_direction: Short }
[2026-02-12T00:26:53Z INFO  filler] found limit crosses (market: 0), top bid: Some(L3Order { price: 79662300, size: 120000000, max_ts: 1770856014, order_id: 89186, kind: Limit, user: E6nHxtCPwiaKep7WmybLGhV8Jh5G4NFJNnAvweDawG5D, flags: 10 }), top ask: Some(L3Order { price: 79645700, size: 10230000000, max_ts: 0, order_id: 39106351, kind: Limit, user: BrRpSaQ6hFDw8darPCyP9Sw7sjydMFQqB4ECAotXSEci, flags: 8 })
[2026-02-12T00:26:53Z INFO  filler] try uncross book=0,slot=399652563
[2026-02-12T00:26:53Z INFO  filler] found auction crosses. market: 61, prices: [0], CrossesAndTopMakers { top_maker_asks: [CfELWppmk5iNNJ1pbix32X9DzPF1R8z9cqZyuhgScRSe, 6xjDCa6fpehWBQzEdDQW3Gv1kum3VzVKzZpXG4AKckJK, 73kMT9GhAAUgAz5TXoFLqqMtw4jRkn57MCEcoGdLCGxU], top_maker_bids: [6xjDCa6fpehWBQzEdDQW3Gv1kum3VzVKzZpXG4AKckJK], limit_crosses: None, vamm_taker_ask: None, vamm_taker_bid: None, crosses: [(L3Order { price: 0, size: 657000000000, max_ts: 1770856014, order_id: 5019, kind: Oracle, user: pGr2WpdDowT21MLj7GWNRLduUcdshVqj4AeZbi98Jy1, flags: 1 }, MakerCrosses { orders: [(L3Order { price: 115255, size: 37632000000000, max_ts: 0, order_id: 34220773, kind: FloatingLimit, user: 6xjDCa6fpehWBQzEdDQW3Gv1kum3VzVKzZpXG4AKckJK, flags: 2 }, 657000000000)], slot: 399652562, has_vamm_cross: true, is_partial: false, taker_direction: Short })] }
[2026-02-12T00:26:53Z INFO  filler] try fill auction order: L3Order { price: 0, size: 657000000000, max_ts: 1770856014, order_id: 5019, kind: Oracle, user: pGr2WpdDowT21MLj7GWNRLduUcdshVqj4AeZbi98Jy1, flags: 1 }
[2026-02-12T00:26:53Z INFO  filler] skip vamm cross too small: MakerCrosses { orders: [(L3Order { price: 115255, size: 37632000000000, max_ts: 0, order_id: 34220773, kind: FloatingLimit, user: 6xjDCa6fpehWBQzEdDQW3Gv1kum3VzVKzZpXG4AKckJK, flags: 2 }, 657000000000)], slot: 399652562, has_vamm_cross: true, is_partial: false, taker_direction: Short }
[2026-02-12T00:26:53Z INFO  filler] found limit crosses (market: 61), top bid: Some(L3Order { price: 115255, size: 37632000000000, max_ts: 0, order_id: 34220773, kind: FloatingLimit, user: 6xjDCa6fpehWBQzEdDQW3Gv1kum3VzVKzZpXG4AKckJK, flags: 2 }), top ask: Some(L3Order { price: 0, size: 657000000000, max_ts: 1770856014, order_id: 5019, kind: Oracle, user: pGr2WpdDowT21MLj7GWNRLduUcdshVqj4AeZbi98Jy1, flags: 1 })
[2026-02-12T00:26:53Z INFO  filler] try uncross book=61,slot=399652563
[2026-02-12T00:26:53Z INFO  filler] {"intent": "limit_uncross", "txn": "5pUbQaLRG5CpJMJBRZ9takZxXFFqgfG1DDmihEjSdHjS5TmhFea7Zq4WeU3h1hxWxtHypqR1zFGn6RkwJQB2zgvS", "observed_slot": 399652563}
[2026-02-12T00:26:53Z INFO  filler] {"intent": "limit_uncross", "txn": "4X5oniEtrzinpXDodyrArQ9vi5DJLKMMTfE7etRJSu7XS3VkTngquJh7rhwQ59mdwujANaHDUPNKzMy1xVvSLivL", "observed_slot": 399652563}
[2026-02-12T00:26:54Z INFO  filler] found limit crosses (market: 0), top bid: Some(L3Order { price: 79662300, size: 120000000, max_ts: 1770856014, order_id: 89186, kind: Limit, user: E6nHxtCPwiaKep7WmybLGhV8Jh5G4NFJNnAvweDawG5D, flags: 10 }), top ask: Some(L3Order { price: 79645700, size: 10230000000, max_ts: 0, order_id: 39106351, kind: Limit, user: BrRpSaQ6hFDw8darPCyP9Sw7sjydMFQqB4ECAotXSEci, flags: 8 })
[2026-02-12T00:26:54Z INFO  filler] try uncross book=0,slot=399652565
[2026-02-12T00:26:54Z INFO  filler] found limit crosses (market: 61), top bid: Some(L3Order { price: 115255, size: 37632000000000, max_ts: 0, order_id: 34220773, kind: FloatingLimit, user: 6xjDCa6fpehWBQzEdDQW3Gv1kum3VzVKzZpXG4AKckJK, flags: 2 }), top ask: Some(L3Order { price: 0, size: 657000000000, max_ts: 1770856014, order_id: 5019, kind: Oracle, user: pGr2WpdDowT21MLj7GWNRLduUcdshVqj4AeZbi98Jy1, flags: 1 })
[2026-02-12T00:26:54Z INFO  filler] try uncross book=61,slot=399652565
[2026-02-12T00:26:54Z INFO  filler] {"intent": "limit_uncross", "txn": "4X5oniEtrzinpXDodyrArQ9vi5DJLKMMTfE7etRJSu7XS3VkTngquJh7rhwQ59mdwujANaHDUPNKzMy1xVvSLivL", "observed_slot": 399652565}
[2026-02-12T00:26:54Z INFO  filler] {"intent": "limit_uncross", "txn": "5pUbQaLRG5CpJMJBRZ9takZxXFFqgfG1DDmihEjSdHjS5TmhFea7Zq4WeU3h1hxWxtHypqR1zFGn6RkwJQB2zgvS", "observed_slot": 399652565}
[2026-02-12T00:26:55Z INFO  filler] found limit crosses (market: 0), top bid: Some(L3Order { price: 79662300, size: 120000000, max_ts: 1770856014, order_id: 89186, kind: Limit, user: E6nHxtCPwiaKep7WmybLGhV8Jh5G4NFJNnAvweDawG5D, flags: 10 }), top ask: Some(L3Order { price: 79645700, size: 10230000000, max_ts: 0, order_id: 39106351, kind: Limit, user: BrRpSaQ6hFDw8darPCyP9Sw7sjydMFQqB4ECAotXSEci, flags: 8 })
[2026-02-12T00:26:55Z INFO  filler] try uncross book=0,slot=399652567
[2026-02-12T00:26:56Z INFO  filler] found limit crosses (market: 0), top bid: Some(L3Order { price: 79662300, size: 120000000, max_ts: 1770856014, order_id: 89186, kind: Limit, user: E6nHxtCPwiaKep7WmybLGhV8Jh5G4NFJNnAvweDawG5D, flags: 10 }), top ask: Some(L3Order { price: 79645700, size: 10230000000, max_ts: 0, order_id: 39106351, kind: Limit, user: BrRpSaQ6hFDw8darPCyP9Sw7sjydMFQqB4ECAotXSEci, flags: 8 })
[2026-02-12T00:26:56Z INFO  filler] try uncross book=0,slot=399652569
[2026-02-12T00:26:56Z INFO  filler] found limit crosses (market: 0), top bid: Some(L3Order { price: 79662300, size: 120000000, max_ts: 1770856014, order_id: 89186, kind: Limit, user: E6nHxtCPwiaKep7WmybLGhV8Jh5G4NFJNnAvweDawG5D, flags: 10 }), top ask: Some(L3Order { price: 79645700, size: 10230000000, max_ts: 0, order_id: 39106351, kind: Limit, user: BrRpSaQ6hFDw8darPCyP9Sw7sjydMFQqB4ECAotXSEci, flags: 8 })
[2026-02-12T00:26:56Z INFO  filler] try uncross book=0,slot=399652571
[2026-02-12T00:26:57Z INFO  filler] found limit crosses (market: 0), top bid: Some(L3Order { price: 79662300, size: 120000000, max_ts: 1770856014, order_id: 89186, kind: Limit, user: E6nHxtCPwiaKep7WmybLGhV8Jh5G4NFJNnAvweDawG5D, flags: 10 }), top ask: Some(L3Order { price: 79645700, size: 10230000000, max_ts: 0, order_id: 39106351, kind: Limit, user: BrRpSaQ6hFDw8darPCyP9Sw7sjydMFQqB4ECAotXSEci, flags: 8 })
[2026-02-12T00:26:57Z INFO  filler] try uncross book=0,slot=399652573
[2026-02-12T00:26:58Z INFO  filler] found limit crosses (market: 0), top bid: Some(L3Order { price: 79662300, size: 110000000, max_ts: 1770856046, order_id: 89187, kind: Limit, user: E6nHxtCPwiaKep7WmybLGhV8Jh5G4NFJNnAvweDawG5D, flags: 10 }), top ask: Some(L3Order { price: 79645700, size: 10230000000, max_ts: 0, order_id: 39106351, kind: Limit, user: BrRpSaQ6hFDw8darPCyP9Sw7sjydMFQqB4ECAotXSEci, flags: 8 })
[2026-02-12T00:26:58Z INFO  filler] try uncross book=0,slot=399652575
[2026-02-12T00:26:59Z INFO  filler] found limit crosses (market: 0), top bid: Some(L3Order { price: 79662300, size: 110000000, max_ts: 1770856046, order_id: 89187, kind: Limit, user: E6nHxtCPwiaKep7WmybLGhV8Jh5G4NFJNnAvweDawG5D, flags: 10 }), top ask: Some(L3Order { price: 79645700, size: 10230000000, max_ts: 0, order_id: 39106351, kind: Limit, user: BrRpSaQ6hFDw8darPCyP9Sw7sjydMFQqB4ECAotXSEci, flags: 8 })
[2026-02-12T00:26:59Z INFO  filler] try uncross book=0,slot=399652577
[2026-02-12T00:26:59Z INFO  filler] found limit crosses (market: 0), top bid: Some(L3Order { price: 79662300, size: 110000000, max_ts: 1770856046, order_id: 89187, kind: Limit, user: E6nHxtCPwiaKep7WmybLGhV8Jh5G4NFJNnAvweDawG5D, flags: 10 }), top ask: Some(L3Order { price: 79645700, size: 10230000000, max_ts: 0, order_id: 39106351, kind: Limit, user: BrRpSaQ6hFDw8darPCyP9Sw7sjydMFQqB4ECAotXSEci, flags: 8 })
[2026-02-12T00:26:59Z INFO  filler] try uncross book=0,slot=399652579
[2026-02-12T00:27:00Z INFO  filler] found limit crosses (market: 0), top bid: Some(L3Order { price: 79662300, size: 110000000, max_ts: 1770856046, order_id: 89187, kind: Limit, user: E6nHxtCPwiaKep7WmybLGhV8Jh5G4NFJNnAvweDawG5D, flags: 10 }), top ask: Some(L3Order { price: 79645700, size: 10230000000, max_ts: 0, order_id: 39106351, kind: Limit, user: BrRpSaQ6hFDw8darPCyP9Sw7sjydMFQqB4ECAotXSEci, flags: 8 })
[2026-02-12T00:27:00Z INFO  filler] try uncross book=0,slot=399652581
[2026-02-12T00:27:01Z INFO  filler] found limit crosses (market: 0), top bid: Some(L3Order { price: 79662300, size: 110000000, max_ts: 1770856046, order_id: 89187, kind: Limit, user: E6nHxtCPwiaKep7WmybLGhV8Jh5G4NFJNnAvweDawG5D, flags: 10 }), top ask: Some(L3Order { price: 79645700, size: 10230000000, max_ts: 0, order_id: 39106351, kind: Limit, user: BrRpSaQ6hFDw8darPCyP9Sw7sjydMFQqB4ECAotXSEci, flags: 8 })
[2026-02-12T00:27:01Z INFO  filler] try uncross book=0,slot=399652583
[2026-02-12T00:27:01Z INFO  filler] found limit crosses (market: 0), top bid: Some(L3Order { price: 79662300, size: 110000000, max_ts: 1770856046, order_id: 89187, kind: Limit, user: E6nHxtCPwiaKep7WmybLGhV8Jh5G4NFJNnAvweDawG5D, flags: 10 }), top ask: Some(L3Order { price: 79645700, size: 10230000000, max_ts: 0, order_id: 39106351, kind: Limit, user: BrRpSaQ6hFDw8darPCyP9Sw7sjydMFQqB4ECAotXSEci, flags: 8 })
[2026-02-12T00:27:01Z INFO  filler] try uncross book=0,slot=399652585
[2026-02-12T00:27:02Z INFO  filler] new swift order. uuid=3HHTyNdp, market=62
[2026-02-12T00:27:02Z INFO  filler] found limit crosses (market: 0), top bid: Some(L3Order { price: 79662300, size: 110000000, max_ts: 1770856046, order_id: 89187, kind: Limit, user: E6nHxtCPwiaKep7WmybLGhV8Jh5G4NFJNnAvweDawG5D, flags: 10 }), top ask: Some(L3Order { price: 79645700, size: 10230000000, max_ts: 0, order_id: 39106351, kind: Limit, user: BrRpSaQ6hFDw8darPCyP9Sw7sjydMFQqB4ECAotXSEci, flags: 8 })
[2026-02-12T00:27:02Z INFO  filler] try uncross book=0,slot=399652587
[2026-02-12T00:27:03Z INFO  filler] found limit crosses (market: 0), top bid: Some(L3Order { price: 79662300, size: 110000000, max_ts: 1770856046, order_id: 89187, kind: Limit, user: E6nHxtCPwiaKep7WmybLGhV8Jh5G4NFJNnAvweDawG5D, flags: 10 }), top ask: Some(L3Order { price: 79645700, size: 10230000000, max_ts: 0, order_id: 39106351, kind: Limit, user: BrRpSaQ6hFDw8darPCyP9Sw7sjydMFQqB4ECAotXSEci, flags: 8 })
[2026-02-12T00:27:03Z INFO  filler] try uncross book=0,slot=399652589
[2026-02-12T00:27:04Z INFO  filler] found limit crosses (market: 0), top bid: Some(L3Order { price: 79662300, size: 110000000, max_ts: 1770856046, order_id: 89187, kind: Limit, user: E6nHxtCPwiaKep7WmybLGhV8Jh5G4NFJNnAvweDawG5D, flags: 10 }), top ask: Some(L3Order { price: 79645700, size: 10230000000, max_ts: 0, order_id: 39106351, kind: Limit, user: BrRpSaQ6hFDw8darPCyP9Sw7sjydMFQqB4ECAotXSEci, flags: 8 })
[2026-02-12T00:27:04Z INFO  filler] try uncross book=0,slot=399652591
[2026-02-12T00:27:05Z INFO  filler] found limit crosses (market: 0), top bid: Some(L3Order { price: 79662300, size: 110000000, max_ts: 1770856046, order_id: 89187, kind: Limit, user: E6nHxtCPwiaKep7WmybLGhV8Jh5G4NFJNnAvweDawG5D, flags: 10 }), top ask: Some(L3Order { price: 79645700, size: 10230000000, max_ts: 0, order_id: 39106351, kind: Limit, user: BrRpSaQ6hFDw8darPCyP9Sw7sjydMFQqB4ECAotXSEci, flags: 8 })
[2026-02-12T00:27:05Z INFO  filler] try uncross book=0,slot=399652593
[2026-02-12T00:27:06Z INFO  filler] found limit crosses (market: 0), top bid: Some(L3Order { price: 79662300, size: 110000000, max_ts: 1770856046, order_id: 89187, kind: Limit, user: E6nHxtCPwiaKep7WmybLGhV8Jh5G4NFJNnAvweDawG5D, flags: 10 }), top ask: Some(L3Order { price: 79645700, size: 10230000000, max_ts: 0, order_id: 39106351, kind: Limit, user: BrRpSaQ6hFDw8darPCyP9Sw7sjydMFQqB4ECAotXSEci, flags: 8 })
[2026-02-12T00:27:06Z INFO  filler] try uncross book=0,slot=399652595
[2026-02-12T00:27:06Z INFO  filler] found limit crosses (market: 0), top bid: Some(L3Order { price: 79662300, size: 110000000, max_ts: 1770856046, order_id: 89187, kind: Limit, user: E6nHxtCPwiaKep7WmybLGhV8Jh5G4NFJNnAvweDawG5D, flags: 10 }), top ask: Some(L3Order { price: 79645700, size: 10230000000, max_ts: 0, order_id: 39106351, kind: Limit, user: BrRpSaQ6hFDw8darPCyP9Sw7sjydMFQqB4ECAotXSEci, flags: 8 })
[2026-02-12T00:27:06Z INFO  filler] try uncross book=0,slot=399652597
[2026-02-12T00:27:07Z INFO  filler] found limit crosses (market: 0), top bid: Some(L3Order { price: 79662300, size: 110000000, max_ts: 1770856046, order_id: 89187, kind: Limit, user: E6nHxtCPwiaKep7WmybLGhV8Jh5G4NFJNnAvweDawG5D, flags: 10 }), top ask: Some(L3Order { price: 79645700, size: 10230000000, max_ts: 0, order_id: 39106351, kind: Limit, user: BrRpSaQ6hFDw8darPCyP9Sw7sjydMFQqB4ECAotXSEci, flags: 8 })
[2026-02-12T00:27:07Z INFO  filler] try uncross book=0,slot=399652599
[2026-02-12T00:27:08Z INFO  filler] found limit crosses (market: 0), top bid: Some(L3Order { price: 79662300, size: 110000000, max_ts: 1770856046, order_id: 89187, kind: Limit, user: E6nHxtCPwiaKep7WmybLGhV8Jh5G4NFJNnAvweDawG5D, flags: 10 }), top ask: Some(L3Order { price: 79645700, size: 10230000000, max_ts: 0, order_id: 39106351, kind: Limit, user: BrRpSaQ6hFDw8darPCyP9Sw7sjydMFQqB4ECAotXSEci, flags: 8 })
[2026-02-12T00:27:08Z INFO  filler] try uncross book=0,slot=399652601
[2026-02-12T00:27:09Z INFO  filler] found limit crosses (market: 0), top bid: Some(L3Order { price: 79662300, size: 110000000, max_ts: 1770856046, order_id: 89187, kind: Limit, user: E6nHxtCPwiaKep7WmybLGhV8Jh5G4NFJNnAvweDawG5D, flags: 10 }), top ask: Some(L3Order { price: 79645700, size: 10230000000, max_ts: 0, order_id: 39106351, kind: Limit, user: BrRpSaQ6hFDw8darPCyP9Sw7sjydMFQqB4ECAotXSEci, flags: 8 })
[2026-02-12T00:27:09Z INFO  filler] try uncross book=0,slot=399652603
[2026-02-12T00:27:09Z INFO  filler] found limit crosses (market: 0), top bid: Some(L3Order { price: 79662300, size: 110000000, max_ts: 1770856046, order_id: 89187, kind: Limit, user: E6nHxtCPwiaKep7WmybLGhV8Jh5G4NFJNnAvweDawG5D, flags: 10 }), top ask: Some(L3Order { price: 79645700, size: 10230000000, max_ts: 0, order_id: 39106351, kind: Limit, user: BrRpSaQ6hFDw8darPCyP9Sw7sjydMFQqB4ECAotXSEci, flags: 8 })
[2026-02-12T00:27:09Z INFO  filler] try uncross book=0,slot=399652605
[2026-02-12T00:27:10Z INFO  filler] found limit crosses (market: 0), top bid: Some(L3Order { price: 79662300, size: 110000000, max_ts: 1770856046, order_id: 89187, kind: Limit, user: E6nHxtCPwiaKep7WmybLGhV8Jh5G4NFJNnAvweDawG5D, flags: 10 }), top ask: Some(L3Order { price: 79645700, size: 10230000000, max_ts: 0, order_id: 39106351, kind: Limit, user: BrRpSaQ6hFDw8darPCyP9Sw7sjydMFQqB4ECAotXSEci, flags: 8 })
[2026-02-12T00:27:10Z INFO  filler] try uncross book=0,slot=399652607
[2026-02-12T00:27:11Z INFO  filler] found limit crosses (market: 0), top bid: Some(L3Order { price: 79662300, size: 110000000, max_ts: 1770856046, order_id: 89187, kind: Limit, user: E6nHxtCPwiaKep7WmybLGhV8Jh5G4NFJNnAvweDawG5D, flags: 10 }), top ask: Some(L3Order { price: 79645700, size: 10230000000, max_ts: 0, order_id: 39106351, kind: Limit, user: BrRpSaQ6hFDw8darPCyP9Sw7sjydMFQqB4ECAotXSEci, flags: 8 })
[2026-02-12T00:27:11Z INFO  filler] try uncross book=0,slot=399652609
[2026-02-12T00:27:11Z INFO  filler] found limit crosses (market: 0), top bid: Some(L3Order { price: 79662300, size: 110000000, max_ts: 1770856046, order_id: 89187, kind: Limit, user: E6nHxtCPwiaKep7WmybLGhV8Jh5G4NFJNnAvweDawG5D, flags: 10 }), top ask: Some(L3Order { price: 79645700, size: 10230000000, max_ts: 0, order_id: 39106351, kind: Limit, user: BrRpSaQ6hFDw8darPCyP9Sw7sjydMFQqB4ECAotXSEci, flags: 8 })
[2026-02-12T00:27:11Z INFO  filler] try uncross book=0,slot=399652611
[2026-02-12T00:27:12Z INFO  filler] found limit crosses (market: 0), top bid: Some(L3Order { price: 79662300, size: 110000000, max_ts: 1770856046, order_id: 89187, kind: Limit, user: E6nHxtCPwiaKep7WmybLGhV8Jh5G4NFJNnAvweDawG5D, flags: 10 }), top ask: Some(L3Order { price: 79645700, size: 10230000000, max_ts: 0, order_id: 39106351, kind: Limit, user: BrRpSaQ6hFDw8darPCyP9Sw7sjydMFQqB4ECAotXSEci, flags: 8 })
[2026-02-12T00:27:12Z INFO  filler] try uncross book=0,slot=399652613
[2026-02-12T00:27:13Z INFO  filler] found limit crosses (market: 0), top bid: Some(L3Order { price: 79662300, size: 110000000, max_ts: 1770856046, order_id: 89187, kind: Limit, user: E6nHxtCPwiaKep7WmybLGhV8Jh5G4NFJNnAvweDawG5D, flags: 10 }), top ask: Some(L3Order { price: 79645700, size: 10230000000, max_ts: 0, order_id: 39106351, kind: Limit, user: BrRpSaQ6hFDw8darPCyP9Sw7sjydMFQqB4ECAotXSEci, flags: 8 })
[2026-02-12T00:27:13Z INFO  filler] try uncross book=0,slot=399652615
[2026-02-12T00:27:14Z INFO  filler] found limit crosses (market: 0), top bid: Some(L3Order { price: 79662300, size: 110000000, max_ts: 1770856046, order_id: 89187, kind: Limit, user: E6nHxtCPwiaKep7WmybLGhV8Jh5G4NFJNnAvweDawG5D, flags: 10 }), top ask: Some(L3Order { price: 79645700, size: 10230000000, max_ts: 0, order_id: 39106351, kind: Limit, user: BrRpSaQ6hFDw8darPCyP9Sw7sjydMFQqB4ECAotXSEci, flags: 8 })
[2026-02-12T00:27:14Z INFO  filler] try uncross book=0,slot=399652617
[2026-02-12T00:27:14Z INFO  filler] found limit crosses (market: 0), top bid: Some(L3Order { price: 79662300, size: 110000000, max_ts: 1770856046, order_id: 89187, kind: Limit, user: E6nHxtCPwiaKep7WmybLGhV8Jh5G4NFJNnAvweDawG5D, flags: 10 }), top ask: Some(L3Order { price: 79645700, size: 10230000000, max_ts: 0, order_id: 39106351, kind: Limit, user: BrRpSaQ6hFDw8darPCyP9Sw7sjydMFQqB4ECAotXSEci, flags: 8 })
[2026-02-12T00:27:14Z INFO  filler] try uncross book=0,slot=399652619
[2026-02-12T00:27:15Z INFO  filler] found limit crosses (market: 0), top bid: Some(L3Order { price: 79662300, size: 110000000, max_ts: 1770856046, order_id: 89187, kind: Limit, user: E6nHxtCPwiaKep7WmybLGhV8Jh5G4NFJNnAvweDawG5D, flags: 10 }), top ask: Some(L3Order { price: 79645700, size: 10230000000, max_ts: 0, order_id: 39106351, kind: Limit, user: BrRpSaQ6hFDw8darPCyP9Sw7sjydMFQqB4ECAotXSEci, flags: 8 })
[2026-02-12T00:27:15Z INFO  filler] try uncross book=0,slot=399652621
[2026-02-12T00:27:16Z INFO  filler] found limit crosses (market: 0), top bid: Some(L3Order { price: 79662300, size: 110000000, max_ts: 1770856046, order_id: 89187, kind: Limit, user: E6nHxtCPwiaKep7WmybLGhV8Jh5G4NFJNnAvweDawG5D, flags: 10 }), top ask: Some(L3Order { price: 79645700, size: 10230000000, max_ts: 0, order_id: 39106351, kind: Limit, user: BrRpSaQ6hFDw8darPCyP9Sw7sjydMFQqB4ECAotXSEci, flags: 8 })
[2026-02-12T00:27:16Z INFO  filler] try uncross book=0,slot=399652623
[2026-02-12T00:27:17Z INFO  filler] found limit crosses (market: 0), top bid: Some(L3Order { price: 79662300, size: 110000000, max_ts: 1770856046, order_id: 89187, kind: Limit, user: E6nHxtCPwiaKep7WmybLGhV8Jh5G4NFJNnAvweDawG5D, flags: 10 }), top ask: Some(L3Order { price: 79645700, size: 10230000000, max_ts: 0, order_id: 39106351, kind: Limit, user: BrRpSaQ6hFDw8darPCyP9Sw7sjydMFQqB4ECAotXSEci, flags: 8 })
[2026-02-12T00:27:17Z INFO  filler] try uncross book=0,slot=399652625
[2026-02-12T00:27:17Z INFO  filler] found limit crosses (market: 0), top bid: Some(L3Order { price: 79662300, size: 110000000, max_ts: 1770856046, order_id: 89187, kind: Limit, user: E6nHxtCPwiaKep7WmybLGhV8Jh5G4NFJNnAvweDawG5D, flags: 10 }), top ask: Some(L3Order { price: 79645700, size: 10230000000, max_ts: 0, order_id: 39106351, kind: Limit, user: BrRpSaQ6hFDw8darPCyP9Sw7sjydMFQqB4ECAotXSEci, flags: 8 })
[2026-02-12T00:27:17Z INFO  filler] try uncross book=0,slot=399652627
[2026-02-12T00:27:18Z INFO  filler] found limit crosses (market: 0), top bid: Some(L3Order { price: 79662300, size: 110000000, max_ts: 1770856046, order_id: 89187, kind: Limit, user: E6nHxtCPwiaKep7WmybLGhV8Jh5G4NFJNnAvweDawG5D, flags: 10 }), top ask: Some(L3Order { price: 79645700, size: 10230000000, max_ts: 0, order_id: 39106351, kind: Limit, user: BrRpSaQ6hFDw8darPCyP9Sw7sjydMFQqB4ECAotXSEci, flags: 8 })
[2026-02-12T00:27:18Z INFO  filler] try uncross book=0,slot=399652629
[2026-02-12T00:27:19Z INFO  filler] found limit crosses (market: 0), top bid: Some(L3Order { price: 79662300, size: 110000000, max_ts: 1770856046, order_id: 89187, kind: Limit, user: E6nHxtCPwiaKep7WmybLGhV8Jh5G4NFJNnAvweDawG5D, flags: 10 }), top ask: Some(L3Order { price: 79645700, size: 10230000000, max_ts: 0, order_id: 39106351, kind: Limit, user: BrRpSaQ6hFDw8darPCyP9Sw7sjydMFQqB4ECAotXSEci, flags: 8 })
[2026-02-12T00:27:19Z INFO  filler] try uncross book=0,slot=399652631
[2026-02-12T00:27:20Z INFO  filler] found limit crosses (market: 0), top bid: Some(L3Order { price: 79662300, size: 110000000, max_ts: 1770856046, order_id: 89187, kind: Limit, user: E6nHxtCPwiaKep7WmybLGhV8Jh5G4NFJNnAvweDawG5D, flags: 10 }), top ask: Some(L3Order { price: 79645700, size: 10230000000, max_ts: 0, order_id: 39106351, kind: Limit, user: BrRpSaQ6hFDw8darPCyP9Sw7sjydMFQqB4ECAotXSEci, flags: 8 })
[2026-02-12T00:27:20Z INFO  filler] try uncross book=0,slot=399652633
[2026-02-12T00:27:21Z INFO  filler] found limit crosses (market: 0), top bid: Some(L3Order { price: 79662300, size: 110000000, max_ts: 1770856046, order_id: 89187, kind: Limit, user: E6nHxtCPwiaKep7WmybLGhV8Jh5G4NFJNnAvweDawG5D, flags: 10 }), top ask: Some(L3Order { price: 79645700, size: 10230000000, max_ts: 0, order_id: 39106351, kind: Limit, user: BrRpSaQ6hFDw8darPCyP9Sw7sjydMFQqB4ECAotXSEci, flags: 8 })
[2026-02-12T00:27:21Z INFO  filler] try uncross book=0,slot=399652635
[2026-02-12T00:27:22Z INFO  filler] found limit crosses (market: 0), top bid: Some(L3Order { price: 79662300, size: 110000000, max_ts: 1770856046, order_id: 89187, kind: Limit, user: E6nHxtCPwiaKep7WmybLGhV8Jh5G4NFJNnAvweDawG5D, flags: 10 }), top ask: Some(L3Order { price: 79645700, size: 10230000000, max_ts: 0, order_id: 39106351, kind: Limit, user: BrRpSaQ6hFDw8darPCyP9Sw7sjydMFQqB4ECAotXSEci, flags: 8 })
[2026-02-12T00:27:22Z INFO  filler] try uncross book=0,slot=399652637
[2026-02-12T00:27:22Z INFO  filler] found limit crosses (market: 0), top bid: Some(L3Order { price: 79662300, size: 110000000, max_ts: 1770856046, order_id: 89187, kind: Limit, user: E6nHxtCPwiaKep7WmybLGhV8Jh5G4NFJNnAvweDawG5D, flags: 10 }), top ask: Some(L3Order { price: 79645700, size: 10230000000, max_ts: 0, order_id: 39106351, kind: Limit, user: BrRpSaQ6hFDw8darPCyP9Sw7sjydMFQqB4ECAotXSEci, flags: 8 })
[2026-02-12T00:27:22Z INFO  filler] try uncross book=0,slot=399652639
[2026-02-12T00:27:23Z INFO  filler] found limit crosses (market: 0), top bid: Some(L3Order { price: 79662300, size: 110000000, max_ts: 1770856046, order_id: 89187, kind: Limit, user: E6nHxtCPwiaKep7WmybLGhV8Jh5G4NFJNnAvweDawG5D, flags: 10 }), top ask: Some(L3Order { price: 79645700, size: 10230000000, max_ts: 0, order_id: 39106351, kind: Limit, user: BrRpSaQ6hFDw8darPCyP9Sw7sjydMFQqB4ECAotXSEci, flags: 8 })
[2026-02-12T00:27:23Z INFO  filler] try uncross book=0,slot=399652641
[2026-02-12T00:27:23Z INFO  filler] new swift order. uuid=zxFrJiZT, market=76
Updating limit auction start price to 702372
Updating auction duration to 22
[2026-02-12T00:27:24Z INFO  filler] new swift order. uuid=phnZA9Xn, market=71
[2026-02-12T00:27:24Z INFO  filler] found auction crosses. market: 30, prices: [84968], CrossesAndTopMakers { top_maker_asks: [3codT5zuMjVDSkmdKWhFb7DWUp839bQHC7HVehA3bQAH, 82QAVT9Lc4rtaZvLF5984zJTACdQembq4Ma8CWgv4zzd, 3codT5zuMjVDSkmdKWhFb7DWUp839bQHC7HVehA3bQAH], top_maker_bids: [3codT5zuMjVDSkmdKWhFb7DWUp839bQHC7HVehA3bQAH, Mf6b9nCntRQktb2D8u5x4PBRp9wYeHVeiVvWBWQPG5M, 3codT5zuMjVDSkmdKWhFb7DWUp839bQHC7HVehA3bQAH], limit_crosses: None, vamm_taker_ask: None, vamm_taker_bid: None, crosses: [(L3Order { price: 84968, size: 84884000000000, max_ts: 1770856309, order_id: 29967, kind: Oracle, user: HNLDBTt7XoCdzCeK2urSaTsMaKJDs5Le8oMKqwohwYuQ, flags: 0 }, MakerCrosses { orders: [], slot: 399652642, has_vamm_cross: true, is_partial: true, taker_direction: Short })] }
[2026-02-12T00:27:24Z INFO  filler] try fill auction order: L3Order { price: 84968, size: 84884000000000, max_ts: 1770856309, order_id: 29967, kind: Oracle, user: HNLDBTt7XoCdzCeK2urSaTsMaKJDs5Le8oMKqwohwYuQ, flags: 0 }
[2026-02-12T00:27:24Z INFO  filler] skip vamm cross too small: MakerCrosses { orders: [], slot: 399652642, has_vamm_cross: true, is_partial: true, taker_direction: Short }
[2026-02-12T00:27:24Z INFO  filler] found auction crosses. market: 30, prices: [84948], CrossesAndTopMakers { top_maker_asks: [3codT5zuMjVDSkmdKWhFb7DWUp839bQHC7HVehA3bQAH, 82QAVT9Lc4rtaZvLF5984zJTACdQembq4Ma8CWgv4zzd, 3codT5zuMjVDSkmdKWhFb7DWUp839bQHC7HVehA3bQAH], top_maker_bids: [3codT5zuMjVDSkmdKWhFb7DWUp839bQHC7HVehA3bQAH, Mf6b9nCntRQktb2D8u5x4PBRp9wYeHVeiVvWBWQPG5M, 3codT5zuMjVDSkmdKWhFb7DWUp839bQHC7HVehA3bQAH], limit_crosses: None, vamm_taker_ask: None, vamm_taker_bid: None, crosses: [(L3Order { price: 84948, size: 84884000000000, max_ts: 1770856309, order_id: 29967, kind: Oracle, user: HNLDBTt7XoCdzCeK2urSaTsMaKJDs5Le8oMKqwohwYuQ, flags: 0 }, MakerCrosses { orders: [], slot: 399652643, has_vamm_cross: true, is_partial: true, taker_direction: Short })] }
[2026-02-12T00:27:24Z INFO  filler] try fill auction order: L3Order { price: 84948, size: 84884000000000, max_ts: 1770856309, order_id: 29967, kind: Oracle, user: HNLDBTt7XoCdzCeK2urSaTsMaKJDs5Le8oMKqwohwYuQ, flags: 0 }
[2026-02-12T00:27:24Z INFO  filler] skip vamm cross too small: MakerCrosses { orders: [], slot: 399652643, has_vamm_cross: true, is_partial: true, taker_direction: Short }
[2026-02-12T00:27:26Z INFO  filler] found auction crosses. market: 30, prices: [84948], CrossesAndTopMakers { top_maker_asks: [3codT5zuMjVDSkmdKWhFb7DWUp839bQHC7HVehA3bQAH, 82QAVT9Lc4rtaZvLF5984zJTACdQembq4Ma8CWgv4zzd, 3codT5zuMjVDSkmdKWhFb7DWUp839bQHC7HVehA3bQAH], top_maker_bids: [3codT5zuMjVDSkmdKWhFb7DWUp839bQHC7HVehA3bQAH, Mf6b9nCntRQktb2D8u5x4PBRp9wYeHVeiVvWBWQPG5M, 3codT5zuMjVDSkmdKWhFb7DWUp839bQHC7HVehA3bQAH], limit_crosses: None, vamm_taker_ask: None, vamm_taker_bid: None, crosses: [(L3Order { price: 84948, size: 84884000000000, max_ts: 1770856309, order_id: 29967, kind: Oracle, user: HNLDBTt7XoCdzCeK2urSaTsMaKJDs5Le8oMKqwohwYuQ, flags: 0 }, MakerCrosses { orders: [], slot: 399652648, has_vamm_cross: true, is_partial: true, taker_direction: Short })] }
[2026-02-12T00:27:26Z INFO  filler] try fill auction order: L3Order { price: 84948, size: 84884000000000, max_ts: 1770856309, order_id: 29967, kind: Oracle, user: HNLDBTt7XoCdzCeK2urSaTsMaKJDs5Le8oMKqwohwYuQ, flags: 0 }
[2026-02-12T00:27:26Z INFO  filler] skip vamm cross too small: MakerCrosses { orders: [], slot: 399652648, has_vamm_cross: true, is_partial: true, taker_direction: Short }
[2026-02-12T00:27:26Z WARN  dlob] remove order failed: 11182037356120770543 not removed. kind: Oracle, user: pGr2WpdDowT21MLj7GWNRLduUcdshVqj4AeZbi98Jy1, order_id: 5019
[2026-02-12T00:27:26Z INFO  filler] new swift order. uuid=ztdj_7NH, market=0
Updating auction start price to -191580
Updating auction duration to 34
[2026-02-12T00:27:26Z INFO  filler] found auction crosses. market: 30, prices: [84948], CrossesAndTopMakers { top_maker_asks: [3codT5zuMjVDSkmdKWhFb7DWUp839bQHC7HVehA3bQAH, 82QAVT9Lc4rtaZvLF5984zJTACdQembq4Ma8CWgv4zzd, 3codT5zuMjVDSkmdKWhFb7DWUp839bQHC7HVehA3bQAH], top_maker_bids: [3codT5zuMjVDSkmdKWhFb7DWUp839bQHC7HVehA3bQAH, Mf6b9nCntRQktb2D8u5x4PBRp9wYeHVeiVvWBWQPG5M, 3codT5zuMjVDSkmdKWhFb7DWUp839bQHC7HVehA3bQAH], limit_crosses: None, vamm_taker_ask: None, vamm_taker_bid: None, crosses: [(L3Order { price: 84948, size: 84884000000000, max_ts: 1770856309, order_id: 29967, kind: Oracle, user: HNLDBTt7XoCdzCeK2urSaTsMaKJDs5Le8oMKqwohwYuQ, flags: 0 }, MakerCrosses { orders: [], slot: 399652649, has_vamm_cross: true, is_partial: true, taker_direction: Short })] }
[2026-02-12T00:27:26Z INFO  filler] try fill auction order: L3Order { price: 84948, size: 84884000000000, max_ts: 1770856309, order_id: 29967, kind: Oracle, user: HNLDBTt7XoCdzCeK2urSaTsMaKJDs5Le8oMKqwohwYuQ, flags: 0 }
[2026-02-12T00:27:26Z INFO  filler] skip vamm cross too small: MakerCrosses { orders: [], slot: 399652649, has_vamm_cross: true, is_partial: true, taker_direction: Short }
[2026-02-12T00:27:28Z INFO  filler] found auction crosses. market: 30, prices: [84828], CrossesAndTopMakers { top_maker_asks: [3codT5zuMjVDSkmdKWhFb7DWUp839bQHC7HVehA3bQAH, 82QAVT9Lc4rtaZvLF5984zJTACdQembq4Ma8CWgv4zzd, 3codT5zuMjVDSkmdKWhFb7DWUp839bQHC7HVehA3bQAH], top_maker_bids: [3codT5zuMjVDSkmdKWhFb7DWUp839bQHC7HVehA3bQAH, Mf6b9nCntRQktb2D8u5x4PBRp9wYeHVeiVvWBWQPG5M, 3codT5zuMjVDSkmdKWhFb7DWUp839bQHC7HVehA3bQAH], limit_crosses: None, vamm_taker_ask: None, vamm_taker_bid: None, crosses: [(L3Order { price: 84828, size: 84884000000000, max_ts: 1770856309, order_id: 29967, kind: Oracle, user: HNLDBTt7XoCdzCeK2urSaTsMaKJDs5Le8oMKqwohwYuQ, flags: 0 }, MakerCrosses { orders: [], slot: 399652654, has_vamm_cross: true, is_partial: true, taker_direction: Short })] }
[2026-02-12T00:27:28Z INFO  filler] try fill auction order: L3Order { price: 84828, size: 84884000000000, max_ts: 1770856309, order_id: 29967, kind: Oracle, user: HNLDBTt7XoCdzCeK2urSaTsMaKJDs5Le8oMKqwohwYuQ, flags: 0 }
[2026-02-12T00:27:28Z INFO  filler] skip vamm cross too small: MakerCrosses { orders: [], slot: 399652654, has_vamm_cross: true, is_partial: true, taker_direction: Short }
[2026-02-12T00:27:29Z INFO  filler] found auction crosses. market: 30, prices: [84830], CrossesAndTopMakers { top_maker_asks: [3codT5zuMjVDSkmdKWhFb7DWUp839bQHC7HVehA3bQAH, 82QAVT9Lc4rtaZvLF5984zJTACdQembq4Ma8CWgv4zzd, 3codT5zuMjVDSkmdKWhFb7DWUp839bQHC7HVehA3bQAH], top_maker_bids: [3codT5zuMjVDSkmdKWhFb7DWUp839bQHC7HVehA3bQAH, Mf6b9nCntRQktb2D8u5x4PBRp9wYeHVeiVvWBWQPG5M, 3codT5zuMjVDSkmdKWhFb7DWUp839bQHC7HVehA3bQAH], limit_crosses: None, vamm_taker_ask: None, vamm_taker_bid: None, crosses: [(L3Order { price: 84830, size: 84884000000000, max_ts: 1770856309, order_id: 29967, kind: Oracle, user: HNLDBTt7XoCdzCeK2urSaTsMaKJDs5Le8oMKqwohwYuQ, flags: 0 }, MakerCrosses { orders: [], slot: 399652655, has_vamm_cross: true, is_partial: true, taker_direction: Short })] }
[2026-02-12T00:27:29Z INFO  filler] try fill auction order: L3Order { price: 84830, size: 84884000000000, max_ts: 1770856309, order_id: 29967, kind: Oracle, user: HNLDBTt7XoCdzCeK2urSaTsMaKJDs5Le8oMKqwohwYuQ, flags: 0 }
[2026-02-12T00:27:29Z INFO  filler] skip vamm cross too small: MakerCrosses { orders: [], slot: 399652655, has_vamm_cross: true, is_partial: true, taker_direction: Short }
[2026-02-12T00:27:29Z INFO  filler] new swift order. uuid=J_4-708k, market=71
Updating auction start price to -171
Updating auction end price to 2156
Updating auction duration to 83
[2026-02-12T00:27:31Z INFO  filler] found auction crosses. market: 30, prices: [84838], CrossesAndTopMakers { top_maker_asks: [3codT5zuMjVDSkmdKWhFb7DWUp839bQHC7HVehA3bQAH, 82QAVT9Lc4rtaZvLF5984zJTACdQembq4Ma8CWgv4zzd, 3codT5zuMjVDSkmdKWhFb7DWUp839bQHC7HVehA3bQAH], top_maker_bids: [3codT5zuMjVDSkmdKWhFb7DWUp839bQHC7HVehA3bQAH, Mf6b9nCntRQktb2D8u5x4PBRp9wYeHVeiVvWBWQPG5M, 3codT5zuMjVDSkmdKWhFb7DWUp839bQHC7HVehA3bQAH], limit_crosses: None, vamm_taker_ask: None, vamm_taker_bid: None, crosses: [(L3Order { price: 84838, size: 84884000000000, max_ts: 1770856309, order_id: 29967, kind: Oracle, user: HNLDBTt7XoCdzCeK2urSaTsMaKJDs5Le8oMKqwohwYuQ, flags: 0 }, MakerCrosses { orders: [], slot: 399652660, has_vamm_cross: true, is_partial: true, taker_direction: Short })] }
[2026-02-12T00:27:31Z INFO  filler] try fill auction order: L3Order { price: 84838, size: 84884000000000, max_ts: 1770856309, order_id: 29967, kind: Oracle, user: HNLDBTt7XoCdzCeK2urSaTsMaKJDs5Le8oMKqwohwYuQ, flags: 0 }
[2026-02-12T00:27:31Z INFO  filler] skip vamm cross too small: MakerCrosses { orders: [], slot: 399652660, has_vamm_cross: true, is_partial: true, taker_direction: Short }
[2026-02-12T00:27:31Z INFO  filler] new swift order. uuid=zdpidaDT, market=5
[2026-02-12T00:27:31Z INFO  filler] found auction crosses. market: 5, prices: [89300], CrossesAndTopMakers { top_maker_asks: [D385CaNDSGKytDDLDRhP6DWAECQuaiSrJB57MNpGkENv, dj5WrD8R1bxejZ2uZfZm66AUqYCTVcCypzJY7Lbqx8K, 8zgRg3BzSeSxjZ6oFdY4FiKoc2jojSaP9aTAMsGsexPJ], top_maker_bids: [5hJa6iHPeTFbwKnVDwNFpCns4Dt9tWhPSj6GmEJYJtBY], limit_crosses: None, vamm_taker_ask: None, vamm_taker_bid: None, crosses: [(L3Order { price: 89300, size: 677000000000, max_ts: 1770856066, order_id: 256227, kind: Market, user: EaQEJCzCwmPJcZDf3ALLtgS3Q3hVUR7x6wfoqYGnZWSd, flags: 3 }, MakerCrosses { orders: [], slot: 399652661, has_vamm_cross: true, is_partial: true, taker_direction: Long })] }
[2026-02-12T00:27:31Z INFO  filler] try fill auction order: L3Order { price: 89300, size: 677000000000, max_ts: 1770856066, order_id: 256227, kind: Market, user: EaQEJCzCwmPJcZDf3ALLtgS3Q3hVUR7x6wfoqYGnZWSd, flags: 3 }
[2026-02-12T00:27:31Z INFO  filler] found auction crosses. market: 30, prices: [84838], CrossesAndTopMakers { top_maker_asks: [3codT5zuMjVDSkmdKWhFb7DWUp839bQHC7HVehA3bQAH, 82QAVT9Lc4rtaZvLF5984zJTACdQembq4Ma8CWgv4zzd, 3codT5zuMjVDSkmdKWhFb7DWUp839bQHC7HVehA3bQAH], top_maker_bids: [3codT5zuMjVDSkmdKWhFb7DWUp839bQHC7HVehA3bQAH, Mf6b9nCntRQktb2D8u5x4PBRp9wYeHVeiVvWBWQPG5M, 3codT5zuMjVDSkmdKWhFb7DWUp839bQHC7HVehA3bQAH], limit_crosses: None, vamm_taker_ask: None, vamm_taker_bid: None, crosses: [(L3Order { price: 84838, size: 84884000000000, max_ts: 1770856309, order_id: 29967, kind: Oracle, user: HNLDBTt7XoCdzCeK2urSaTsMaKJDs5Le8oMKqwohwYuQ, flags: 0 }, MakerCrosses { orders: [], slot: 399652661, has_vamm_cross: true, is_partial: true, taker_direction: Short })] }
[2026-02-12T00:27:31Z INFO  filler] try fill auction order: L3Order { price: 84838, size: 84884000000000, max_ts: 1770856309, order_id: 29967, kind: Oracle, user: HNLDBTt7XoCdzCeK2urSaTsMaKJDs5Le8oMKqwohwYuQ, flags: 0 }
[2026-02-12T00:27:31Z INFO  filler] skip vamm cross too small: MakerCrosses { orders: [], slot: 399652661, has_vamm_cross: true, is_partial: true, taker_direction: Short }
[2026-02-12T00:27:31Z INFO  filler] {"intent": "auction_fill_vamm", "txn": "m61TmVCX4R6wdV5pBt6vizkZnJPjXx4UrsCtpeSnaw7kpZG5Z9LQSXhPf2XmzdHFhfDyFD5ohHpKygvioxK6wPs", "observed_slot": 399652661}
[2026-02-12T00:27:32Z INFO  filler] found auction crosses. market: 5, prices: [89300], CrossesAndTopMakers { top_maker_asks: [D385CaNDSGKytDDLDRhP6DWAECQuaiSrJB57MNpGkENv, dj5WrD8R1bxejZ2uZfZm66AUqYCTVcCypzJY7Lbqx8K, 8zgRg3BzSeSxjZ6oFdY4FiKoc2jojSaP9aTAMsGsexPJ], top_maker_bids: [5hJa6iHPeTFbwKnVDwNFpCns4Dt9tWhPSj6GmEJYJtBY], limit_crosses: None, vamm_taker_ask: None, vamm_taker_bid: None, crosses: [(L3Order { price: 89300, size: 677000000000, max_ts: 1770856066, order_id: 256227, kind: Market, user: EaQEJCzCwmPJcZDf3ALLtgS3Q3hVUR7x6wfoqYGnZWSd, flags: 3 }, MakerCrosses { orders: [], slot: 399652662, has_vamm_cross: true, is_partial: true, taker_direction: Long })] }
[2026-02-12T00:27:32Z INFO  filler] try fill auction order: L3Order { price: 89300, size: 677000000000, max_ts: 1770856066, order_id: 256227, kind: Market, user: EaQEJCzCwmPJcZDf3ALLtgS3Q3hVUR7x6wfoqYGnZWSd, flags: 3 }
[2026-02-12T00:27:32Z INFO  filler] {"intent": "auction_fill_vamm", "txn": "2jbgrZNT6sCFU6gn4rMmHmf2os9ecc3Une6rxrpQPj8iWFpSm4U5b7eP154KaKW3PPP8WsyfBBLm3Ys9Td9GuAfR", "observed_slot": 399652662}
[2026-02-12T00:27:34Z INFO  filler] found auction crosses. market: 30, prices: [84853], CrossesAndTopMakers { top_maker_asks: [6VrjgEwQzBcYUVLBdYANebcLYA1ZzvfGSbKawjPhdALR, 3Mm43SrgK2PN7SXsrL7BziZEG1H7ev8NRFwPKoADQCaW, 3codT5zuMjVDSkmdKWhFb7DWUp839bQHC7HVehA3bQAH], top_maker_bids: [3codT5zuMjVDSkmdKWhFb7DWUp839bQHC7HVehA3bQAH, Mf6b9nCntRQktb2D8u5x4PBRp9wYeHVeiVvWBWQPG5M, 3codT5zuMjVDSkmdKWhFb7DWUp839bQHC7HVehA3bQAH], limit_crosses: None, vamm_taker_ask: None, vamm_taker_bid: None, crosses: [(L3Order { price: 84853, size: 84884000000000, max_ts: 1770856309, order_id: 29967, kind: Oracle, user: HNLDBTt7XoCdzCeK2urSaTsMaKJDs5Le8oMKqwohwYuQ, flags: 0 }, MakerCrosses { orders: [], slot: 399652666, has_vamm_cross: true, is_partial: true, taker_direction: Short })] }
[2026-02-12T00:27:34Z INFO  filler] try fill auction order: L3Order { price: 84853, size: 84884000000000, max_ts: 1770856309, order_id: 29967, kind: Oracle, user: HNLDBTt7XoCdzCeK2urSaTsMaKJDs5Le8oMKqwohwYuQ, flags: 0 }
[2026-02-12T00:27:34Z INFO  filler] skip vamm cross too small: MakerCrosses { orders: [], slot: 399652666, has_vamm_cross: true, is_partial: true, taker_direction: Short }
[2026-02-12T00:27:34Z INFO  filler] found auction crosses. market: 5, prices: [89300], CrossesAndTopMakers { top_maker_asks: [D385CaNDSGKytDDLDRhP6DWAECQuaiSrJB57MNpGkENv, dj5WrD8R1bxejZ2uZfZm66AUqYCTVcCypzJY7Lbqx8K, 8zgRg3BzSeSxjZ6oFdY4FiKoc2jojSaP9aTAMsGsexPJ], top_maker_bids: [5hJa6iHPeTFbwKnVDwNFpCns4Dt9tWhPSj6GmEJYJtBY], limit_crosses: None, vamm_taker_ask: None, vamm_taker_bid: None, crosses: [(L3Order { price: 89300, size: 677000000000, max_ts: 1770856066, order_id: 256227, kind: Market, user: EaQEJCzCwmPJcZDf3ALLtgS3Q3hVUR7x6wfoqYGnZWSd, flags: 3 }, MakerCrosses { orders: [], slot: 399652667, has_vamm_cross: true, is_partial: true, taker_direction: Long })] }
[2026-02-12T00:27:34Z INFO  filler] try fill auction order: L3Order { price: 89300, size: 677000000000, max_ts: 1770856066, order_id: 256227, kind: Market, user: EaQEJCzCwmPJcZDf3ALLtgS3Q3hVUR7x6wfoqYGnZWSd, flags: 3 }
[2026-02-12T00:27:34Z INFO  filler] found auction crosses. market: 30, prices: [84853], CrossesAndTopMakers { top_maker_asks: [3codT5zuMjVDSkmdKWhFb7DWUp839bQHC7HVehA3bQAH, 82QAVT9Lc4rtaZvLF5984zJTACdQembq4Ma8CWgv4zzd, 3codT5zuMjVDSkmdKWhFb7DWUp839bQHC7HVehA3bQAH], top_maker_bids: [3codT5zuMjVDSkmdKWhFb7DWUp839bQHC7HVehA3bQAH, Mf6b9nCntRQktb2D8u5x4PBRp9wYeHVeiVvWBWQPG5M, 3codT5zuMjVDSkmdKWhFb7DWUp839bQHC7HVehA3bQAH], limit_crosses: None, vamm_taker_ask: None, vamm_taker_bid: None, crosses: [(L3Order { price: 84853, size: 84884000000000, max_ts: 1770856309, order_id: 29967, kind: Oracle, user: HNLDBTt7XoCdzCeK2urSaTsMaKJDs5Le8oMKqwohwYuQ, flags: 0 }, MakerCrosses { orders: [], slot: 399652667, has_vamm_cross: true, is_partial: true, taker_direction: Short })] }
[2026-02-12T00:27:34Z INFO  filler] try fill auction order: L3Order { price: 84853, size: 84884000000000, max_ts: 1770856309, order_id: 29967, kind: Oracle, user: HNLDBTt7XoCdzCeK2urSaTsMaKJDs5Le8oMKqwohwYuQ, flags: 0 }
[2026-02-12T00:27:34Z INFO  filler] skip vamm cross too small: MakerCrosses { orders: [], slot: 399652667, has_vamm_cross: true, is_partial: true, taker_direction: Short }
[2026-02-12T00:27:34Z INFO  filler] {"intent": "auction_fill_vamm", "txn": "5WcDgho32ADQAinmFsFrW4C3Rg3ci2mQTvYqtKkewym4KrA4YYRTwhvqURPHLjJFoLxEUc7ftMrD4PmbiyvsNFTh", "observed_slot": 399652667}
[2026-02-12T00:27:34Z INFO  filler] found auction crosses. market: 5, prices: [89300], CrossesAndTopMakers { top_maker_asks: [D385CaNDSGKytDDLDRhP6DWAECQuaiSrJB57MNpGkENv, dj5WrD8R1bxejZ2uZfZm66AUqYCTVcCypzJY7Lbqx8K, 8zgRg3BzSeSxjZ6oFdY4FiKoc2jojSaP9aTAMsGsexPJ], top_maker_bids: [5hJa6iHPeTFbwKnVDwNFpCns4Dt9tWhPSj6GmEJYJtBY], limit_crosses: None, vamm_taker_ask: None, vamm_taker_bid: None, crosses: [(L3Order { price: 89300, size: 677000000000, max_ts: 1770856066, order_id: 256227, kind: Market, user: EaQEJCzCwmPJcZDf3ALLtgS3Q3hVUR7x6wfoqYGnZWSd, flags: 3 }, MakerCrosses { orders: [], slot: 399652668, has_vamm_cross: true, is_partial: true, taker_direction: Long })] }
[2026-02-12T00:27:34Z INFO  filler] try fill auction order: L3Order { price: 89300, size: 677000000000, max_ts: 1770856066, order_id: 256227, kind: Market, user: EaQEJCzCwmPJcZDf3ALLtgS3Q3hVUR7x6wfoqYGnZWSd, flags: 3 }
[2026-02-12T00:27:34Z INFO  filler] {"intent": "auction_fill_vamm", "txn": "5SxqFG5pZbNJZoXQyijNUGaP81N8im819yBpfCAYgRJdG2Uk5Jt5LHByLpPvsvZfVbfnHznPBN39TKZG5obmDAV8", "observed_slot": 399652668}
[2026-02-12T00:27:36Z INFO  filler] found auction crosses. market: 30, prices: [84853], CrossesAndTopMakers { top_maker_asks: [3codT5zuMjVDSkmdKWhFb7DWUp839bQHC7HVehA3bQAH, 82QAVT9Lc4rtaZvLF5984zJTACdQembq4Ma8CWgv4zzd, 3codT5zuMjVDSkmdKWhFb7DWUp839bQHC7HVehA3bQAH], top_maker_bids: [3codT5zuMjVDSkmdKWhFb7DWUp839bQHC7HVehA3bQAH, Mf6b9nCntRQktb2D8u5x4PBRp9wYeHVeiVvWBWQPG5M, 3codT5zuMjVDSkmdKWhFb7DWUp839bQHC7HVehA3bQAH], limit_crosses: None, vamm_taker_ask: None, vamm_taker_bid: None, crosses: [(L3Order { price: 84853, size: 84884000000000, max_ts: 1770856309, order_id: 29967, kind: Oracle, user: HNLDBTt7XoCdzCeK2urSaTsMaKJDs5Le8oMKqwohwYuQ, flags: 0 }, MakerCrosses { orders: [], slot: 399652672, has_vamm_cross: true, is_partial: true, taker_direction: Short })] }
[2026-02-12T00:27:36Z INFO  filler] try fill auction order: L3Order { price: 84853, size: 84884000000000, max_ts: 1770856309, order_id: 29967, kind: Oracle, user: HNLDBTt7XoCdzCeK2urSaTsMaKJDs5Le8oMKqwohwYuQ, flags: 0 }
[2026-02-12T00:27:36Z INFO  filler] skip vamm cross too small: MakerCrosses { orders: [], slot: 399652672, has_vamm_cross: true, is_partial: true, taker_direction: Short }
[2026-02-12T00:27:36Z INFO  filler] found auction crosses. market: 30, prices: [84853], CrossesAndTopMakers { top_maker_asks: [3codT5zuMjVDSkmdKWhFb7DWUp839bQHC7HVehA3bQAH, 82QAVT9Lc4rtaZvLF5984zJTACdQembq4Ma8CWgv4zzd, 3codT5zuMjVDSkmdKWhFb7DWUp839bQHC7HVehA3bQAH], top_maker_bids: [3codT5zuMjVDSkmdKWhFb7DWUp839bQHC7HVehA3bQAH, Mf6b9nCntRQktb2D8u5x4PBRp9wYeHVeiVvWBWQPG5M, 3codT5zuMjVDSkmdKWhFb7DWUp839bQHC7HVehA3bQAH], limit_crosses: None, vamm_taker_ask: None, vamm_taker_bid: None, crosses: [(L3Order { price: 84853, size: 84884000000000, max_ts: 1770856309, order_id: 29967, kind: Oracle, user: HNLDBTt7XoCdzCeK2urSaTsMaKJDs5Le8oMKqwohwYuQ, flags: 0 }, MakerCrosses { orders: [], slot: 399652673, has_vamm_cross: true, is_partial: true, taker_direction: Short })] }
[2026-02-12T00:27:36Z INFO  filler] try fill auction order: L3Order { price: 84853, size: 84884000000000, max_ts: 1770856309, order_id: 29967, kind: Oracle, user: HNLDBTt7XoCdzCeK2urSaTsMaKJDs5Le8oMKqwohwYuQ, flags: 0 }
[2026-02-12T00:27:36Z INFO  filler] skip vamm cross too small: MakerCrosses { orders: [], slot: 399652673, has_vamm_cross: true, is_partial: true, taker_direction: Short }
[2026-02-12T00:27:47Z INFO  filler] new swift order. uuid=S4Ih2Zmc, market=5
[2026-02-12T00:27:47Z INFO  filler] found resting cross. crosses=MakerCrosses { orders: [], slot: 399652700, has_vamm_cross: true, is_partial: true, taker_direction: Long }
[2026-02-12T00:27:47Z INFO  filler] try fill swift order: S4Ih2Zmc
[2026-02-12T00:27:47Z INFO  filler] {"intent": "swift_fill", "txn": "1Yn42i2EhrZxsnNMaDYLzp9x9uskft3L2Ps4fr4D3t6q9bT1w15tjneHVNjDoyVATgQCms8XtgnVhBrRS1XJ2K7", "observed_slot": 399652700}
[2026-02-12T00:28:16Z INFO  filler] found auction crosses. market: 61, prices: [0], CrossesAndTopMakers { top_maker_asks: [CfELWppmk5iNNJ1pbix32X9DzPF1R8z9cqZyuhgScRSe, 6xjDCa6fpehWBQzEdDQW3Gv1kum3VzVKzZpXG4AKckJK, 73kMT9GhAAUgAz5TXoFLqqMtw4jRkn57MCEcoGdLCGxU], top_maker_bids: [6xjDCa6fpehWBQzEdDQW3Gv1kum3VzVKzZpXG4AKckJK], limit_crosses: None, vamm_taker_ask: None, vamm_taker_bid: None, crosses: [(L3Order { price: 0, size: 657000000000, max_ts: 1770856115, order_id: 5020, kind: Oracle, user: pGr2WpdDowT21MLj7GWNRLduUcdshVqj4AeZbi98Jy1, flags: 1 }, MakerCrosses { orders: [(L3Order { price: 115797, size: 37632000000000, max_ts: 0, order_id: 34220773, kind: FloatingLimit, user: 6xjDCa6fpehWBQzEdDQW3Gv1kum3VzVKzZpXG4AKckJK, flags: 2 }, 657000000000)], slot: 399652772, has_vamm_cross: true, is_partial: false, taker_direction: Short })] }
[2026-02-12T00:28:16Z INFO  filler] try fill auction order: L3Order { price: 0, size: 657000000000, max_ts: 1770856115, order_id: 5020, kind: Oracle, user: pGr2WpdDowT21MLj7GWNRLduUcdshVqj4AeZbi98Jy1, flags: 1 }
[2026-02-12T00:28:16Z INFO  filler] skip vamm cross too small: MakerCrosses { orders: [(L3Order { price: 115797, size: 37632000000000, max_ts: 0, order_id: 34220773, kind: FloatingLimit, user: 6xjDCa6fpehWBQzEdDQW3Gv1kum3VzVKzZpXG4AKckJK, flags: 2 }, 657000000000)], slot: 399652772, has_vamm_cross: true, is_partial: false, taker_direction: Short }
[2026-02-12T00:28:16Z INFO  filler] found limit crosses (market: 61), top bid: Some(L3Order { price: 115797, size: 37632000000000, max_ts: 0, order_id: 34220773, kind: FloatingLimit, user: 6xjDCa6fpehWBQzEdDQW3Gv1kum3VzVKzZpXG4AKckJK, flags: 2 }), top ask: Some(L3Order { price: 0, size: 657000000000, max_ts: 1770856115, order_id: 5020, kind: Oracle, user: pGr2WpdDowT21MLj7GWNRLduUcdshVqj4AeZbi98Jy1, flags: 1 })
[2026-02-12T00:28:16Z INFO  filler] try uncross book=61,slot=399652773
[2026-02-12T00:28:16Z INFO  filler] {"intent": "limit_uncross", "txn": "67W5X9QzAcgk6Qx987tUwKuJFHQEiSb941xQPBuFNnHfBCUGS7qbEX371ju5bNJqMk1tmdvtvMq4xCRF41MKoJFp", "observed_slot": 399652773}
[2026-02-12T00:28:16Z INFO  filler] {"intent": "limit_uncross", "txn": "2uh3eVKx7VbtNGBjkYmaKcTAUACgNvkAt7eiuDEqS8qGNsKWLn6gJzUGMB2bRueRqAHAShiYm81We1wrMj83rc2z", "observed_slot": 399652773}
[2026-02-12T00:28:17Z INFO  filler] found auction crosses. market: 61, prices: [0], CrossesAndTopMakers { top_maker_asks: [CfELWppmk5iNNJ1pbix32X9DzPF1R8z9cqZyuhgScRSe, 6xjDCa6fpehWBQzEdDQW3Gv1kum3VzVKzZpXG4AKckJK, 73kMT9GhAAUgAz5TXoFLqqMtw4jRkn57MCEcoGdLCGxU], top_maker_bids: [6xjDCa6fpehWBQzEdDQW3Gv1kum3VzVKzZpXG4AKckJK], limit_crosses: None, vamm_taker_ask: None, vamm_taker_bid: None, crosses: [(L3Order { price: 0, size: 657000000000, max_ts: 1770856115, order_id: 5020, kind: Oracle, user: pGr2WpdDowT21MLj7GWNRLduUcdshVqj4AeZbi98Jy1, flags: 1 }, MakerCrosses { orders: [(L3Order { price: 115797, size: 37632000000000, max_ts: 0, order_id: 34220773, kind: FloatingLimit, user: 6xjDCa6fpehWBQzEdDQW3Gv1kum3VzVKzZpXG4AKckJK, flags: 2 }, 657000000000)], slot: 399652773, has_vamm_cross: true, is_partial: false, taker_direction: Short })] }
[2026-02-12T00:28:17Z INFO  filler] try fill auction order: L3Order { price: 0, size: 657000000000, max_ts: 1770856115, order_id: 5020, kind: Oracle, user: pGr2WpdDowT21MLj7GWNRLduUcdshVqj4AeZbi98Jy1, flags: 1 }
[2026-02-12T00:28:17Z INFO  filler] skip vamm cross too small: MakerCrosses { orders: [(L3Order { price: 115797, size: 37632000000000, max_ts: 0, order_id: 34220773, kind: FloatingLimit, user: 6xjDCa6fpehWBQzEdDQW3Gv1kum3VzVKzZpXG4AKckJK, flags: 2 }, 657000000000)], slot: 399652773, has_vamm_cross: true, is_partial: false, taker_direction: Short }
[2026-02-12T00:28:17Z INFO  filler] found limit crosses (market: 61), top bid: Some(L3Order { price: 115797, size: 37632000000000, max_ts: 0, order_id: 34220773, kind: FloatingLimit, user: 6xjDCa6fpehWBQzEdDQW3Gv1kum3VzVKzZpXG4AKckJK, flags: 2 }), top ask: Some(L3Order { price: 0, size: 657000000000, max_ts: 1770856115, order_id: 5020, kind: Oracle, user: pGr2WpdDowT21MLj7GWNRLduUcdshVqj4AeZbi98Jy1, flags: 1 })
[2026-02-12T00:28:17Z INFO  filler] try uncross book=61,slot=399652775
[2026-02-12T00:28:17Z INFO  filler] {"intent": "limit_uncross", "txn": "2wBQaGzVTvekEvm3UuKpyvvmFkptm7kS8Xb9zmJFiGV54iijusgSoMaefUizdrRXdWAEoUmkqDgU6fpp8cqUrpNL", "observed_slot": 399652775}
[2026-02-12T00:28:17Z INFO  filler] {"intent": "limit_uncross", "txn": "C3SPyKmVd1foW8tatFhspa3onbghCvErEKitzWB1z2X7FHNBXux9uSR44ueBGsFJgDgRs5yXttR7SVgJiFN1eqW", "observed_slot": 399652775}
[2026-02-12T00:28:18Z INFO  filler] found limit crosses (market: 61), top bid: Some(L3Order { price: 116095, size: 37632000000000, max_ts: 0, order_id: 34220773, kind: FloatingLimit, user: 6xjDCa6fpehWBQzEdDQW3Gv1kum3VzVKzZpXG4AKckJK, flags: 2 }), top ask: Some(L3Order { price: 0, size: 657000000000, max_ts: 1770856115, order_id: 5020, kind: Oracle, user: pGr2WpdDowT21MLj7GWNRLduUcdshVqj4AeZbi98Jy1, flags: 1 })
[2026-02-12T00:28:18Z INFO  filler] try uncross book=61,slot=399652777
[2026-02-12T00:28:18Z INFO  filler] {"intent": "limit_uncross", "txn": "2wBQaGzVTvekEvm3UuKpyvvmFkptm7kS8Xb9zmJFiGV54iijusgSoMaefUizdrRXdWAEoUmkqDgU6fpp8cqUrpNL", "observed_slot": 399652777}
[2026-02-12T00:28:18Z INFO  filler] {"intent": "limit_uncross", "txn": "C3SPyKmVd1foW8tatFhspa3onbghCvErEKitzWB1z2X7FHNBXux9uSR44ueBGsFJgDgRs5yXttR7SVgJiFN1eqW", "observed_slot": 399652777}
[2026-02-12T00:28:19Z INFO  filler] found auction crosses. market: 61, prices: [0], CrossesAndTopMakers { top_maker_asks: [CfELWppmk5iNNJ1pbix32X9DzPF1R8z9cqZyuhgScRSe, 6xjDCa6fpehWBQzEdDQW3Gv1kum3VzVKzZpXG4AKckJK, 73kMT9GhAAUgAz5TXoFLqqMtw4jRkn57MCEcoGdLCGxU], top_maker_bids: [6xjDCa6fpehWBQzEdDQW3Gv1kum3VzVKzZpXG4AKckJK], limit_crosses: None, vamm_taker_ask: None, vamm_taker_bid: None, crosses: [(L3Order { price: 0, size: 657000000000, max_ts: 1770856115, order_id: 5020, kind: Oracle, user: pGr2WpdDowT21MLj7GWNRLduUcdshVqj4AeZbi98Jy1, flags: 1 }, MakerCrosses { orders: [(L3Order { price: 116091, size: 37632000000000, max_ts: 0, order_id: 34220773, kind: FloatingLimit, user: 6xjDCa6fpehWBQzEdDQW3Gv1kum3VzVKzZpXG4AKckJK, flags: 2 }, 657000000000)], slot: 399652778, has_vamm_cross: true, is_partial: false, taker_direction: Short })] }
[2026-02-12T00:28:19Z INFO  filler] try fill auction order: L3Order { price: 0, size: 657000000000, max_ts: 1770856115, order_id: 5020, kind: Oracle, user: pGr2WpdDowT21MLj7GWNRLduUcdshVqj4AeZbi98Jy1, flags: 1 }
[2026-02-12T00:28:19Z INFO  filler] skip vamm cross too small: MakerCrosses { orders: [(L3Order { price: 116091, size: 37632000000000, max_ts: 0, order_id: 34220773, kind: FloatingLimit, user: 6xjDCa6fpehWBQzEdDQW3Gv1kum3VzVKzZpXG4AKckJK, flags: 2 }, 657000000000)], slot: 399652778, has_vamm_cross: true, is_partial: false, taker_direction: Short }
[2026-02-12T00:28:19Z INFO  filler] found limit crosses (market: 61), top bid: Some(L3Order { price: 116091, size: 37632000000000, max_ts: 0, order_id: 34220773, kind: FloatingLimit, user: 6xjDCa6fpehWBQzEdDQW3Gv1kum3VzVKzZpXG4AKckJK, flags: 2 }), top ask: Some(L3Order { price: 0, size: 657000000000, max_ts: 1770856115, order_id: 5020, kind: Oracle, user: pGr2WpdDowT21MLj7GWNRLduUcdshVqj4AeZbi98Jy1, flags: 1 })
[2026-02-12T00:28:19Z INFO  filler] try uncross book=61,slot=399652779
[2026-02-12T00:28:19Z INFO  filler] {"intent": "limit_uncross", "txn": "3QVztPttoHccG8rNZZ3nwqyCUHyv4o56reTKagHmjtcPRReyiAkdGj22mnCzmKHfhDrsamMVvCVd2y8ey7EwH5Xm", "observed_slot": 399652779}
[2026-02-12T00:28:19Z INFO  filler] {"intent": "limit_uncross", "txn": "3NyFJNEBB43uxDXYCpPjfE31QS9mR8n7B6kL9hiYodzu7VEF2YbqipUTm2BZwfyeHhwExqsQNeqWWruZE4xdWg5z", "observed_slot": 399652779}
[2026-02-12T00:28:19Z INFO  filler] found auction crosses. market: 61, prices: [0], CrossesAndTopMakers { top_maker_asks: [CfELWppmk5iNNJ1pbix32X9DzPF1R8z9cqZyuhgScRSe, 6xjDCa6fpehWBQzEdDQW3Gv1kum3VzVKzZpXG4AKckJK, 73kMT9GhAAUgAz5TXoFLqqMtw4jRkn57MCEcoGdLCGxU], top_maker_bids: [6xjDCa6fpehWBQzEdDQW3Gv1kum3VzVKzZpXG4AKckJK], limit_crosses: None, vamm_taker_ask: None, vamm_taker_bid: None, crosses: [(L3Order { price: 0, size: 657000000000, max_ts: 1770856115, order_id: 5020, kind: Oracle, user: pGr2WpdDowT21MLj7GWNRLduUcdshVqj4AeZbi98Jy1, flags: 1 }, MakerCrosses { orders: [(L3Order { price: 116091, size: 37632000000000, max_ts: 0, order_id: 34220773, kind: FloatingLimit, user: 6xjDCa6fpehWBQzEdDQW3Gv1kum3VzVKzZpXG4AKckJK, flags: 2 }, 657000000000)], slot: 399652779, has_vamm_cross: true, is_partial: false, taker_direction: Short })] }
[2026-02-12T00:28:19Z INFO  filler] try fill auction order: L3Order { price: 0, size: 657000000000, max_ts: 1770856115, order_id: 5020, kind: Oracle, user: pGr2WpdDowT21MLj7GWNRLduUcdshVqj4AeZbi98Jy1, flags: 1 }
[2026-02-12T00:28:19Z INFO  filler] skip vamm cross too small: MakerCrosses { orders: [(L3Order { price: 116091, size: 37632000000000, max_ts: 0, order_id: 34220773, kind: FloatingLimit, user: 6xjDCa6fpehWBQzEdDQW3Gv1kum3VzVKzZpXG4AKckJK, flags: 2 }, 657000000000)], slot: 399652779, has_vamm_cross: true, is_partial: false, taker_direction: Short }
[2026-02-12T00:28:19Z INFO  filler] found limit crosses (market: 61), top bid: Some(L3Order { price: 116091, size: 37632000000000, max_ts: 0, order_id: 34220773, kind: FloatingLimit, user: 6xjDCa6fpehWBQzEdDQW3Gv1kum3VzVKzZpXG4AKckJK, flags: 2 }), top ask: Some(L3Order { price: 0, size: 657000000000, max_ts: 1770856115, order_id: 5020, kind: Oracle, user: pGr2WpdDowT21MLj7GWNRLduUcdshVqj4AeZbi98Jy1, flags: 1 })
[2026-02-12T00:28:19Z INFO  filler] try uncross book=61,slot=399652781
[2026-02-12T00:28:19Z INFO  filler] {"intent": "limit_uncross", "txn": "3NyFJNEBB43uxDXYCpPjfE31QS9mR8n7B6kL9hiYodzu7VEF2YbqipUTm2BZwfyeHhwExqsQNeqWWruZE4xdWg5z", "observed_slot": 399652781}
[2026-02-12T00:28:19Z INFO  filler] {"intent": "limit_uncross", "txn": "3QVztPttoHccG8rNZZ3nwqyCUHyv4o56reTKagHmjtcPRReyiAkdGj22mnCzmKHfhDrsamMVvCVd2y8ey7EwH5Xm", "observed_slot": 399652781}
[2026-02-12T00:28:20Z INFO  filler] found limit crosses (market: 61), top bid: Some(L3Order { price: 116091, size: 37632000000000, max_ts: 0, order_id: 34220773, kind: FloatingLimit, user: 6xjDCa6fpehWBQzEdDQW3Gv1kum3VzVKzZpXG4AKckJK, flags: 2 }), top ask: Some(L3Order { price: 0, size: 657000000000, max_ts: 1770856115, order_id: 5020, kind: Oracle, user: pGr2WpdDowT21MLj7GWNRLduUcdshVqj4AeZbi98Jy1, flags: 1 })
[2026-02-12T00:28:20Z INFO  filler] try uncross book=61,slot=399652783
[2026-02-12T00:28:20Z INFO  filler] {"intent": "limit_uncross", "txn": "3QVztPttoHccG8rNZZ3nwqyCUHyv4o56reTKagHmjtcPRReyiAkdGj22mnCzmKHfhDrsamMVvCVd2y8ey7EwH5Xm", "observed_slot": 399652783}
[2026-02-12T00:28:20Z INFO  filler] {"intent": "limit_uncross", "txn": "3NyFJNEBB43uxDXYCpPjfE31QS9mR8n7B6kL9hiYodzu7VEF2YbqipUTm2BZwfyeHhwExqsQNeqWWruZE4xdWg5z", "observed_slot": 399652783}
[2026-02-12T00:28:21Z INFO  filler] found auction crosses. market: 61, prices: [0], CrossesAndTopMakers { top_maker_asks: [CfELWppmk5iNNJ1pbix32X9DzPF1R8z9cqZyuhgScRSe, 6xjDCa6fpehWBQzEdDQW3Gv1kum3VzVKzZpXG4AKckJK, 73kMT9GhAAUgAz5TXoFLqqMtw4jRkn57MCEcoGdLCGxU], top_maker_bids: [6xjDCa6fpehWBQzEdDQW3Gv1kum3VzVKzZpXG4AKckJK], limit_crosses: None, vamm_taker_ask: None, vamm_taker_bid: None, crosses: [(L3Order { price: 0, size: 657000000000, max_ts: 1770856115, order_id: 5020, kind: Oracle, user: pGr2WpdDowT21MLj7GWNRLduUcdshVqj4AeZbi98Jy1, flags: 1 }, MakerCrosses { orders: [(L3Order { price: 116091, size: 37632000000000, max_ts: 0, order_id: 34220773, kind: FloatingLimit, user: 6xjDCa6fpehWBQzEdDQW3Gv1kum3VzVKzZpXG4AKckJK, flags: 2 }, 657000000000)], slot: 399652784, has_vamm_cross: true, is_partial: false, taker_direction: Short })] }
[2026-02-12T00:28:21Z INFO  filler] try fill auction order: L3Order { price: 0, size: 657000000000, max_ts: 1770856115, order_id: 5020, kind: Oracle, user: pGr2WpdDowT21MLj7GWNRLduUcdshVqj4AeZbi98Jy1, flags: 1 }
[2026-02-12T00:28:21Z INFO  filler] skip vamm cross too small: MakerCrosses { orders: [(L3Order { price: 116091, size: 37632000000000, max_ts: 0, order_id: 34220773, kind: FloatingLimit, user: 6xjDCa6fpehWBQzEdDQW3Gv1kum3VzVKzZpXG4AKckJK, flags: 2 }, 657000000000)], slot: 399652784, has_vamm_cross: true, is_partial: false, taker_direction: Short }
[2026-02-12T00:28:21Z INFO  filler] found limit crosses (market: 61), top bid: Some(L3Order { price: 116091, size: 37632000000000, max_ts: 0, order_id: 34220773, kind: FloatingLimit, user: 6xjDCa6fpehWBQzEdDQW3Gv1kum3VzVKzZpXG4AKckJK, flags: 2 }), top ask: Some(L3Order { price: 0, size: 657000000000, max_ts: 1770856115, order_id: 5020, kind: Oracle, user: pGr2WpdDowT21MLj7GWNRLduUcdshVqj4AeZbi98Jy1, flags: 1 })
[2026-02-12T00:28:21Z INFO  filler] try uncross book=61,slot=399652785
[2026-02-12T00:28:21Z INFO  filler] {"intent": "limit_uncross", "txn": "232G73QxcU7VJpDxWxKP62JE9pXjAPbbcUGcYNE6wwqqp825LRN3oD9QsmPR3dgQ8yrZPbj3yA9XvQTtds1ZQSo4", "observed_slot": 399652785}
[2026-02-12T00:28:21Z INFO  filler] {"intent": "limit_uncross", "txn": "4YD3Yo6EhqdASnqVgAzdSVFwxfYyaUrKkjuSd7LD56oB7nW6jRbFcBj5zWSHRDQNtf51bJYiwC2StxSgTgebZK7X", "observed_slot": 399652785}
[2026-02-12T00:28:21Z INFO  filler] found auction crosses. market: 61, prices: [0], CrossesAndTopMakers { top_maker_asks: [CfELWppmk5iNNJ1pbix32X9DzPF1R8z9cqZyuhgScRSe, 6xjDCa6fpehWBQzEdDQW3Gv1kum3VzVKzZpXG4AKckJK, 73kMT9GhAAUgAz5TXoFLqqMtw4jRkn57MCEcoGdLCGxU], top_maker_bids: [6xjDCa6fpehWBQzEdDQW3Gv1kum3VzVKzZpXG4AKckJK], limit_crosses: None, vamm_taker_ask: None, vamm_taker_bid: None, crosses: [(L3Order { price: 0, size: 657000000000, max_ts: 1770856115, order_id: 5020, kind: Oracle, user: pGr2WpdDowT21MLj7GWNRLduUcdshVqj4AeZbi98Jy1, flags: 1 }, MakerCrosses { orders: [(L3Order { price: 116091, size: 37632000000000, max_ts: 0, order_id: 34220773, kind: FloatingLimit, user: 6xjDCa6fpehWBQzEdDQW3Gv1kum3VzVKzZpXG4AKckJK, flags: 2 }, 657000000000)], slot: 399652785, has_vamm_cross: true, is_partial: false, taker_direction: Short })] }
[2026-02-12T00:28:21Z INFO  filler] try fill auction order: L3Order { price: 0, size: 657000000000, max_ts: 1770856115, order_id: 5020, kind: Oracle, user: pGr2WpdDowT21MLj7GWNRLduUcdshVqj4AeZbi98Jy1, flags: 1 }
[2026-02-12T00:28:21Z INFO  filler] skip vamm cross too small: MakerCrosses { orders: [(L3Order { price: 116091, size: 37632000000000, max_ts: 0, order_id: 34220773, kind: FloatingLimit, user: 6xjDCa6fpehWBQzEdDQW3Gv1kum3VzVKzZpXG4AKckJK, flags: 2 }, 657000000000)], slot: 399652785, has_vamm_cross: true, is_partial: false, taker_direction: Short }
[2026-02-12T00:28:21Z INFO  filler] found limit crosses (market: 61), top bid: Some(L3Order { price: 116091, size: 37632000000000, max_ts: 0, order_id: 34220773, kind: FloatingLimit, user: 6xjDCa6fpehWBQzEdDQW3Gv1kum3VzVKzZpXG4AKckJK, flags: 2 }), top ask: Some(L3Order { price: 0, size: 657000000000, max_ts: 1770856115, order_id: 5020, kind: Oracle, user: pGr2WpdDowT21MLj7GWNRLduUcdshVqj4AeZbi98Jy1, flags: 1 })
[2026-02-12T00:28:21Z INFO  filler] try uncross book=61,slot=399652787
[2026-02-12T00:28:22Z INFO  filler] {"intent": "limit_uncross", "txn": "4YD3Yo6EhqdASnqVgAzdSVFwxfYyaUrKkjuSd7LD56oB7nW6jRbFcBj5zWSHRDQNtf51bJYiwC2StxSgTgebZK7X", "observed_slot": 399652787}
[2026-02-12T00:28:22Z INFO  filler] {"intent": "limit_uncross", "txn": "232G73QxcU7VJpDxWxKP62JE9pXjAPbbcUGcYNE6wwqqp825LRN3oD9QsmPR3dgQ8yrZPbj3yA9XvQTtds1ZQSo4", "observed_slot": 399652787}
[2026-02-12T00:28:22Z INFO  filler] found limit crosses (market: 61), top bid: Some(L3Order { price: 116091, size: 37632000000000, max_ts: 0, order_id: 34220773, kind: FloatingLimit, user: 6xjDCa6fpehWBQzEdDQW3Gv1kum3VzVKzZpXG4AKckJK, flags: 2 }), top ask: Some(L3Order { price: 0, size: 657000000000, max_ts: 1770856115, order_id: 5020, kind: Oracle, user: pGr2WpdDowT21MLj7GWNRLduUcdshVqj4AeZbi98Jy1, flags: 1 })
[2026-02-12T00:28:22Z INFO  filler] try uncross book=61,slot=399652789
[2026-02-12T00:28:22Z INFO  filler] {"intent": "limit_uncross", "txn": "4YD3Yo6EhqdASnqVgAzdSVFwxfYyaUrKkjuSd7LD56oB7nW6jRbFcBj5zWSHRDQNtf51bJYiwC2StxSgTgebZK7X", "observed_slot": 399652789}
[2026-02-12T00:28:22Z INFO  filler] {"intent": "limit_uncross", "txn": "232G73QxcU7VJpDxWxKP62JE9pXjAPbbcUGcYNE6wwqqp825LRN3oD9QsmPR3dgQ8yrZPbj3yA9XvQTtds1ZQSo4", "observed_slot": 399652789}
[2026-02-12T00:28:23Z INFO  filler] found auction crosses. market: 61, prices: [0], CrossesAndTopMakers { top_maker_asks: [CfELWppmk5iNNJ1pbix32X9DzPF1R8z9cqZyuhgScRSe, 6xjDCa6fpehWBQzEdDQW3Gv1kum3VzVKzZpXG4AKckJK, 73kMT9GhAAUgAz5TXoFLqqMtw4jRkn57MCEcoGdLCGxU], top_maker_bids: [6xjDCa6fpehWBQzEdDQW3Gv1kum3VzVKzZpXG4AKckJK], limit_crosses: None, vamm_taker_ask: None, vamm_taker_bid: None, crosses: [(L3Order { price: 0, size: 657000000000, max_ts: 1770856115, order_id: 5020, kind: Oracle, user: pGr2WpdDowT21MLj7GWNRLduUcdshVqj4AeZbi98Jy1, flags: 1 }, MakerCrosses { orders: [(L3Order { price: 116091, size: 37632000000000, max_ts: 0, order_id: 34220773, kind: FloatingLimit, user: 6xjDCa6fpehWBQzEdDQW3Gv1kum3VzVKzZpXG4AKckJK, flags: 2 }, 657000000000)], slot: 399652790, has_vamm_cross: true, is_partial: false, taker_direction: Short })] }
[2026-02-12T00:28:23Z INFO  filler] try fill auction order: L3Order { price: 0, size: 657000000000, max_ts: 1770856115, order_id: 5020, kind: Oracle, user: pGr2WpdDowT21MLj7GWNRLduUcdshVqj4AeZbi98Jy1, flags: 1 }
[2026-02-12T00:28:23Z INFO  filler] skip vamm cross too small: MakerCrosses { orders: [(L3Order { price: 116091, size: 37632000000000, max_ts: 0, order_id: 34220773, kind: FloatingLimit, user: 6xjDCa6fpehWBQzEdDQW3Gv1kum3VzVKzZpXG4AKckJK, flags: 2 }, 657000000000)], slot: 399652790, has_vamm_cross: true, is_partial: false, taker_direction: Short }
[2026-02-12T00:28:23Z INFO  filler] found limit crosses (market: 61), top bid: Some(L3Order { price: 116091, size: 37632000000000, max_ts: 0, order_id: 34220773, kind: FloatingLimit, user: 6xjDCa6fpehWBQzEdDQW3Gv1kum3VzVKzZpXG4AKckJK, flags: 2 }), top ask: Some(L3Order { price: 0, size: 657000000000, max_ts: 1770856115, order_id: 5020, kind: Oracle, user: pGr2WpdDowT21MLj7GWNRLduUcdshVqj4AeZbi98Jy1, flags: 1 })
[2026-02-12T00:28:23Z INFO  filler] try uncross book=61,slot=399652791
[2026-02-12T00:28:23Z INFO  filler] {"intent": "limit_uncross", "txn": "5njbgnSLGNiYsDvfK7uSWcFwKHDCU1WPPUuGHq1DFpkjHAndyyWbs2hPjy17WxQbSYM6Ap3sTs2bU5vXT1pQ8rn3", "observed_slot": 399652791}
[2026-02-12T00:28:23Z INFO  filler] {"intent": "limit_uncross", "txn": "39EkQRSfHxGjAyp7k6dJK18NqKqAdfuVWRnsMcnohQG4iAyhf9txyBmq4QPsxi5tZ9tL1J1tYAXzoDLBzkfuGRzY", "observed_slot": 399652791}
[2026-02-12T00:28:24Z INFO  filler] found auction crosses. market: 61, prices: [0], CrossesAndTopMakers { top_maker_asks: [CfELWppmk5iNNJ1pbix32X9DzPF1R8z9cqZyuhgScRSe, 6xjDCa6fpehWBQzEdDQW3Gv1kum3VzVKzZpXG4AKckJK, 73kMT9GhAAUgAz5TXoFLqqMtw4jRkn57MCEcoGdLCGxU], top_maker_bids: [6xjDCa6fpehWBQzEdDQW3Gv1kum3VzVKzZpXG4AKckJK], limit_crosses: None, vamm_taker_ask: None, vamm_taker_bid: None, crosses: [(L3Order { price: 0, size: 657000000000, max_ts: 1770856115, order_id: 5020, kind: Oracle, user: pGr2WpdDowT21MLj7GWNRLduUcdshVqj4AeZbi98Jy1, flags: 1 }, MakerCrosses { orders: [(L3Order { price: 116091, size: 37632000000000, max_ts: 0, order_id: 34220773, kind: FloatingLimit, user: 6xjDCa6fpehWBQzEdDQW3Gv1kum3VzVKzZpXG4AKckJK, flags: 2 }, 657000000000)], slot: 399652791, has_vamm_cross: true, is_partial: false, taker_direction: Short })] }
[2026-02-12T00:28:24Z INFO  filler] try fill auction order: L3Order { price: 0, size: 657000000000, max_ts: 1770856115, order_id: 5020, kind: Oracle, user: pGr2WpdDowT21MLj7GWNRLduUcdshVqj4AeZbi98Jy1, flags: 1 }
[2026-02-12T00:28:24Z INFO  filler] skip vamm cross too small: MakerCrosses { orders: [(L3Order { price: 116091, size: 37632000000000, max_ts: 0, order_id: 34220773, kind: FloatingLimit, user: 6xjDCa6fpehWBQzEdDQW3Gv1kum3VzVKzZpXG4AKckJK, flags: 2 }, 657000000000)], slot: 399652791, has_vamm_cross: true, is_partial: false, taker_direction: Short }
[2026-02-12T00:28:24Z INFO  filler] found limit crosses (market: 61), top bid: Some(L3Order { price: 116091, size: 37632000000000, max_ts: 0, order_id: 34220773, kind: FloatingLimit, user: 6xjDCa6fpehWBQzEdDQW3Gv1kum3VzVKzZpXG4AKckJK, flags: 2 }), top ask: Some(L3Order { price: 0, size: 657000000000, max_ts: 1770856115, order_id: 5020, kind: Oracle, user: pGr2WpdDowT21MLj7GWNRLduUcdshVqj4AeZbi98Jy1, flags: 1 })
[2026-02-12T00:28:24Z INFO  filler] try uncross book=61,slot=399652793
[2026-02-12T00:28:24Z INFO  filler] {"intent": "limit_uncross", "txn": "39EkQRSfHxGjAyp7k6dJK18NqKqAdfuVWRnsMcnohQG4iAyhf9txyBmq4QPsxi5tZ9tL1J1tYAXzoDLBzkfuGRzY", "observed_slot": 399652793}
[2026-02-12T00:28:24Z INFO  filler] {"intent": "limit_uncross", "txn": "5njbgnSLGNiYsDvfK7uSWcFwKHDCU1WPPUuGHq1DFpkjHAndyyWbs2hPjy17WxQbSYM6Ap3sTs2bU5vXT1pQ8rn3", "observed_slot": 399652793}
[2026-02-12T00:28:25Z INFO  filler] found limit crosses (market: 61), top bid: Some(L3Order { price: 116091, size: 37632000000000, max_ts: 0, order_id: 34220773, kind: FloatingLimit, user: 6xjDCa6fpehWBQzEdDQW3Gv1kum3VzVKzZpXG4AKckJK, flags: 2 }), top ask: Some(L3Order { price: 0, size: 657000000000, max_ts: 1770856115, order_id: 5020, kind: Oracle, user: pGr2WpdDowT21MLj7GWNRLduUcdshVqj4AeZbi98Jy1, flags: 1 })
[2026-02-12T00:28:25Z INFO  filler] try uncross book=61,slot=399652795
[2026-02-12T00:28:25Z INFO  filler] {"intent": "limit_uncross", "txn": "w2ac1cFUJgb9GBLmJCXZsmFGBtqg2cPjXZqUcEXgRbJkWSyky1UvrYixkd6hJimgUS87FsGXu36NjkpLY3F7dp7", "observed_slot": 399652795}
[2026-02-12T00:28:25Z INFO  filler] {"intent": "limit_uncross", "txn": "4Eb6qscP94cuSwAeWbAha2FvuK3ZKyEBytVjSiwzjjLA1AvPPMR1ZSabChMtx3AEvpJn1ZiXEwzPG3iwpeEtrrQw", "observed_slot": 399652795}
[2026-02-12T00:28:26Z INFO  filler] found auction crosses. market: 61, prices: [0], CrossesAndTopMakers { top_maker_asks: [CfELWppmk5iNNJ1pbix32X9DzPF1R8z9cqZyuhgScRSe, 6xjDCa6fpehWBQzEdDQW3Gv1kum3VzVKzZpXG4AKckJK, 73kMT9GhAAUgAz5TXoFLqqMtw4jRkn57MCEcoGdLCGxU], top_maker_bids: [6xjDCa6fpehWBQzEdDQW3Gv1kum3VzVKzZpXG4AKckJK], limit_crosses: None, vamm_taker_ask: None, vamm_taker_bid: None, crosses: [(L3Order { price: 0, size: 657000000000, max_ts: 1770856115, order_id: 5020, kind: Oracle, user: pGr2WpdDowT21MLj7GWNRLduUcdshVqj4AeZbi98Jy1, flags: 1 }, MakerCrosses { orders: [(L3Order { price: 116091, size: 37632000000000, max_ts: 0, order_id: 34220773, kind: FloatingLimit, user: 6xjDCa6fpehWBQzEdDQW3Gv1kum3VzVKzZpXG4AKckJK, flags: 2 }, 657000000000)], slot: 399652796, has_vamm_cross: true, is_partial: false, taker_direction: Short })] }
[2026-02-12T00:28:26Z INFO  filler] try fill auction order: L3Order { price: 0, size: 657000000000, max_ts: 1770856115, order_id: 5020, kind: Oracle, user: pGr2WpdDowT21MLj7GWNRLduUcdshVqj4AeZbi98Jy1, flags: 1 }
[2026-02-12T00:28:26Z INFO  filler] skip vamm cross too small: MakerCrosses { orders: [(L3Order { price: 116091, size: 37632000000000, max_ts: 0, order_id: 34220773, kind: FloatingLimit, user: 6xjDCa6fpehWBQzEdDQW3Gv1kum3VzVKzZpXG4AKckJK, flags: 2 }, 657000000000)], slot: 399652796, has_vamm_cross: true, is_partial: false, taker_direction: Short }
[2026-02-12T00:28:26Z INFO  filler] found limit crosses (market: 61), top bid: Some(L3Order { price: 116091, size: 37632000000000, max_ts: 0, order_id: 34220773, kind: FloatingLimit, user: 6xjDCa6fpehWBQzEdDQW3Gv1kum3VzVKzZpXG4AKckJK, flags: 2 }), top ask: Some(L3Order { price: 0, size: 657000000000, max_ts: 1770856115, order_id: 5020, kind: Oracle, user: pGr2WpdDowT21MLj7GWNRLduUcdshVqj4AeZbi98Jy1, flags: 1 })
[2026-02-12T00:28:26Z INFO  filler] try uncross book=61,slot=399652797
[2026-02-12T00:28:26Z INFO  filler] {"intent": "limit_uncross", "txn": "4Eb6qscP94cuSwAeWbAha2FvuK3ZKyEBytVjSiwzjjLA1AvPPMR1ZSabChMtx3AEvpJn1ZiXEwzPG3iwpeEtrrQw", "observed_slot": 399652797}
[2026-02-12T00:28:26Z INFO  filler] {"intent": "limit_uncross", "txn": "w2ac1cFUJgb9GBLmJCXZsmFGBtqg2cPjXZqUcEXgRbJkWSyky1UvrYixkd6hJimgUS87FsGXu36NjkpLY3F7dp7", "observed_slot": 399652797}
[2026-02-12T00:28:26Z INFO  filler] found auction crosses. market: 61, prices: [0], CrossesAndTopMakers { top_maker_asks: [CfELWppmk5iNNJ1pbix32X9DzPF1R8z9cqZyuhgScRSe, 6xjDCa6fpehWBQzEdDQW3Gv1kum3VzVKzZpXG4AKckJK, 73kMT9GhAAUgAz5TXoFLqqMtw4jRkn57MCEcoGdLCGxU], top_maker_bids: [6xjDCa6fpehWBQzEdDQW3Gv1kum3VzVKzZpXG4AKckJK], limit_crosses: None, vamm_taker_ask: None, vamm_taker_bid: None, crosses: [(L3Order { price: 0, size: 657000000000, max_ts: 1770856115, order_id: 5020, kind: Oracle, user: pGr2WpdDowT21MLj7GWNRLduUcdshVqj4AeZbi98Jy1, flags: 1 }, MakerCrosses { orders: [(L3Order { price: 116091, size: 37632000000000, max_ts: 0, order_id: 34220773, kind: FloatingLimit, user: 6xjDCa6fpehWBQzEdDQW3Gv1kum3VzVKzZpXG4AKckJK, flags: 2 }, 657000000000)], slot: 399652797, has_vamm_cross: true, is_partial: false, taker_direction: Short })] }
[2026-02-12T00:28:26Z INFO  filler] try fill auction order: L3Order { price: 0, size: 657000000000, max_ts: 1770856115, order_id: 5020, kind: Oracle, user: pGr2WpdDowT21MLj7GWNRLduUcdshVqj4AeZbi98Jy1, flags: 1 }
[2026-02-12T00:28:26Z INFO  filler] skip vamm cross too small: MakerCrosses { orders: [(L3Order { price: 116091, size: 37632000000000, max_ts: 0, order_id: 34220773, kind: FloatingLimit, user: 6xjDCa6fpehWBQzEdDQW3Gv1kum3VzVKzZpXG4AKckJK, flags: 2 }, 657000000000)], slot: 399652797, has_vamm_cross: true, is_partial: false, taker_direction: Short }
[2026-02-12T00:28:26Z INFO  filler] found limit crosses (market: 61), top bid: Some(L3Order { price: 116091, size: 37632000000000, max_ts: 0, order_id: 34220773, kind: FloatingLimit, user: 6xjDCa6fpehWBQzEdDQW3Gv1kum3VzVKzZpXG4AKckJK, flags: 2 }), top ask: Some(L3Order { price: 0, size: 657000000000, max_ts: 1770856115, order_id: 5020, kind: Oracle, user: pGr2WpdDowT21MLj7GWNRLduUcdshVqj4AeZbi98Jy1, flags: 1 })
[2026-02-12T00:28:26Z INFO  filler] try uncross book=61,slot=399652799
[2026-02-12T00:28:27Z INFO  filler] {"intent": "limit_uncross", "txn": "4Eb6qscP94cuSwAeWbAha2FvuK3ZKyEBytVjSiwzjjLA1AvPPMR1ZSabChMtx3AEvpJn1ZiXEwzPG3iwpeEtrrQw", "observed_slot": 399652799}
[2026-02-12T00:28:27Z INFO  filler] {"intent": "limit_uncross", "txn": "w2ac1cFUJgb9GBLmJCXZsmFGBtqg2cPjXZqUcEXgRbJkWSyky1UvrYixkd6hJimgUS87FsGXu36NjkpLY3F7dp7", "observed_slot": 399652799}
[2026-02-12T00:28:27Z INFO  filler] found limit crosses (market: 61), top bid: Some(L3Order { price: 116091, size: 37632000000000, max_ts: 0, order_id: 34220773, kind: FloatingLimit, user: 6xjDCa6fpehWBQzEdDQW3Gv1kum3VzVKzZpXG4AKckJK, flags: 2 }), top ask: Some(L3Order { price: 0, size: 657000000000, max_ts: 1770856115, order_id: 5020, kind: Oracle, user: pGr2WpdDowT21MLj7GWNRLduUcdshVqj4AeZbi98Jy1, flags: 1 })
[2026-02-12T00:28:27Z INFO  filler] try uncross book=61,slot=399652801
[2026-02-12T00:28:27Z INFO  filler] {"intent": "limit_uncross", "txn": "3Eiz8dPttNanBVPStx9hTxFeg7ZKrvu46bC6kKAQGsPGYz1iytxM7xPmSjKrTArjf18uZPdadWeYBR535EzzV8w6", "observed_slot": 399652801}
[2026-02-12T00:28:27Z INFO  filler] {"intent": "limit_uncross", "txn": "voDE16uVmQsQdBNdkrKKVMGhbYbuo9FQmxWRtu1MGPPWFC45XDeyhMGQfbCJFZ8gyHEwAQdU1k8ZikURjcu1Cpo", "observed_slot": 399652801}
[2026-02-12T00:28:28Z INFO  filler] found auction crosses. market: 61, prices: [0], CrossesAndTopMakers { top_maker_asks: [CfELWppmk5iNNJ1pbix32X9DzPF1R8z9cqZyuhgScRSe, 6xjDCa6fpehWBQzEdDQW3Gv1kum3VzVKzZpXG4AKckJK, 73kMT9GhAAUgAz5TXoFLqqMtw4jRkn57MCEcoGdLCGxU], top_maker_bids: [6xjDCa6fpehWBQzEdDQW3Gv1kum3VzVKzZpXG4AKckJK], limit_crosses: None, vamm_taker_ask: None, vamm_taker_bid: None, crosses: [(L3Order { price: 0, size: 657000000000, max_ts: 1770856115, order_id: 5020, kind: Oracle, user: pGr2WpdDowT21MLj7GWNRLduUcdshVqj4AeZbi98Jy1, flags: 1 }, MakerCrosses { orders: [(L3Order { price: 116091, size: 37632000000000, max_ts: 0, order_id: 34220773, kind: FloatingLimit, user: 6xjDCa6fpehWBQzEdDQW3Gv1kum3VzVKzZpXG4AKckJK, flags: 2 }, 657000000000)], slot: 399652802, has_vamm_cross: true, is_partial: false, taker_direction: Short })] }
[2026-02-12T00:28:28Z INFO  filler] try fill auction order: L3Order { price: 0, size: 657000000000, max_ts: 1770856115, order_id: 5020, kind: Oracle, user: pGr2WpdDowT21MLj7GWNRLduUcdshVqj4AeZbi98Jy1, flags: 1 }
[2026-02-12T00:28:28Z INFO  filler] skip vamm cross too small: MakerCrosses { orders: [(L3Order { price: 116091, size: 37632000000000, max_ts: 0, order_id: 34220773, kind: FloatingLimit, user: 6xjDCa6fpehWBQzEdDQW3Gv1kum3VzVKzZpXG4AKckJK, flags: 2 }, 657000000000)], slot: 399652802, has_vamm_cross: true, is_partial: false, taker_direction: Short }
[2026-02-12T00:28:28Z INFO  filler] found limit crosses (market: 61), top bid: Some(L3Order { price: 116091, size: 37632000000000, max_ts: 0, order_id: 34220773, kind: FloatingLimit, user: 6xjDCa6fpehWBQzEdDQW3Gv1kum3VzVKzZpXG4AKckJK, flags: 2 }), top ask: Some(L3Order { price: 0, size: 657000000000, max_ts: 1770856115, order_id: 5020, kind: Oracle, user: pGr2WpdDowT21MLj7GWNRLduUcdshVqj4AeZbi98Jy1, flags: 1 })
[2026-02-12T00:28:28Z INFO  filler] try uncross book=61,slot=399652803
[2026-02-12T00:28:28Z INFO  filler] {"intent": "limit_uncross", "txn": "voDE16uVmQsQdBNdkrKKVMGhbYbuo9FQmxWRtu1MGPPWFC45XDeyhMGQfbCJFZ8gyHEwAQdU1k8ZikURjcu1Cpo", "observed_slot": 399652803}
[2026-02-12T00:28:28Z INFO  filler] {"intent": "limit_uncross", "txn": "3Eiz8dPttNanBVPStx9hTxFeg7ZKrvu46bC6kKAQGsPGYz1iytxM7xPmSjKrTArjf18uZPdadWeYBR535EzzV8w6", "observed_slot": 399652803}
[2026-02-12T00:28:28Z INFO  filler] found auction crosses. market: 61, prices: [0], CrossesAndTopMakers { top_maker_asks: [CfELWppmk5iNNJ1pbix32X9DzPF1R8z9cqZyuhgScRSe, 6xjDCa6fpehWBQzEdDQW3Gv1kum3VzVKzZpXG4AKckJK, 73kMT9GhAAUgAz5TXoFLqqMtw4jRkn57MCEcoGdLCGxU], top_maker_bids: [6xjDCa6fpehWBQzEdDQW3Gv1kum3VzVKzZpXG4AKckJK], limit_crosses: None, vamm_taker_ask: None, vamm_taker_bid: None, crosses: [(L3Order { price: 0, size: 657000000000, max_ts: 1770856115, order_id: 5020, kind: Oracle, user: pGr2WpdDowT21MLj7GWNRLduUcdshVqj4AeZbi98Jy1, flags: 1 }, MakerCrosses { orders: [(L3Order { price: 116091, size: 37632000000000, max_ts: 0, order_id: 34220773, kind: FloatingLimit, user: 6xjDCa6fpehWBQzEdDQW3Gv1kum3VzVKzZpXG4AKckJK, flags: 2 }, 657000000000)], slot: 399652803, has_vamm_cross: true, is_partial: false, taker_direction: Short })] }
[2026-02-12T00:28:28Z INFO  filler] try fill auction order: L3Order { price: 0, size: 657000000000, max_ts: 1770856115, order_id: 5020, kind: Oracle, user: pGr2WpdDowT21MLj7GWNRLduUcdshVqj4AeZbi98Jy1, flags: 1 }
[2026-02-12T00:28:28Z INFO  filler] skip vamm cross too small: MakerCrosses { orders: [(L3Order { price: 116091, size: 37632000000000, max_ts: 0, order_id: 34220773, kind: FloatingLimit, user: 6xjDCa6fpehWBQzEdDQW3Gv1kum3VzVKzZpXG4AKckJK, flags: 2 }, 657000000000)], slot: 399652803, has_vamm_cross: true, is_partial: false, taker_direction: Short }
[2026-02-12T00:28:29Z INFO  filler] found limit crosses (market: 61), top bid: Some(L3Order { price: 116091, size: 37632000000000, max_ts: 0, order_id: 34220773, kind: FloatingLimit, user: 6xjDCa6fpehWBQzEdDQW3Gv1kum3VzVKzZpXG4AKckJK, flags: 2 }), top ask: Some(L3Order { price: 0, size: 657000000000, max_ts: 1770856115, order_id: 5020, kind: Oracle, user: pGr2WpdDowT21MLj7GWNRLduUcdshVqj4AeZbi98Jy1, flags: 1 })
[2026-02-12T00:28:29Z INFO  filler] try uncross book=61,slot=399652805
[2026-02-12T00:28:29Z INFO  filler] {"intent": "limit_uncross", "txn": "5T6hVDPnQhvct72i36XZa9QYFjKFZmiaLKVEtnjHC3WJ6HcvVdmLeWraWG92pUW3edJqjuPtDoatQ6k5PuCSFhyJ", "observed_slot": 399652805}
[2026-02-12T00:28:29Z INFO  filler] {"intent": "limit_uncross", "txn": "ZWt7pQ28zDnvbobdYQB3PeBwik6kJqQNrEaDSncaZmyjUvvuBw9TG1QWcw2qBwNvavhzrgDJvmAHKUCWdZ4SkwZ", "observed_slot": 399652805}
[2026-02-12T00:28:30Z INFO  filler] found limit crosses (market: 61), top bid: Some(L3Order { price: 116091, size: 37632000000000, max_ts: 0, order_id: 34220773, kind: FloatingLimit, user: 6xjDCa6fpehWBQzEdDQW3Gv1kum3VzVKzZpXG4AKckJK, flags: 2 }), top ask: Some(L3Order { price: 0, size: 657000000000, max_ts: 1770856115, order_id: 5020, kind: Oracle, user: pGr2WpdDowT21MLj7GWNRLduUcdshVqj4AeZbi98Jy1, flags: 1 })
[2026-02-12T00:28:30Z INFO  filler] try uncross book=61,slot=399652807
[2026-02-12T00:28:30Z INFO  filler] {"intent": "limit_uncross", "txn": "ZWt7pQ28zDnvbobdYQB3PeBwik6kJqQNrEaDSncaZmyjUvvuBw9TG1QWcw2qBwNvavhzrgDJvmAHKUCWdZ4SkwZ", "observed_slot": 399652807}
[2026-02-12T00:28:30Z INFO  filler] {"intent": "limit_uncross", "txn": "5T6hVDPnQhvct72i36XZa9QYFjKFZmiaLKVEtnjHC3WJ6HcvVdmLeWraWG92pUW3edJqjuPtDoatQ6k5PuCSFhyJ", "observed_slot": 399652807}
[2026-02-12T00:28:31Z INFO  filler] found auction crosses. market: 61, prices: [0], CrossesAndTopMakers { top_maker_asks: [CfELWppmk5iNNJ1pbix32X9DzPF1R8z9cqZyuhgScRSe, 6xjDCa6fpehWBQzEdDQW3Gv1kum3VzVKzZpXG4AKckJK, 73kMT9GhAAUgAz5TXoFLqqMtw4jRkn57MCEcoGdLCGxU], top_maker_bids: [6xjDCa6fpehWBQzEdDQW3Gv1kum3VzVKzZpXG4AKckJK], limit_crosses: None, vamm_taker_ask: None, vamm_taker_bid: None, crosses: [(L3Order { price: 0, size: 657000000000, max_ts: 1770856115, order_id: 5020, kind: Oracle, user: pGr2WpdDowT21MLj7GWNRLduUcdshVqj4AeZbi98Jy1, flags: 1 }, MakerCrosses { orders: [(L3Order { price: 116091, size: 37632000000000, max_ts: 0, order_id: 34220773, kind: FloatingLimit, user: 6xjDCa6fpehWBQzEdDQW3Gv1kum3VzVKzZpXG4AKckJK, flags: 2 }, 657000000000)], slot: 399652808, has_vamm_cross: true, is_partial: false, taker_direction: Short })] }
[2026-02-12T00:28:31Z INFO  filler] try fill auction order: L3Order { price: 0, size: 657000000000, max_ts: 1770856115, order_id: 5020, kind: Oracle, user: pGr2WpdDowT21MLj7GWNRLduUcdshVqj4AeZbi98Jy1, flags: 1 }
[2026-02-12T00:28:31Z INFO  filler] skip vamm cross too small: MakerCrosses { orders: [(L3Order { price: 116091, size: 37632000000000, max_ts: 0, order_id: 34220773, kind: FloatingLimit, user: 6xjDCa6fpehWBQzEdDQW3Gv1kum3VzVKzZpXG4AKckJK, flags: 2 }, 657000000000)], slot: 399652808, has_vamm_cross: true, is_partial: false, taker_direction: Short }
[2026-02-12T00:28:31Z INFO  filler] found limit crosses (market: 61), top bid: Some(L3Order { price: 116091, size: 37632000000000, max_ts: 0, order_id: 34220773, kind: FloatingLimit, user: 6xjDCa6fpehWBQzEdDQW3Gv1kum3VzVKzZpXG4AKckJK, flags: 2 }), top ask: Some(L3Order { price: 0, size: 657000000000, max_ts: 1770856115, order_id: 5020, kind: Oracle, user: pGr2WpdDowT21MLj7GWNRLduUcdshVqj4AeZbi98Jy1, flags: 1 })
[2026-02-12T00:28:31Z INFO  filler] try uncross book=61,slot=399652809
[2026-02-12T00:28:31Z INFO  filler] {"intent": "limit_uncross", "txn": "3iYSwTMo1ESSb6uiGMGcahbzMmQ5ZFKQfv6sMNMudnXRNQ1SZtVTd6HopH8LQdZZsDyL7bqKqG91f5NRZai7KGpo", "observed_slot": 399652809}
[2026-02-12T00:28:31Z INFO  filler] {"intent": "limit_uncross", "txn": "3Z1CUV7kxpXNB5iGYuks1PhXaEqAgxEkTmgWJyZMXza9oNqpsHAaX7ybZizT3WF5mHuTcAd2YDKK2grqMABkAfYM", "observed_slot": 399652809}
[2026-02-12T00:28:31Z INFO  filler] found auction crosses. market: 61, prices: [0], CrossesAndTopMakers { top_maker_asks: [CfELWppmk5iNNJ1pbix32X9DzPF1R8z9cqZyuhgScRSe, 6xjDCa6fpehWBQzEdDQW3Gv1kum3VzVKzZpXG4AKckJK, 73kMT9GhAAUgAz5TXoFLqqMtw4jRkn57MCEcoGdLCGxU], top_maker_bids: [6xjDCa6fpehWBQzEdDQW3Gv1kum3VzVKzZpXG4AKckJK], limit_crosses: None, vamm_taker_ask: None, vamm_taker_bid: None, crosses: [(L3Order { price: 0, size: 657000000000, max_ts: 1770856115, order_id: 5020, kind: Oracle, user: pGr2WpdDowT21MLj7GWNRLduUcdshVqj4AeZbi98Jy1, flags: 1 }, MakerCrosses { orders: [(L3Order { price: 116091, size: 37632000000000, max_ts: 0, order_id: 34220773, kind: FloatingLimit, user: 6xjDCa6fpehWBQzEdDQW3Gv1kum3VzVKzZpXG4AKckJK, flags: 2 }, 657000000000)], slot: 399652809, has_vamm_cross: true, is_partial: false, taker_direction: Short })] }
[2026-02-12T00:28:31Z INFO  filler] try fill auction order: L3Order { price: 0, size: 657000000000, max_ts: 1770856115, order_id: 5020, kind: Oracle, user: pGr2WpdDowT21MLj7GWNRLduUcdshVqj4AeZbi98Jy1, flags: 1 }
[2026-02-12T00:28:31Z INFO  filler] skip vamm cross too small: MakerCrosses { orders: [(L3Order { price: 116091, size: 37632000000000, max_ts: 0, order_id: 34220773, kind: FloatingLimit, user: 6xjDCa6fpehWBQzEdDQW3Gv1kum3VzVKzZpXG4AKckJK, flags: 2 }, 657000000000)], slot: 399652809, has_vamm_cross: true, is_partial: false, taker_direction: Short }
[2026-02-12T00:28:31Z INFO  filler] found limit crosses (market: 61), top bid: Some(L3Order { price: 116091, size: 37632000000000, max_ts: 0, order_id: 34220773, kind: FloatingLimit, user: 6xjDCa6fpehWBQzEdDQW3Gv1kum3VzVKzZpXG4AKckJK, flags: 2 }), top ask: Some(L3Order { price: 0, size: 657000000000, max_ts: 1770856115, order_id: 5020, kind: Oracle, user: pGr2WpdDowT21MLj7GWNRLduUcdshVqj4AeZbi98Jy1, flags: 1 })
[2026-02-12T00:28:31Z INFO  filler] try uncross book=61,slot=399652811
[2026-02-12T00:28:31Z INFO  filler] {"intent": "limit_uncross", "txn": "3iYSwTMo1ESSb6uiGMGcahbzMmQ5ZFKQfv6sMNMudnXRNQ1SZtVTd6HopH8LQdZZsDyL7bqKqG91f5NRZai7KGpo", "observed_slot": 399652811}
[2026-02-12T00:28:31Z INFO  filler] {"intent": "limit_uncross", "txn": "3Z1CUV7kxpXNB5iGYuks1PhXaEqAgxEkTmgWJyZMXza9oNqpsHAaX7ybZizT3WF5mHuTcAd2YDKK2grqMABkAfYM", "observed_slot": 399652811}
[2026-02-12T00:28:32Z INFO  filler] found limit crosses (market: 61), top bid: Some(L3Order { price: 116091, size: 37632000000000, max_ts: 0, order_id: 34220773, kind: FloatingLimit, user: 6xjDCa6fpehWBQzEdDQW3Gv1kum3VzVKzZpXG4AKckJK, flags: 2 }), top ask: Some(L3Order { price: 0, size: 657000000000, max_ts: 1770856115, order_id: 5020, kind: Oracle, user: pGr2WpdDowT21MLj7GWNRLduUcdshVqj4AeZbi98Jy1, flags: 1 })
[2026-02-12T00:28:32Z INFO  filler] try uncross book=61,slot=399652813
[2026-02-12T00:28:32Z INFO  filler] {"intent": "limit_uncross", "txn": "3iYSwTMo1ESSb6uiGMGcahbzMmQ5ZFKQfv6sMNMudnXRNQ1SZtVTd6HopH8LQdZZsDyL7bqKqG91f5NRZai7KGpo", "observed_slot": 399652813}
[2026-02-12T00:28:32Z INFO  filler] {"intent": "limit_uncross", "txn": "3Z1CUV7kxpXNB5iGYuks1PhXaEqAgxEkTmgWJyZMXza9oNqpsHAaX7ybZizT3WF5mHuTcAd2YDKK2grqMABkAfYM", "observed_slot": 399652813}
[2026-02-12T00:28:33Z INFO  filler] found auction crosses. market: 61, prices: [0], CrossesAndTopMakers { top_maker_asks: [CfELWppmk5iNNJ1pbix32X9DzPF1R8z9cqZyuhgScRSe, 6xjDCa6fpehWBQzEdDQW3Gv1kum3VzVKzZpXG4AKckJK, 73kMT9GhAAUgAz5TXoFLqqMtw4jRkn57MCEcoGdLCGxU], top_maker_bids: [6xjDCa6fpehWBQzEdDQW3Gv1kum3VzVKzZpXG4AKckJK], limit_crosses: None, vamm_taker_ask: None, vamm_taker_bid: None, crosses: [(L3Order { price: 0, size: 657000000000, max_ts: 1770856115, order_id: 5020, kind: Oracle, user: pGr2WpdDowT21MLj7GWNRLduUcdshVqj4AeZbi98Jy1, flags: 1 }, MakerCrosses { orders: [(L3Order { price: 116091, size: 37632000000000, max_ts: 0, order_id: 34220773, kind: FloatingLimit, user: 6xjDCa6fpehWBQzEdDQW3Gv1kum3VzVKzZpXG4AKckJK, flags: 2 }, 657000000000)], slot: 399652814, has_vamm_cross: true, is_partial: false, taker_direction: Short })] }
[2026-02-12T00:28:33Z INFO  filler] try fill auction order: L3Order { price: 0, size: 657000000000, max_ts: 1770856115, order_id: 5020, kind: Oracle, user: pGr2WpdDowT21MLj7GWNRLduUcdshVqj4AeZbi98Jy1, flags: 1 }
[2026-02-12T00:28:33Z INFO  filler] skip vamm cross too small: MakerCrosses { orders: [(L3Order { price: 116091, size: 37632000000000, max_ts: 0, order_id: 34220773, kind: FloatingLimit, user: 6xjDCa6fpehWBQzEdDQW3Gv1kum3VzVKzZpXG4AKckJK, flags: 2 }, 657000000000)], slot: 399652814, has_vamm_cross: true, is_partial: false, taker_direction: Short }
[2026-02-12T00:28:33Z INFO  filler] found limit crosses (market: 61), top bid: Some(L3Order { price: 116091, size: 37632000000000, max_ts: 0, order_id: 34220773, kind: FloatingLimit, user: 6xjDCa6fpehWBQzEdDQW3Gv1kum3VzVKzZpXG4AKckJK, flags: 2 }), top ask: Some(L3Order { price: 0, size: 657000000000, max_ts: 1770856115, order_id: 5020, kind: Oracle, user: pGr2WpdDowT21MLj7GWNRLduUcdshVqj4AeZbi98Jy1, flags: 1 })
[2026-02-12T00:28:33Z INFO  filler] try uncross book=61,slot=399652815
[2026-02-12T00:28:33Z INFO  filler] {"intent": "limit_uncross", "txn": "6t2HkAsFZbZHFgbi4PxU3635zCa6YTQAvKUBgNVqX88wxG3bUMJuspyMnoDETP5aX81TZeQF98MkNKtuH2zU5mM", "observed_slot": 399652815}
[2026-02-12T00:28:33Z INFO  filler] {"intent": "limit_uncross", "txn": "rNwXvpjjZ3XJmLvwLfUWTK5tkgJzj5ju8Tzm9KQYmM3kdT4BccfgULVwEqQ2pw9TtAt5oJxs9DMWjpA41WGhDea", "observed_slot": 399652815}
[2026-02-12T00:28:33Z INFO  filler] found auction crosses. market: 61, prices: [0], CrossesAndTopMakers { top_maker_asks: [CfELWppmk5iNNJ1pbix32X9DzPF1R8z9cqZyuhgScRSe, 6xjDCa6fpehWBQzEdDQW3Gv1kum3VzVKzZpXG4AKckJK, 73kMT9GhAAUgAz5TXoFLqqMtw4jRkn57MCEcoGdLCGxU], top_maker_bids: [6xjDCa6fpehWBQzEdDQW3Gv1kum3VzVKzZpXG4AKckJK], limit_crosses: None, vamm_taker_ask: None, vamm_taker_bid: None, crosses: [(L3Order { price: 0, size: 657000000000, max_ts: 1770856115, order_id: 5020, kind: Oracle, user: pGr2WpdDowT21MLj7GWNRLduUcdshVqj4AeZbi98Jy1, flags: 1 }, MakerCrosses { orders: [(L3Order { price: 116091, size: 37632000000000, max_ts: 0, order_id: 34220773, kind: FloatingLimit, user: 6xjDCa6fpehWBQzEdDQW3Gv1kum3VzVKzZpXG4AKckJK, flags: 2 }, 657000000000)], slot: 399652815, has_vamm_cross: true, is_partial: false, taker_direction: Short })] }
[2026-02-12T00:28:33Z INFO  filler] try fill auction order: L3Order { price: 0, size: 657000000000, max_ts: 1770856115, order_id: 5020, kind: Oracle, user: pGr2WpdDowT21MLj7GWNRLduUcdshVqj4AeZbi98Jy1, flags: 1 }
[2026-02-12T00:28:33Z INFO  filler] skip vamm cross too small: MakerCrosses { orders: [(L3Order { price: 116091, size: 37632000000000, max_ts: 0, order_id: 34220773, kind: FloatingLimit, user: 6xjDCa6fpehWBQzEdDQW3Gv1kum3VzVKzZpXG4AKckJK, flags: 2 }, 657000000000)], slot: 399652815, has_vamm_cross: true, is_partial: false, taker_direction: Short }
[2026-02-12T00:28:34Z INFO  filler] found limit crosses (market: 61), top bid: Some(L3Order { price: 116091, size: 37632000000000, max_ts: 0, order_id: 34220773, kind: FloatingLimit, user: 6xjDCa6fpehWBQzEdDQW3Gv1kum3VzVKzZpXG4AKckJK, flags: 2 }), top ask: Some(L3Order { price: 0, size: 657000000000, max_ts: 1770856115, order_id: 5020, kind: Oracle, user: pGr2WpdDowT21MLj7GWNRLduUcdshVqj4AeZbi98Jy1, flags: 1 })
[2026-02-12T00:28:34Z INFO  filler] try uncross book=61,slot=399652817
[2026-02-12T00:28:34Z INFO  filler] {"intent": "limit_uncross", "txn": "rNwXvpjjZ3XJmLvwLfUWTK5tkgJzj5ju8Tzm9KQYmM3kdT4BccfgULVwEqQ2pw9TtAt5oJxs9DMWjpA41WGhDea", "observed_slot": 399652817}
[2026-02-12T00:28:34Z INFO  filler] {"intent": "limit_uncross", "txn": "6t2HkAsFZbZHFgbi4PxU3635zCa6YTQAvKUBgNVqX88wxG3bUMJuspyMnoDETP5aX81TZeQF98MkNKtuH2zU5mM", "observed_slot": 399652817}
[2026-02-12T00:28:34Z INFO  filler] found limit crosses (market: 61), top bid: Some(L3Order { price: 116091, size: 37632000000000, max_ts: 0, order_id: 34220773, kind: FloatingLimit, user: 6xjDCa6fpehWBQzEdDQW3Gv1kum3VzVKzZpXG4AKckJK, flags: 2 }), top ask: Some(L3Order { price: 0, size: 657000000000, max_ts: 1770856115, order_id: 5020, kind: Oracle, user: pGr2WpdDowT21MLj7GWNRLduUcdshVqj4AeZbi98Jy1, flags: 1 })
[2026-02-12T00:28:34Z INFO  filler] try uncross book=61,slot=399652819
[2026-02-12T00:28:34Z INFO  filler] {"intent": "limit_uncross", "txn": "6t2HkAsFZbZHFgbi4PxU3635zCa6YTQAvKUBgNVqX88wxG3bUMJuspyMnoDETP5aX81TZeQF98MkNKtuH2zU5mM", "observed_slot": 399652819}
[2026-02-12T00:28:34Z INFO  filler] {"intent": "limit_uncross", "txn": "rNwXvpjjZ3XJmLvwLfUWTK5tkgJzj5ju8Tzm9KQYmM3kdT4BccfgULVwEqQ2pw9TtAt5oJxs9DMWjpA41WGhDea", "observed_slot": 399652819}
[2026-02-12T00:28:35Z INFO  filler] found auction crosses. market: 61, prices: [0], CrossesAndTopMakers { top_maker_asks: [CfELWppmk5iNNJ1pbix32X9DzPF1R8z9cqZyuhgScRSe, 6xjDCa6fpehWBQzEdDQW3Gv1kum3VzVKzZpXG4AKckJK, 73kMT9GhAAUgAz5TXoFLqqMtw4jRkn57MCEcoGdLCGxU], top_maker_bids: [6xjDCa6fpehWBQzEdDQW3Gv1kum3VzVKzZpXG4AKckJK], limit_crosses: None, vamm_taker_ask: None, vamm_taker_bid: None, crosses: [(L3Order { price: 0, size: 657000000000, max_ts: 1770856115, order_id: 5020, kind: Oracle, user: pGr2WpdDowT21MLj7GWNRLduUcdshVqj4AeZbi98Jy1, flags: 1 }, MakerCrosses { orders: [(L3Order { price: 116091, size: 37632000000000, max_ts: 0, order_id: 34220773, kind: FloatingLimit, user: 6xjDCa6fpehWBQzEdDQW3Gv1kum3VzVKzZpXG4AKckJK, flags: 2 }, 657000000000)], slot: 399652820, has_vamm_cross: true, is_partial: false, taker_direction: Short })] }
[2026-02-12T00:28:35Z INFO  filler] try fill auction order: L3Order { price: 0, size: 657000000000, max_ts: 1770856115, order_id: 5020, kind: Oracle, user: pGr2WpdDowT21MLj7GWNRLduUcdshVqj4AeZbi98Jy1, flags: 1 }
[2026-02-12T00:28:35Z INFO  filler] skip vamm cross too small: MakerCrosses { orders: [(L3Order { price: 116091, size: 37632000000000, max_ts: 0, order_id: 34220773, kind: FloatingLimit, user: 6xjDCa6fpehWBQzEdDQW3Gv1kum3VzVKzZpXG4AKckJK, flags: 2 }, 657000000000)], slot: 399652820, has_vamm_cross: true, is_partial: false, taker_direction: Short }
[2026-02-12T00:28:35Z INFO  filler] found limit crosses (market: 61), top bid: Some(L3Order { price: 116091, size: 37632000000000, max_ts: 0, order_id: 34220773, kind: FloatingLimit, user: 6xjDCa6fpehWBQzEdDQW3Gv1kum3VzVKzZpXG4AKckJK, flags: 2 }), top ask: Some(L3Order { price: 0, size: 657000000000, max_ts: 1770856115, order_id: 5020, kind: Oracle, user: pGr2WpdDowT21MLj7GWNRLduUcdshVqj4AeZbi98Jy1, flags: 1 })
[2026-02-12T00:28:35Z INFO  filler] try uncross book=61,slot=399652821
[2026-02-12T00:28:35Z INFO  filler] {"intent": "limit_uncross", "txn": "34bpxevobERQZbBTnKLnLqyosFDf6L4zjHy3FE4Lt7Z47y2g8zx8QKkBpLWRFQaDSmQ81SwDRygPgzHGCRv7eTf2", "observed_slot": 399652821}
[2026-02-12T00:28:35Z INFO  filler] {"intent": "limit_uncross", "txn": "3cdQZe6Da5RhWbppLf8LXQUamLPsmQFgaxofSsZLhM7HcKMt4kqCUYmBPPjKJJ7yye5HjSpurL9jVcYRXgofCjxP", "observed_slot": 399652821}
[2026-02-12T00:28:35Z INFO  filler] found auction crosses. market: 61, prices: [0], CrossesAndTopMakers { top_maker_asks: [CfELWppmk5iNNJ1pbix32X9DzPF1R8z9cqZyuhgScRSe, 6xjDCa6fpehWBQzEdDQW3Gv1kum3VzVKzZpXG4AKckJK, 73kMT9GhAAUgAz5TXoFLqqMtw4jRkn57MCEcoGdLCGxU], top_maker_bids: [6xjDCa6fpehWBQzEdDQW3Gv1kum3VzVKzZpXG4AKckJK], limit_crosses: None, vamm_taker_ask: None, vamm_taker_bid: None, crosses: [(L3Order { price: 0, size: 657000000000, max_ts: 1770856115, order_id: 5020, kind: Oracle, user: pGr2WpdDowT21MLj7GWNRLduUcdshVqj4AeZbi98Jy1, flags: 1 }, MakerCrosses { orders: [(L3Order { price: 116091, size: 37632000000000, max_ts: 0, order_id: 34220773, kind: FloatingLimit, user: 6xjDCa6fpehWBQzEdDQW3Gv1kum3VzVKzZpXG4AKckJK, flags: 2 }, 657000000000)], slot: 399652821, has_vamm_cross: true, is_partial: false, taker_direction: Short })] }
[2026-02-12T00:28:35Z INFO  filler] try fill auction order: L3Order { price: 0, size: 657000000000, max_ts: 1770856115, order_id: 5020, kind: Oracle, user: pGr2WpdDowT21MLj7GWNRLduUcdshVqj4AeZbi98Jy1, flags: 1 }
[2026-02-12T00:28:35Z INFO  filler] skip vamm cross too small: MakerCrosses { orders: [(L3Order { price: 116091, size: 37632000000000, max_ts: 0, order_id: 34220773, kind: FloatingLimit, user: 6xjDCa6fpehWBQzEdDQW3Gv1kum3VzVKzZpXG4AKckJK, flags: 2 }, 657000000000)], slot: 399652821, has_vamm_cross: true, is_partial: false, taker_direction: Short }
[2026-02-12T00:28:39Z INFO  filler] new swift order. uuid=Ikz8M99W, market=5
[2026-02-12T00:28:40Z INFO  filler] new swift order. uuid=KUBRtIuc, market=5
[2026-02-12T00:28:40Z INFO  filler] found resting cross. crosses=MakerCrosses { orders: [], slot: 399652835, has_vamm_cross: true, is_partial: true, taker_direction: Long }
[2026-02-12T00:28:40Z INFO  filler] try fill swift order: KUBRtIuc
[2026-02-12T00:28:41Z INFO  filler] {"intent": "swift_fill", "txn": "EPQkevFrUyGQS1n7XqwTDwFeVu3uRppxf4raWbKJzfEcsxW4e7Npzf3ietEeyJBoU3gDzctcdQG4Y2sVejhRTjN", "observed_slot": 399652835}
[2026-02-12T00:28:52Z INFO  filler] found auction crosses. market: 0, prices: [79634524], CrossesAndTopMakers { top_maker_asks: [E6nHxtCPwiaKep7WmybLGhV8Jh5G4NFJNnAvweDawG5D, BrRpSaQ6hFDw8darPCyP9Sw7sjydMFQqB4ECAotXSEci, BrRpSaQ6hFDw8darPCyP9Sw7sjydMFQqB4ECAotXSEci], top_maker_bids: [BPRVpWAdRBECY4rLMirN4bYQrDMvXKZnavnRehRhBC9T, BPRVpWAdRBECY4rLMirN4bYQrDMvXKZnavnRehRhBC9T, 54Vfr7qhnnATSBu72FoJkUmjpuAVRh6uqweaHSKNvYd5], limit_crosses: None, vamm_taker_ask: None, vamm_taker_bid: None, crosses: [(L3Order { price: 79634524, size: 70000000, max_ts: 0, order_id: 30, kind: Market, user: 6BtEfEmxXwqVbmgcB9ngitzrJcourSDQ87MJfpMKe8qv, flags: 2 }, MakerCrosses { orders: [(L3Order { price: 79631500, size: 100000000, max_ts: 1770856080, order_id: 89188, kind: Limit, user: E6nHxtCPwiaKep7WmybLGhV8Jh5G4NFJNnAvweDawG5D, flags: 8 }, 70000000)], slot: 399652863, has_vamm_cross: false, is_partial: false, taker_direction: Long })] }
[2026-02-12T00:28:52Z INFO  filler] try fill auction order: L3Order { price: 79634524, size: 70000000, max_ts: 0, order_id: 30, kind: Market, user: 6BtEfEmxXwqVbmgcB9ngitzrJcourSDQ87MJfpMKe8qv, flags: 2 }
[2026-02-12T00:28:52Z WARN  filler] sim failed: InstructionError(4, Custom(6110)), intent: auction_fill
[2026-02-12T00:28:55Z INFO  filler] new swift order. uuid=YjH5MizK, market=1
[2026-02-12T00:28:56Z INFO  filler] new swift order. uuid=VCmHAHg5, market=5
[2026-02-12T00:28:56Z INFO  filler] found resting cross. crosses=MakerCrosses { orders: [], slot: 399652876, has_vamm_cross: true, is_partial: true, taker_direction: Long }
[2026-02-12T00:28:56Z INFO  filler] try fill swift order: VCmHAHg5
[2026-02-12T00:28:56Z INFO  filler] {"intent": "swift_fill", "txn": "4hiBd3LMgtyVDppffjjUzdTdJNHp4cKUoVbrzb9aKHTej3nryDDfT2YVTCeRSQ6AFuS4MtgwyjzBBwQ3SYbq9KD9", "observed_slot": 399652876}
[2026-02-12T00:28:57Z INFO  filler] found auction crosses. market: 30, prices: [84799], CrossesAndTopMakers { top_maker_asks: [3codT5zuMjVDSkmdKWhFb7DWUp839bQHC7HVehA3bQAH, 82QAVT9Lc4rtaZvLF5984zJTACdQembq4Ma8CWgv4zzd, 3codT5zuMjVDSkmdKWhFb7DWUp839bQHC7HVehA3bQAH], top_maker_bids: [3codT5zuMjVDSkmdKWhFb7DWUp839bQHC7HVehA3bQAH, Mf6b9nCntRQktb2D8u5x4PBRp9wYeHVeiVvWBWQPG5M, 3codT5zuMjVDSkmdKWhFb7DWUp839bQHC7HVehA3bQAH], limit_crosses: None, vamm_taker_ask: None, vamm_taker_bid: None, crosses: [(L3Order { price: 84799, size: 84884000000000, max_ts: 1770856309, order_id: 29967, kind: Oracle, user: HNLDBTt7XoCdzCeK2urSaTsMaKJDs5Le8oMKqwohwYuQ, flags: 0 }, MakerCrosses { orders: [], slot: 399652877, has_vamm_cross: true, is_partial: true, taker_direction: Short })] }
[2026-02-12T00:28:57Z INFO  filler] try fill auction order: L3Order { price: 84799, size: 84884000000000, max_ts: 1770856309, order_id: 29967, kind: Oracle, user: HNLDBTt7XoCdzCeK2urSaTsMaKJDs5Le8oMKqwohwYuQ, flags: 0 }
[2026-02-12T00:28:57Z INFO  filler] skip vamm cross too small: MakerCrosses { orders: [], slot: 399652877, has_vamm_cross: true, is_partial: true, taker_direction: Short }
[2026-02-12T00:28:57Z INFO  filler] found auction crosses. market: 30, prices: [84799], CrossesAndTopMakers { top_maker_asks: [6VrjgEwQzBcYUVLBdYANebcLYA1ZzvfGSbKawjPhdALR, 3Mm43SrgK2PN7SXsrL7BziZEG1H7ev8NRFwPKoADQCaW, 3codT5zuMjVDSkmdKWhFb7DWUp839bQHC7HVehA3bQAH], top_maker_bids: [3codT5zuMjVDSkmdKWhFb7DWUp839bQHC7HVehA3bQAH, Mf6b9nCntRQktb2D8u5x4PBRp9wYeHVeiVvWBWQPG5M, 3codT5zuMjVDSkmdKWhFb7DWUp839bQHC7HVehA3bQAH], limit_crosses: None, vamm_taker_ask: None, vamm_taker_bid: None, crosses: [(L3Order { price: 84799, size: 84884000000000, max_ts: 1770856309, order_id: 29967, kind: Oracle, user: HNLDBTt7XoCdzCeK2urSaTsMaKJDs5Le8oMKqwohwYuQ, flags: 0 }, MakerCrosses { orders: [], slot: 399652878, has_vamm_cross: true, is_partial: true, taker_direction: Short })] }
[2026-02-12T00:28:57Z INFO  filler] try fill auction order: L3Order { price: 84799, size: 84884000000000, max_ts: 1770856309, order_id: 29967, kind: Oracle, user: HNLDBTt7XoCdzCeK2urSaTsMaKJDs5Le8oMKqwohwYuQ, flags: 0 }
[2026-02-12T00:28:57Z INFO  filler] skip vamm cross too small: MakerCrosses { orders: [], slot: 399652878, has_vamm_cross: true, is_partial: true, taker_direction: Short }
[2026-02-12T00:28:59Z INFO  filler] new swift order. uuid=pCHBjEN3, market=0
[2026-02-12T00:28:59Z INFO  filler] found auction crosses. market: 30, prices: [84773], CrossesAndTopMakers { top_maker_asks: [3codT5zuMjVDSkmdKWhFb7DWUp839bQHC7HVehA3bQAH, 82QAVT9Lc4rtaZvLF5984zJTACdQembq4Ma8CWgv4zzd, 3codT5zuMjVDSkmdKWhFb7DWUp839bQHC7HVehA3bQAH], top_maker_bids: [3codT5zuMjVDSkmdKWhFb7DWUp839bQHC7HVehA3bQAH, Mf6b9nCntRQktb2D8u5x4PBRp9wYeHVeiVvWBWQPG5M, 3codT5zuMjVDSkmdKWhFb7DWUp839bQHC7HVehA3bQAH], limit_crosses: None, vamm_taker_ask: None, vamm_taker_bid: None, crosses: [(L3Order { price: 84773, size: 84884000000000, max_ts: 1770856309, order_id: 29967, kind: Oracle, user: HNLDBTt7XoCdzCeK2urSaTsMaKJDs5Le8oMKqwohwYuQ, flags: 0 }, MakerCrosses { orders: [], slot: 399652883, has_vamm_cross: true, is_partial: true, taker_direction: Short })] }
[2026-02-12T00:28:59Z INFO  filler] try fill auction order: L3Order { price: 84773, size: 84884000000000, max_ts: 1770856309, order_id: 29967, kind: Oracle, user: HNLDBTt7XoCdzCeK2urSaTsMaKJDs5Le8oMKqwohwYuQ, flags: 0 }
[2026-02-12T00:28:59Z INFO  filler] skip vamm cross too small: MakerCrosses { orders: [], slot: 399652883, has_vamm_cross: true, is_partial: true, taker_direction: Short }
[2026-02-12T00:29:00Z INFO  filler] found auction crosses. market: 30, prices: [84773], CrossesAndTopMakers { top_maker_asks: [3codT5zuMjVDSkmdKWhFb7DWUp839bQHC7HVehA3bQAH, 82QAVT9Lc4rtaZvLF5984zJTACdQembq4Ma8CWgv4zzd, 3codT5zuMjVDSkmdKWhFb7DWUp839bQHC7HVehA3bQAH], top_maker_bids: [3codT5zuMjVDSkmdKWhFb7DWUp839bQHC7HVehA3bQAH, Mf6b9nCntRQktb2D8u5x4PBRp9wYeHVeiVvWBWQPG5M, 3codT5zuMjVDSkmdKWhFb7DWUp839bQHC7HVehA3bQAH], limit_crosses: None, vamm_taker_ask: None, vamm_taker_bid: None, crosses: [(L3Order { price: 84773, size: 84884000000000, max_ts: 1770856309, order_id: 29967, kind: Oracle, user: HNLDBTt7XoCdzCeK2urSaTsMaKJDs5Le8oMKqwohwYuQ, flags: 0 }, MakerCrosses { orders: [], slot: 399652884, has_vamm_cross: true, is_partial: true, taker_direction: Short })] }
[2026-02-12T00:29:00Z INFO  filler] try fill auction order: L3Order { price: 84773, size: 84884000000000, max_ts: 1770856309, order_id: 29967, kind: Oracle, user: HNLDBTt7XoCdzCeK2urSaTsMaKJDs5Le8oMKqwohwYuQ, flags: 0 }
[2026-02-12T00:29:00Z INFO  filler] skip vamm cross too small: MakerCrosses { orders: [], slot: 399652884, has_vamm_cross: true, is_partial: true, taker_direction: Short }
[2026-02-12T00:29:02Z INFO  filler] found auction crosses. market: 30, prices: [84774], CrossesAndTopMakers { top_maker_asks: [3codT5zuMjVDSkmdKWhFb7DWUp839bQHC7HVehA3bQAH, 82QAVT9Lc4rtaZvLF5984zJTACdQembq4Ma8CWgv4zzd, 3codT5zuMjVDSkmdKWhFb7DWUp839bQHC7HVehA3bQAH], top_maker_bids: [3codT5zuMjVDSkmdKWhFb7DWUp839bQHC7HVehA3bQAH, Mf6b9nCntRQktb2D8u5x4PBRp9wYeHVeiVvWBWQPG5M, 3codT5zuMjVDSkmdKWhFb7DWUp839bQHC7HVehA3bQAH], limit_crosses: None, vamm_taker_ask: None, vamm_taker_bid: None, crosses: [(L3Order { price: 84774, size: 84884000000000, max_ts: 1770856309, order_id: 29967, kind: Oracle, user: HNLDBTt7XoCdzCeK2urSaTsMaKJDs5Le8oMKqwohwYuQ, flags: 0 }, MakerCrosses { orders: [], slot: 399652889, has_vamm_cross: true, is_partial: true, taker_direction: Short })] }
[2026-02-12T00:29:02Z INFO  filler] try fill auction order: L3Order { price: 84774, size: 84884000000000, max_ts: 1770856309, order_id: 29967, kind: Oracle, user: HNLDBTt7XoCdzCeK2urSaTsMaKJDs5Le8oMKqwohwYuQ, flags: 0 }
[2026-02-12T00:29:02Z INFO  filler] skip vamm cross too small: MakerCrosses { orders: [], slot: 399652889, has_vamm_cross: true, is_partial: true, taker_direction: Short }
[2026-02-12T00:29:02Z INFO  filler] found auction crosses. market: 30, prices: [84773], CrossesAndTopMakers { top_maker_asks: [3codT5zuMjVDSkmdKWhFb7DWUp839bQHC7HVehA3bQAH, 82QAVT9Lc4rtaZvLF5984zJTACdQembq4Ma8CWgv4zzd, 3codT5zuMjVDSkmdKWhFb7DWUp839bQHC7HVehA3bQAH], top_maker_bids: [3codT5zuMjVDSkmdKWhFb7DWUp839bQHC7HVehA3bQAH, Mf6b9nCntRQktb2D8u5x4PBRp9wYeHVeiVvWBWQPG5M, 3codT5zuMjVDSkmdKWhFb7DWUp839bQHC7HVehA3bQAH], limit_crosses: None, vamm_taker_ask: None, vamm_taker_bid: None, crosses: [(L3Order { price: 84773, size: 84884000000000, max_ts: 1770856309, order_id: 29967, kind: Oracle, user: HNLDBTt7XoCdzCeK2urSaTsMaKJDs5Le8oMKqwohwYuQ, flags: 0 }, MakerCrosses { orders: [], slot: 399652890, has_vamm_cross: true, is_partial: true, taker_direction: Short })] }
[2026-02-12T00:29:02Z INFO  filler] try fill auction order: L3Order { price: 84773, size: 84884000000000, max_ts: 1770856309, order_id: 29967, kind: Oracle, user: HNLDBTt7XoCdzCeK2urSaTsMaKJDs5Le8oMKqwohwYuQ, flags: 0 }
[2026-02-12T00:29:02Z INFO  filler] skip vamm cross too small: MakerCrosses { orders: [], slot: 399652890, has_vamm_cross: true, is_partial: true, taker_direction: Short }
[2026-02-12T00:29:04Z INFO  filler] found auction crosses. market: 30, prices: [84773], CrossesAndTopMakers { top_maker_asks: [3codT5zuMjVDSkmdKWhFb7DWUp839bQHC7HVehA3bQAH, 82QAVT9Lc4rtaZvLF5984zJTACdQembq4Ma8CWgv4zzd, 3codT5zuMjVDSkmdKWhFb7DWUp839bQHC7HVehA3bQAH], top_maker_bids: [3codT5zuMjVDSkmdKWhFb7DWUp839bQHC7HVehA3bQAH, Mf6b9nCntRQktb2D8u5x4PBRp9wYeHVeiVvWBWQPG5M, 3codT5zuMjVDSkmdKWhFb7DWUp839bQHC7HVehA3bQAH], limit_crosses: None, vamm_taker_ask: None, vamm_taker_bid: None, crosses: [(L3Order { price: 84773, size: 84884000000000, max_ts: 1770856309, order_id: 29967, kind: Oracle, user: HNLDBTt7XoCdzCeK2urSaTsMaKJDs5Le8oMKqwohwYuQ, flags: 0 }, MakerCrosses { orders: [], slot: 399652895, has_vamm_cross: true, is_partial: true, taker_direction: Short })] }
[2026-02-12T00:29:04Z INFO  filler] try fill auction order: L3Order { price: 84773, size: 84884000000000, max_ts: 1770856309, order_id: 29967, kind: Oracle, user: HNLDBTt7XoCdzCeK2urSaTsMaKJDs5Le8oMKqwohwYuQ, flags: 0 }
[2026-02-12T00:29:04Z INFO  filler] skip vamm cross too small: MakerCrosses { orders: [], slot: 399652895, has_vamm_cross: true, is_partial: true, taker_direction: Short }
[2026-02-12T00:29:04Z INFO  filler] found auction crosses. market: 30, prices: [84773], CrossesAndTopMakers { top_maker_asks: [3codT5zuMjVDSkmdKWhFb7DWUp839bQHC7HVehA3bQAH, 82QAVT9Lc4rtaZvLF5984zJTACdQembq4Ma8CWgv4zzd, 3codT5zuMjVDSkmdKWhFb7DWUp839bQHC7HVehA3bQAH], top_maker_bids: [3codT5zuMjVDSkmdKWhFb7DWUp839bQHC7HVehA3bQAH, Mf6b9nCntRQktb2D8u5x4PBRp9wYeHVeiVvWBWQPG5M, 3codT5zuMjVDSkmdKWhFb7DWUp839bQHC7HVehA3bQAH], limit_crosses: None, vamm_taker_ask: None, vamm_taker_bid: None, crosses: [(L3Order { price: 84773, size: 84884000000000, max_ts: 1770856309, order_id: 29967, kind: Oracle, user: HNLDBTt7XoCdzCeK2urSaTsMaKJDs5Le8oMKqwohwYuQ, flags: 0 }, MakerCrosses { orders: [], slot: 399652896, has_vamm_cross: true, is_partial: true, taker_direction: Short })] }
[2026-02-12T00:29:04Z INFO  filler] try fill auction order: L3Order { price: 84773, size: 84884000000000, max_ts: 1770856309, order_id: 29967, kind: Oracle, user: HNLDBTt7XoCdzCeK2urSaTsMaKJDs5Le8oMKqwohwYuQ, flags: 0 }
[2026-02-12T00:29:04Z INFO  filler] skip vamm cross too small: MakerCrosses { orders: [], slot: 399652896, has_vamm_cross: true, is_partial: true, taker_direction: Short }
[2026-02-12T00:29:06Z INFO  filler] found auction crosses. market: 30, prices: [84757], CrossesAndTopMakers { top_maker_asks: [3codT5zuMjVDSkmdKWhFb7DWUp839bQHC7HVehA3bQAH, 82QAVT9Lc4rtaZvLF5984zJTACdQembq4Ma8CWgv4zzd, 3codT5zuMjVDSkmdKWhFb7DWUp839bQHC7HVehA3bQAH], top_maker_bids: [3codT5zuMjVDSkmdKWhFb7DWUp839bQHC7HVehA3bQAH, Mf6b9nCntRQktb2D8u5x4PBRp9wYeHVeiVvWBWQPG5M, 3codT5zuMjVDSkmdKWhFb7DWUp839bQHC7HVehA3bQAH], limit_crosses: None, vamm_taker_ask: None, vamm_taker_bid: None, crosses: [(L3Order { price: 84757, size: 84884000000000, max_ts: 1770856309, order_id: 29967, kind: Oracle, user: HNLDBTt7XoCdzCeK2urSaTsMaKJDs5Le8oMKqwohwYuQ, flags: 0 }, MakerCrosses { orders: [], slot: 399652901, has_vamm_cross: true, is_partial: true, taker_direction: Short })] }
[2026-02-12T00:29:06Z INFO  filler] try fill auction order: L3Order { price: 84757, size: 84884000000000, max_ts: 1770856309, order_id: 29967, kind: Oracle, user: HNLDBTt7XoCdzCeK2urSaTsMaKJDs5Le8oMKqwohwYuQ, flags: 0 }
[2026-02-12T00:29:06Z INFO  filler] skip vamm cross too small: MakerCrosses { orders: [], slot: 399652901, has_vamm_cross: true, is_partial: true, taker_direction: Short }
[2026-02-12T00:29:06Z INFO  filler] found auction crosses. market: 30, prices: [84755], CrossesAndTopMakers { top_maker_asks: [3codT5zuMjVDSkmdKWhFb7DWUp839bQHC7HVehA3bQAH, 82QAVT9Lc4rtaZvLF5984zJTACdQembq4Ma8CWgv4zzd, 3codT5zuMjVDSkmdKWhFb7DWUp839bQHC7HVehA3bQAH], top_maker_bids: [3codT5zuMjVDSkmdKWhFb7DWUp839bQHC7HVehA3bQAH, Mf6b9nCntRQktb2D8u5x4PBRp9wYeHVeiVvWBWQPG5M, 3codT5zuMjVDSkmdKWhFb7DWUp839bQHC7HVehA3bQAH], limit_crosses: None, vamm_taker_ask: None, vamm_taker_bid: None, crosses: [(L3Order { price: 84755, size: 84884000000000, max_ts: 1770856309, order_id: 29967, kind: Oracle, user: HNLDBTt7XoCdzCeK2urSaTsMaKJDs5Le8oMKqwohwYuQ, flags: 0 }, MakerCrosses { orders: [], slot: 399652902, has_vamm_cross: true, is_partial: true, taker_direction: Short })] }
[2026-02-12T00:29:06Z INFO  filler] try fill auction order: L3Order { price: 84755, size: 84884000000000, max_ts: 1770856309, order_id: 29967, kind: Oracle, user: HNLDBTt7XoCdzCeK2urSaTsMaKJDs5Le8oMKqwohwYuQ, flags: 0 }
[2026-02-12T00:29:06Z INFO  filler] skip vamm cross too small: MakerCrosses { orders: [], slot: 399652902, has_vamm_cross: true, is_partial: true, taker_direction: Short }
[2026-02-12T00:29:07Z WARN  dlob] remove order failed: 4182478273924523607 not removed. kind: Oracle, user: pGr2WpdDowT21MLj7GWNRLduUcdshVqj4AeZbi98Jy1, order_id: 5020
[2026-02-12T00:29:08Z INFO  filler] found auction crosses. market: 30, prices: [84758], CrossesAndTopMakers { top_maker_asks: [3codT5zuMjVDSkmdKWhFb7DWUp839bQHC7HVehA3bQAH, 82QAVT9Lc4rtaZvLF5984zJTACdQembq4Ma8CWgv4zzd, 3codT5zuMjVDSkmdKWhFb7DWUp839bQHC7HVehA3bQAH], top_maker_bids: [3codT5zuMjVDSkmdKWhFb7DWUp839bQHC7HVehA3bQAH, Mf6b9nCntRQktb2D8u5x4PBRp9wYeHVeiVvWBWQPG5M, 3codT5zuMjVDSkmdKWhFb7DWUp839bQHC7HVehA3bQAH], limit_crosses: None, vamm_taker_ask: None, vamm_taker_bid: None, crosses: [(L3Order { price: 84758, size: 84884000000000, max_ts: 1770856309, order_id: 29967, kind: Oracle, user: HNLDBTt7XoCdzCeK2urSaTsMaKJDs5Le8oMKqwohwYuQ, flags: 0 }, MakerCrosses { orders: [], slot: 399652907, has_vamm_cross: true, is_partial: true, taker_direction: Short })] }
[2026-02-12T00:29:08Z INFO  filler] try fill auction order: L3Order { price: 84758, size: 84884000000000, max_ts: 1770856309, order_id: 29967, kind: Oracle, user: HNLDBTt7XoCdzCeK2urSaTsMaKJDs5Le8oMKqwohwYuQ, flags: 0 }
[2026-02-12T00:29:08Z INFO  filler] skip vamm cross too small: MakerCrosses { orders: [], slot: 399652907, has_vamm_cross: true, is_partial: true, taker_direction: Short }
[2026-02-12T00:29:09Z INFO  filler] found auction crosses. market: 30, prices: [84759], CrossesAndTopMakers { top_maker_asks: [3codT5zuMjVDSkmdKWhFb7DWUp839bQHC7HVehA3bQAH, 82QAVT9Lc4rtaZvLF5984zJTACdQembq4Ma8CWgv4zzd, 3codT5zuMjVDSkmdKWhFb7DWUp839bQHC7HVehA3bQAH], top_maker_bids: [3codT5zuMjVDSkmdKWhFb7DWUp839bQHC7HVehA3bQAH, Mf6b9nCntRQktb2D8u5x4PBRp9wYeHVeiVvWBWQPG5M, 3codT5zuMjVDSkmdKWhFb7DWUp839bQHC7HVehA3bQAH], limit_crosses: None, vamm_taker_ask: None, vamm_taker_bid: None, crosses: [(L3Order { price: 84759, size: 84884000000000, max_ts: 1770856309, order_id: 29967, kind: Oracle, user: HNLDBTt7XoCdzCeK2urSaTsMaKJDs5Le8oMKqwohwYuQ, flags: 0 }, MakerCrosses { orders: [], slot: 399652908, has_vamm_cross: true, is_partial: true, taker_direction: Short })] }
[2026-02-12T00:29:09Z INFO  filler] try fill auction order: L3Order { price: 84759, size: 84884000000000, max_ts: 1770856309, order_id: 29967, kind: Oracle, user: HNLDBTt7XoCdzCeK2urSaTsMaKJDs5Le8oMKqwohwYuQ, flags: 0 }
[2026-02-12T00:29:09Z INFO  filler] skip vamm cross too small: MakerCrosses { orders: [], slot: 399652908, has_vamm_cross: true, is_partial: true, taker_direction: Short }
[2026-02-12T00:29:11Z INFO  filler] found auction crosses. market: 30, prices: [84758], CrossesAndTopMakers { top_maker_asks: [3codT5zuMjVDSkmdKWhFb7DWUp839bQHC7HVehA3bQAH, 82QAVT9Lc4rtaZvLF5984zJTACdQembq4Ma8CWgv4zzd, 3codT5zuMjVDSkmdKWhFb7DWUp839bQHC7HVehA3bQAH], top_maker_bids: [3codT5zuMjVDSkmdKWhFb7DWUp839bQHC7HVehA3bQAH, Mf6b9nCntRQktb2D8u5x4PBRp9wYeHVeiVvWBWQPG5M, 3codT5zuMjVDSkmdKWhFb7DWUp839bQHC7HVehA3bQAH], limit_crosses: None, vamm_taker_ask: None, vamm_taker_bid: None, crosses: [(L3Order { price: 84758, size: 84884000000000, max_ts: 1770856309, order_id: 29967, kind: Oracle, user: HNLDBTt7XoCdzCeK2urSaTsMaKJDs5Le8oMKqwohwYuQ, flags: 0 }, MakerCrosses { orders: [], slot: 399652913, has_vamm_cross: true, is_partial: true, taker_direction: Short })] }
[2026-02-12T00:29:11Z INFO  filler] try fill auction order: L3Order { price: 84758, size: 84884000000000, max_ts: 1770856309, order_id: 29967, kind: Oracle, user: HNLDBTt7XoCdzCeK2urSaTsMaKJDs5Le8oMKqwohwYuQ, flags: 0 }
[2026-02-12T00:29:11Z INFO  filler] skip vamm cross too small: MakerCrosses { orders: [], slot: 399652913, has_vamm_cross: true, is_partial: true, taker_direction: Short }
[2026-02-12T00:29:11Z INFO  filler] found auction crosses. market: 30, prices: [84759], CrossesAndTopMakers { top_maker_asks: [3codT5zuMjVDSkmdKWhFb7DWUp839bQHC7HVehA3bQAH, 82QAVT9Lc4rtaZvLF5984zJTACdQembq4Ma8CWgv4zzd, 3codT5zuMjVDSkmdKWhFb7DWUp839bQHC7HVehA3bQAH], top_maker_bids: [3codT5zuMjVDSkmdKWhFb7DWUp839bQHC7HVehA3bQAH, Mf6b9nCntRQktb2D8u5x4PBRp9wYeHVeiVvWBWQPG5M, 3codT5zuMjVDSkmdKWhFb7DWUp839bQHC7HVehA3bQAH], limit_crosses: None, vamm_taker_ask: None, vamm_taker_bid: None, crosses: [(L3Order { price: 84759, size: 84884000000000, max_ts: 1770856309, order_id: 29967, kind: Oracle, user: HNLDBTt7XoCdzCeK2urSaTsMaKJDs5Le8oMKqwohwYuQ, flags: 0 }, MakerCrosses { orders: [], slot: 399652914, has_vamm_cross: true, is_partial: true, taker_direction: Short })] }
[2026-02-12T00:29:11Z INFO  filler] try fill auction order: L3Order { price: 84759, size: 84884000000000, max_ts: 1770856309, order_id: 29967, kind: Oracle, user: HNLDBTt7XoCdzCeK2urSaTsMaKJDs5Le8oMKqwohwYuQ, flags: 0 }
[2026-02-12T00:29:11Z INFO  filler] skip vamm cross too small: MakerCrosses { orders: [], slot: 399652914, has_vamm_cross: true, is_partial: true, taker_direction: Short }
[2026-02-12T00:29:13Z INFO  filler] found auction crosses. market: 30, prices: [84768], CrossesAndTopMakers { top_maker_asks: [3codT5zuMjVDSkmdKWhFb7DWUp839bQHC7HVehA3bQAH, 82QAVT9Lc4rtaZvLF5984zJTACdQembq4Ma8CWgv4zzd, 3codT5zuMjVDSkmdKWhFb7DWUp839bQHC7HVehA3bQAH], top_maker_bids: [3codT5zuMjVDSkmdKWhFb7DWUp839bQHC7HVehA3bQAH, Mf6b9nCntRQktb2D8u5x4PBRp9wYeHVeiVvWBWQPG5M, 3codT5zuMjVDSkmdKWhFb7DWUp839bQHC7HVehA3bQAH], limit_crosses: None, vamm_taker_ask: None, vamm_taker_bid: None, crosses: [(L3Order { price: 84768, size: 84884000000000, max_ts: 1770856309, order_id: 29967, kind: Oracle, user: HNLDBTt7XoCdzCeK2urSaTsMaKJDs5Le8oMKqwohwYuQ, flags: 0 }, MakerCrosses { orders: [], slot: 399652919, has_vamm_cross: true, is_partial: true, taker_direction: Short })] }
[2026-02-12T00:29:13Z INFO  filler] try fill auction order: L3Order { price: 84768, size: 84884000000000, max_ts: 1770856309, order_id: 29967, kind: Oracle, user: HNLDBTt7XoCdzCeK2urSaTsMaKJDs5Le8oMKqwohwYuQ, flags: 0 }
[2026-02-12T00:29:13Z INFO  filler] skip vamm cross too small: MakerCrosses { orders: [], slot: 399652919, has_vamm_cross: true, is_partial: true, taker_direction: Short }
[2026-02-12T00:29:27Z INFO  filler] new swift order. uuid=h2jE_mUo, market=5
[2026-02-12T00:29:27Z INFO  filler] found resting cross. crosses=MakerCrosses { orders: [], slot: 399652958, has_vamm_cross: true, is_partial: true, taker_direction: Long }
[2026-02-12T00:29:27Z INFO  filler] try fill swift order: h2jE_mUo
[2026-02-12T00:29:28Z INFO  filler] {"intent": "swift_fill", "txn": "5krMdrmGNFmFjvRGZ6wSPnPaMiZg4WKQUdp1YJuRx1Sy9N2m53tZoUKsDM6bugxt6AcmgHzb4nHXPZSHp1LYrwx3", "observed_slot": 399652958}
[2026-02-12T00:29:50Z INFO  filler] new swift order. uuid=S7a8fJRe, market=5
[2026-02-12T00:29:50Z INFO  filler] found resting cross. crosses=MakerCrosses { orders: [], slot: 399653015, has_vamm_cross: true, is_partial: true, taker_direction: Long }
[2026-02-12T00:29:50Z INFO  filler] try fill swift order: S7a8fJRe
[2026-02-12T00:29:50Z INFO  filler] {"intent": "swift_fill", "txn": "47Pn7koe7tfQ3Dk38GbMo6QRNCgyqVDFqQEZHs4Cv1UBMxsom3tE1YT4zZZBvV1KkztyBriqA5yP6ukEdw5Lopgo", "observed_slot": 399653015}
[2026-02-12T00:29:54Z INFO  filler] found auction crosses. market: 61, prices: [0], CrossesAndTopMakers { top_maker_asks: [CfELWppmk5iNNJ1pbix32X9DzPF1R8z9cqZyuhgScRSe, 6xjDCa6fpehWBQzEdDQW3Gv1kum3VzVKzZpXG4AKckJK, 73kMT9GhAAUgAz5TXoFLqqMtw4jRkn57MCEcoGdLCGxU], top_maker_bids: [6xjDCa6fpehWBQzEdDQW3Gv1kum3VzVKzZpXG4AKckJK], limit_crosses: None, vamm_taker_ask: None, vamm_taker_bid: None, crosses: [(L3Order { price: 0, size: 657000000000, max_ts: 1770856214, order_id: 5021, kind: Oracle, user: pGr2WpdDowT21MLj7GWNRLduUcdshVqj4AeZbi98Jy1, flags: 1 }, MakerCrosses { orders: [(L3Order { price: 116149, size: 37632000000000, max_ts: 0, order_id: 34220773, kind: FloatingLimit, user: 6xjDCa6fpehWBQzEdDQW3Gv1kum3VzVKzZpXG4AKckJK, flags: 2 }, 657000000000)], slot: 399653026, has_vamm_cross: true, is_partial: false, taker_direction: Short })] }
[2026-02-12T00:29:54Z INFO  filler] try fill auction order: L3Order { price: 0, size: 657000000000, max_ts: 1770856214, order_id: 5021, kind: Oracle, user: pGr2WpdDowT21MLj7GWNRLduUcdshVqj4AeZbi98Jy1, flags: 1 }
[2026-02-12T00:29:55Z INFO  filler] skip vamm cross too small: MakerCrosses { orders: [(L3Order { price: 116149, size: 37632000000000, max_ts: 0, order_id: 34220773, kind: FloatingLimit, user: 6xjDCa6fpehWBQzEdDQW3Gv1kum3VzVKzZpXG4AKckJK, flags: 2 }, 657000000000)], slot: 399653026, has_vamm_cross: true, is_partial: false, taker_direction: Short }
[2026-02-12T00:29:55Z INFO  filler] found limit crosses (market: 61), top bid: Some(L3Order { price: 116149, size: 37632000000000, max_ts: 0, order_id: 34220773, kind: FloatingLimit, user: 6xjDCa6fpehWBQzEdDQW3Gv1kum3VzVKzZpXG4AKckJK, flags: 2 }), top ask: Some(L3Order { price: 0, size: 657000000000, max_ts: 1770856214, order_id: 5021, kind: Oracle, user: pGr2WpdDowT21MLj7GWNRLduUcdshVqj4AeZbi98Jy1, flags: 1 })
[2026-02-12T00:29:55Z INFO  filler] try uncross book=61,slot=399653027
[2026-02-12T00:29:55Z INFO  filler] {"intent": "limit_uncross", "txn": "5cmbXU5uudgT9w5ytEruaNEQi6CsgSpwn59zLc4EAPwaLJnbaBXtMyoykv2ZUnSStwxyBJnvq8CzThBaL9DFuQNC", "observed_slot": 399653027}
[2026-02-12T00:29:55Z INFO  filler] {"intent": "limit_uncross", "txn": "Z2zQ9PyvP6AShi9Y85Mkn3GeEvKgdcv71ee9pVYz9Sc3SnBtgkcFJJAJmLtLFj1R9hM2jk6QTSACEuSbRJ4sXn6", "observed_slot": 399653027}
[2026-02-12T00:29:55Z INFO  filler] found auction crosses. market: 61, prices: [0], CrossesAndTopMakers { top_maker_asks: [CfELWppmk5iNNJ1pbix32X9DzPF1R8z9cqZyuhgScRSe, 6xjDCa6fpehWBQzEdDQW3Gv1kum3VzVKzZpXG4AKckJK, 73kMT9GhAAUgAz5TXoFLqqMtw4jRkn57MCEcoGdLCGxU], top_maker_bids: [6xjDCa6fpehWBQzEdDQW3Gv1kum3VzVKzZpXG4AKckJK], limit_crosses: None, vamm_taker_ask: None, vamm_taker_bid: None, crosses: [(L3Order { price: 0, size: 657000000000, max_ts: 1770856214, order_id: 5021, kind: Oracle, user: pGr2WpdDowT21MLj7GWNRLduUcdshVqj4AeZbi98Jy1, flags: 1 }, MakerCrosses { orders: [(L3Order { price: 116100, size: 37632000000000, max_ts: 0, order_id: 34220773, kind: FloatingLimit, user: 6xjDCa6fpehWBQzEdDQW3Gv1kum3VzVKzZpXG4AKckJK, flags: 2 }, 657000000000)], slot: 399653027, has_vamm_cross: true, is_partial: false, taker_direction: Short })] }
[2026-02-12T00:29:55Z INFO  filler] try fill auction order: L3Order { price: 0, size: 657000000000, max_ts: 1770856214, order_id: 5021, kind: Oracle, user: pGr2WpdDowT21MLj7GWNRLduUcdshVqj4AeZbi98Jy1, flags: 1 }
[2026-02-12T00:29:55Z INFO  filler] skip vamm cross too small: MakerCrosses { orders: [(L3Order { price: 116100, size: 37632000000000, max_ts: 0, order_id: 34220773, kind: FloatingLimit, user: 6xjDCa6fpehWBQzEdDQW3Gv1kum3VzVKzZpXG4AKckJK, flags: 2 }, 657000000000)], slot: 399653027, has_vamm_cross: true, is_partial: false, taker_direction: Short }
[2026-02-12T00:29:55Z INFO  filler] found limit crosses (market: 61), top bid: Some(L3Order { price: 116100, size: 37632000000000, max_ts: 0, order_id: 34220773, kind: FloatingLimit, user: 6xjDCa6fpehWBQzEdDQW3Gv1kum3VzVKzZpXG4AKckJK, flags: 2 }), top ask: Some(L3Order { price: 0, size: 657000000000, max_ts: 1770856214, order_id: 5021, kind: Oracle, user: pGr2WpdDowT21MLj7GWNRLduUcdshVqj4AeZbi98Jy1, flags: 1 })
[2026-02-12T00:29:55Z INFO  filler] try uncross book=61,slot=399653029
[2026-02-12T00:29:55Z INFO  filler] {"intent": "limit_uncross", "txn": "5nR5S1GjNWt1pLmgHS5haL832ixfgdJG9pMUeFsyAMvgXzJepgzEU39tXdRHFZeUmoMYM5Tiz5RH5Es2V6bPcZ1p", "observed_slot": 399653029}
[2026-02-12T00:29:55Z INFO  filler] {"intent": "limit_uncross", "txn": "58BnjB7vxSH4521KmNr3CwyWFMGZHyEXzRA3pE5PPyJzEaYYCEEwVavKabDpaSiypDGYzxw8QFqacTMDdbPtjpeF", "observed_slot": 399653029}
[2026-02-12T00:29:56Z INFO  filler] found limit crosses (market: 61), top bid: Some(L3Order { price: 116100, size: 37632000000000, max_ts: 0, order_id: 34220773, kind: FloatingLimit, user: 6xjDCa6fpehWBQzEdDQW3Gv1kum3VzVKzZpXG4AKckJK, flags: 2 }), top ask: Some(L3Order { price: 0, size: 657000000000, max_ts: 1770856214, order_id: 5021, kind: Oracle, user: pGr2WpdDowT21MLj7GWNRLduUcdshVqj4AeZbi98Jy1, flags: 1 })
[2026-02-12T00:29:56Z INFO  filler] try uncross book=61,slot=399653031
[2026-02-12T00:29:56Z INFO  filler] {"intent": "limit_uncross", "txn": "5nR5S1GjNWt1pLmgHS5haL832ixfgdJG9pMUeFsyAMvgXzJepgzEU39tXdRHFZeUmoMYM5Tiz5RH5Es2V6bPcZ1p", "observed_slot": 399653031}
[2026-02-12T00:29:56Z INFO  filler] {"intent": "limit_uncross", "txn": "58BnjB7vxSH4521KmNr3CwyWFMGZHyEXzRA3pE5PPyJzEaYYCEEwVavKabDpaSiypDGYzxw8QFqacTMDdbPtjpeF", "observed_slot": 399653031}
[2026-02-12T00:29:57Z INFO  filler] found auction crosses. market: 61, prices: [0], CrossesAndTopMakers { top_maker_asks: [CfELWppmk5iNNJ1pbix32X9DzPF1R8z9cqZyuhgScRSe, 6xjDCa6fpehWBQzEdDQW3Gv1kum3VzVKzZpXG4AKckJK, 73kMT9GhAAUgAz5TXoFLqqMtw4jRkn57MCEcoGdLCGxU], top_maker_bids: [6xjDCa6fpehWBQzEdDQW3Gv1kum3VzVKzZpXG4AKckJK], limit_crosses: None, vamm_taker_ask: None, vamm_taker_bid: None, crosses: [(L3Order { price: 0, size: 657000000000, max_ts: 1770856214, order_id: 5021, kind: Oracle, user: pGr2WpdDowT21MLj7GWNRLduUcdshVqj4AeZbi98Jy1, flags: 1 }, MakerCrosses { orders: [(L3Order { price: 116100, size: 37632000000000, max_ts: 0, order_id: 34220773, kind: FloatingLimit, user: 6xjDCa6fpehWBQzEdDQW3Gv1kum3VzVKzZpXG4AKckJK, flags: 2 }, 657000000000)], slot: 399653032, has_vamm_cross: true, is_partial: false, taker_direction: Short })] }
[2026-02-12T00:29:57Z INFO  filler] try fill auction order: L3Order { price: 0, size: 657000000000, max_ts: 1770856214, order_id: 5021, kind: Oracle, user: pGr2WpdDowT21MLj7GWNRLduUcdshVqj4AeZbi98Jy1, flags: 1 }
[2026-02-12T00:29:57Z INFO  filler] skip vamm cross too small: MakerCrosses { orders: [(L3Order { price: 116100, size: 37632000000000, max_ts: 0, order_id: 34220773, kind: FloatingLimit, user: 6xjDCa6fpehWBQzEdDQW3Gv1kum3VzVKzZpXG4AKckJK, flags: 2 }, 657000000000)], slot: 399653032, has_vamm_cross: true, is_partial: false, taker_direction: Short }
[2026-02-12T00:29:57Z INFO  filler] found limit crosses (market: 61), top bid: Some(L3Order { price: 116100, size: 37632000000000, max_ts: 0, order_id: 34220773, kind: FloatingLimit, user: 6xjDCa6fpehWBQzEdDQW3Gv1kum3VzVKzZpXG4AKckJK, flags: 2 }), top ask: Some(L3Order { price: 0, size: 657000000000, max_ts: 1770856214, order_id: 5021, kind: Oracle, user: pGr2WpdDowT21MLj7GWNRLduUcdshVqj4AeZbi98Jy1, flags: 1 })
[2026-02-12T00:29:57Z INFO  filler] try uncross book=61,slot=399653033
[2026-02-12T00:29:57Z INFO  filler] {"intent": "limit_uncross", "txn": "5Lxizkd7E8vtrLEeW2HmrdzqBer4aakzrrru1K8BZXR2b6DP5kJ3B4fUbJiqmKRDjZ69ZFmMfjUmiWgqo52Kee2R", "observed_slot": 399653033}
[2026-02-12T00:29:57Z INFO  filler] {"intent": "limit_uncross", "txn": "4aaJQWTsbM1dweYnnj2W7AjXZHwwWfn5LfancVQBEz6XVRDykq1VeTSiAFTqybsKHGRkES5xJgT7F9QTAYiA4vRx", "observed_slot": 399653033}
[2026-02-12T00:29:57Z INFO  filler] found auction crosses. market: 61, prices: [0], CrossesAndTopMakers { top_maker_asks: [CfELWppmk5iNNJ1pbix32X9DzPF1R8z9cqZyuhgScRSe, 6xjDCa6fpehWBQzEdDQW3Gv1kum3VzVKzZpXG4AKckJK, 73kMT9GhAAUgAz5TXoFLqqMtw4jRkn57MCEcoGdLCGxU], top_maker_bids: [6xjDCa6fpehWBQzEdDQW3Gv1kum3VzVKzZpXG4AKckJK], limit_crosses: None, vamm_taker_ask: None, vamm_taker_bid: None, crosses: [(L3Order { price: 0, size: 657000000000, max_ts: 1770856214, order_id: 5021, kind: Oracle, user: pGr2WpdDowT21MLj7GWNRLduUcdshVqj4AeZbi98Jy1, flags: 1 }, MakerCrosses { orders: [(L3Order { price: 116100, size: 37632000000000, max_ts: 0, order_id: 34220773, kind: FloatingLimit, user: 6xjDCa6fpehWBQzEdDQW3Gv1kum3VzVKzZpXG4AKckJK, flags: 2 }, 657000000000)], slot: 399653033, has_vamm_cross: true, is_partial: false, taker_direction: Short })] }
[2026-02-12T00:29:57Z INFO  filler] try fill auction order: L3Order { price: 0, size: 657000000000, max_ts: 1770856214, order_id: 5021, kind: Oracle, user: pGr2WpdDowT21MLj7GWNRLduUcdshVqj4AeZbi98Jy1, flags: 1 }
[2026-02-12T00:29:57Z INFO  filler] skip vamm cross too small: MakerCrosses { orders: [(L3Order { price: 116100, size: 37632000000000, max_ts: 0, order_id: 34220773, kind: FloatingLimit, user: 6xjDCa6fpehWBQzEdDQW3Gv1kum3VzVKzZpXG4AKckJK, flags: 2 }, 657000000000)], slot: 399653033, has_vamm_cross: true, is_partial: false, taker_direction: Short }
[2026-02-12T00:29:57Z INFO  filler] found limit crosses (market: 61), top bid: Some(L3Order { price: 116100, size: 37632000000000, max_ts: 0, order_id: 34220773, kind: FloatingLimit, user: 6xjDCa6fpehWBQzEdDQW3Gv1kum3VzVKzZpXG4AKckJK, flags: 2 }), top ask: Some(L3Order { price: 0, size: 657000000000, max_ts: 1770856214, order_id: 5021, kind: Oracle, user: pGr2WpdDowT21MLj7GWNRLduUcdshVqj4AeZbi98Jy1, flags: 1 })
[2026-02-12T00:29:57Z INFO  filler] try uncross book=61,slot=399653035
[2026-02-12T00:29:58Z INFO  filler] {"intent": "limit_uncross", "txn": "4aaJQWTsbM1dweYnnj2W7AjXZHwwWfn5LfancVQBEz6XVRDykq1VeTSiAFTqybsKHGRkES5xJgT7F9QTAYiA4vRx", "observed_slot": 399653035}
[2026-02-12T00:29:58Z INFO  filler] {"intent": "limit_uncross", "txn": "5Lxizkd7E8vtrLEeW2HmrdzqBer4aakzrrru1K8BZXR2b6DP5kJ3B4fUbJiqmKRDjZ69ZFmMfjUmiWgqo52Kee2R", "observed_slot": 399653035}
[2026-02-12T00:29:58Z INFO  filler] found limit crosses (market: 61), top bid: Some(L3Order { price: 116100, size: 37632000000000, max_ts: 0, order_id: 34220773, kind: FloatingLimit, user: 6xjDCa6fpehWBQzEdDQW3Gv1kum3VzVKzZpXG4AKckJK, flags: 2 }), top ask: Some(L3Order { price: 0, size: 657000000000, max_ts: 1770856214, order_id: 5021, kind: Oracle, user: pGr2WpdDowT21MLj7GWNRLduUcdshVqj4AeZbi98Jy1, flags: 1 })
[2026-02-12T00:29:58Z INFO  filler] try uncross book=61,slot=399653037
[2026-02-12T00:29:58Z INFO  filler] {"intent": "limit_uncross", "txn": "4aaJQWTsbM1dweYnnj2W7AjXZHwwWfn5LfancVQBEz6XVRDykq1VeTSiAFTqybsKHGRkES5xJgT7F9QTAYiA4vRx", "observed_slot": 399653037}
[2026-02-12T00:29:58Z INFO  filler] {"intent": "limit_uncross", "txn": "5Lxizkd7E8vtrLEeW2HmrdzqBer4aakzrrru1K8BZXR2b6DP5kJ3B4fUbJiqmKRDjZ69ZFmMfjUmiWgqo52Kee2R", "observed_slot": 399653037}
[2026-02-12T00:29:59Z INFO  filler] found auction crosses. market: 61, prices: [0], CrossesAndTopMakers { top_maker_asks: [CfELWppmk5iNNJ1pbix32X9DzPF1R8z9cqZyuhgScRSe, 6xjDCa6fpehWBQzEdDQW3Gv1kum3VzVKzZpXG4AKckJK, 73kMT9GhAAUgAz5TXoFLqqMtw4jRkn57MCEcoGdLCGxU], top_maker_bids: [6xjDCa6fpehWBQzEdDQW3Gv1kum3VzVKzZpXG4AKckJK], limit_crosses: None, vamm_taker_ask: None, vamm_taker_bid: None, crosses: [(L3Order { price: 0, size: 657000000000, max_ts: 1770856214, order_id: 5021, kind: Oracle, user: pGr2WpdDowT21MLj7GWNRLduUcdshVqj4AeZbi98Jy1, flags: 1 }, MakerCrosses { orders: [(L3Order { price: 116100, size: 37632000000000, max_ts: 0, order_id: 34220773, kind: FloatingLimit, user: 6xjDCa6fpehWBQzEdDQW3Gv1kum3VzVKzZpXG4AKckJK, flags: 2 }, 657000000000)], slot: 399653038, has_vamm_cross: true, is_partial: false, taker_direction: Short })] }
[2026-02-12T00:29:59Z INFO  filler] try fill auction order: L3Order { price: 0, size: 657000000000, max_ts: 1770856214, order_id: 5021, kind: Oracle, user: pGr2WpdDowT21MLj7GWNRLduUcdshVqj4AeZbi98Jy1, flags: 1 }
[2026-02-12T00:29:59Z INFO  filler] skip vamm cross too small: MakerCrosses { orders: [(L3Order { price: 116100, size: 37632000000000, max_ts: 0, order_id: 34220773, kind: FloatingLimit, user: 6xjDCa6fpehWBQzEdDQW3Gv1kum3VzVKzZpXG4AKckJK, flags: 2 }, 657000000000)], slot: 399653038, has_vamm_cross: true, is_partial: false, taker_direction: Short }
[2026-02-12T00:29:59Z INFO  filler] found limit crosses (market: 61), top bid: Some(L3Order { price: 116100, size: 37632000000000, max_ts: 0, order_id: 34220773, kind: FloatingLimit, user: 6xjDCa6fpehWBQzEdDQW3Gv1kum3VzVKzZpXG4AKckJK, flags: 2 }), top ask: Some(L3Order { price: 0, size: 657000000000, max_ts: 1770856214, order_id: 5021, kind: Oracle, user: pGr2WpdDowT21MLj7GWNRLduUcdshVqj4AeZbi98Jy1, flags: 1 })
[2026-02-12T00:29:59Z INFO  filler] try uncross book=61,slot=399653039
[2026-02-12T00:29:59Z INFO  filler] {"intent": "limit_uncross", "txn": "2tbg5SFkdt34co9UvdKZHVC7ZSh9zomBYScmjbAhzYLhBJrnw6ffGPksEg8twaSsNUN2Lk3gAXNzP6CRMnEqnsof", "observed_slot": 399653039}
[2026-02-12T00:29:59Z INFO  filler] {"intent": "limit_uncross", "txn": "rx6UpfSeZWXbvC3PeNP17bP9iEYPT6xuYdVy8qb7T1fN91gABtx8MsZigQ7i33jzVVQiPGeuWHNhpTHsm4QcGKA", "observed_slot": 399653039}
[2026-02-12T00:29:59Z INFO  filler] found auction crosses. market: 61, prices: [0], CrossesAndTopMakers { top_maker_asks: [CfELWppmk5iNNJ1pbix32X9DzPF1R8z9cqZyuhgScRSe, 6xjDCa6fpehWBQzEdDQW3Gv1kum3VzVKzZpXG4AKckJK, 73kMT9GhAAUgAz5TXoFLqqMtw4jRkn57MCEcoGdLCGxU], top_maker_bids: [6xjDCa6fpehWBQzEdDQW3Gv1kum3VzVKzZpXG4AKckJK], limit_crosses: None, vamm_taker_ask: None, vamm_taker_bid: None, crosses: [(L3Order { price: 0, size: 657000000000, max_ts: 1770856214, order_id: 5021, kind: Oracle, user: pGr2WpdDowT21MLj7GWNRLduUcdshVqj4AeZbi98Jy1, flags: 1 }, MakerCrosses { orders: [(L3Order { price: 116100, size: 37632000000000, max_ts: 0, order_id: 34220773, kind: FloatingLimit, user: 6xjDCa6fpehWBQzEdDQW3Gv1kum3VzVKzZpXG4AKckJK, flags: 2 }, 657000000000)], slot: 399653039, has_vamm_cross: true, is_partial: false, taker_direction: Short })] }
[2026-02-12T00:29:59Z INFO  filler] try fill auction order: L3Order { price: 0, size: 657000000000, max_ts: 1770856214, order_id: 5021, kind: Oracle, user: pGr2WpdDowT21MLj7GWNRLduUcdshVqj4AeZbi98Jy1, flags: 1 }
[2026-02-12T00:29:59Z INFO  filler] skip vamm cross too small: MakerCrosses { orders: [(L3Order { price: 116100, size: 37632000000000, max_ts: 0, order_id: 34220773, kind: FloatingLimit, user: 6xjDCa6fpehWBQzEdDQW3Gv1kum3VzVKzZpXG4AKckJK, flags: 2 }, 657000000000)], slot: 399653039, has_vamm_cross: true, is_partial: false, taker_direction: Short }
[2026-02-12T00:30:00Z INFO  filler] found limit crosses (market: 61), top bid: Some(L3Order { price: 116100, size: 37632000000000, max_ts: 0, order_id: 34220773, kind: FloatingLimit, user: 6xjDCa6fpehWBQzEdDQW3Gv1kum3VzVKzZpXG4AKckJK, flags: 2 }), top ask: Some(L3Order { price: 0, size: 657000000000, max_ts: 1770856214, order_id: 5021, kind: Oracle, user: pGr2WpdDowT21MLj7GWNRLduUcdshVqj4AeZbi98Jy1, flags: 1 })
[2026-02-12T00:30:00Z INFO  filler] try uncross book=61,slot=399653041
[2026-02-12T00:30:00Z INFO  filler] {"intent": "limit_uncross", "txn": "rx6UpfSeZWXbvC3PeNP17bP9iEYPT6xuYdVy8qb7T1fN91gABtx8MsZigQ7i33jzVVQiPGeuWHNhpTHsm4QcGKA", "observed_slot": 399653041}
[2026-02-12T00:30:00Z INFO  filler] {"intent": "limit_uncross", "txn": "2tbg5SFkdt34co9UvdKZHVC7ZSh9zomBYScmjbAhzYLhBJrnw6ffGPksEg8twaSsNUN2Lk3gAXNzP6CRMnEqnsof", "observed_slot": 399653041}
[2026-02-12T00:30:00Z INFO  filler] found limit crosses (market: 61), top bid: Some(L3Order { price: 116100, size: 37632000000000, max_ts: 0, order_id: 34220773, kind: FloatingLimit, user: 6xjDCa6fpehWBQzEdDQW3Gv1kum3VzVKzZpXG4AKckJK, flags: 2 }), top ask: Some(L3Order { price: 0, size: 657000000000, max_ts: 1770856214, order_id: 5021, kind: Oracle, user: pGr2WpdDowT21MLj7GWNRLduUcdshVqj4AeZbi98Jy1, flags: 1 })
[2026-02-12T00:30:00Z INFO  filler] try uncross book=61,slot=399653043
[2026-02-12T00:30:00Z INFO  filler] {"intent": "limit_uncross", "txn": "rx6UpfSeZWXbvC3PeNP17bP9iEYPT6xuYdVy8qb7T1fN91gABtx8MsZigQ7i33jzVVQiPGeuWHNhpTHsm4QcGKA", "observed_slot": 399653043}
[2026-02-12T00:30:00Z INFO  filler] {"intent": "limit_uncross", "txn": "2tbg5SFkdt34co9UvdKZHVC7ZSh9zomBYScmjbAhzYLhBJrnw6ffGPksEg8twaSsNUN2Lk3gAXNzP6CRMnEqnsof", "observed_slot": 399653043}
[2026-02-12T00:30:01Z INFO  filler] found auction crosses. market: 61, prices: [0], CrossesAndTopMakers { top_maker_asks: [CfELWppmk5iNNJ1pbix32X9DzPF1R8z9cqZyuhgScRSe, 6xjDCa6fpehWBQzEdDQW3Gv1kum3VzVKzZpXG4AKckJK, 73kMT9GhAAUgAz5TXoFLqqMtw4jRkn57MCEcoGdLCGxU], top_maker_bids: [6xjDCa6fpehWBQzEdDQW3Gv1kum3VzVKzZpXG4AKckJK], limit_crosses: None, vamm_taker_ask: None, vamm_taker_bid: None, crosses: [(L3Order { price: 0, size: 657000000000, max_ts: 1770856214, order_id: 5021, kind: Oracle, user: pGr2WpdDowT21MLj7GWNRLduUcdshVqj4AeZbi98Jy1, flags: 1 }, MakerCrosses { orders: [(L3Order { price: 116100, size: 37632000000000, max_ts: 0, order_id: 34220773, kind: FloatingLimit, user: 6xjDCa6fpehWBQzEdDQW3Gv1kum3VzVKzZpXG4AKckJK, flags: 2 }, 657000000000)], slot: 399653044, has_vamm_cross: true, is_partial: false, taker_direction: Short })] }
[2026-02-12T00:30:01Z INFO  filler] try fill auction order: L3Order { price: 0, size: 657000000000, max_ts: 1770856214, order_id: 5021, kind: Oracle, user: pGr2WpdDowT21MLj7GWNRLduUcdshVqj4AeZbi98Jy1, flags: 1 }
[2026-02-12T00:30:01Z INFO  filler] skip vamm cross too small: MakerCrosses { orders: [(L3Order { price: 116100, size: 37632000000000, max_ts: 0, order_id: 34220773, kind: FloatingLimit, user: 6xjDCa6fpehWBQzEdDQW3Gv1kum3VzVKzZpXG4AKckJK, flags: 2 }, 657000000000)], slot: 399653044, has_vamm_cross: true, is_partial: false, taker_direction: Short }
[2026-02-12T00:30:01Z INFO  filler] found limit crosses (market: 61), top bid: Some(L3Order { price: 116100, size: 37632000000000, max_ts: 0, order_id: 34220773, kind: FloatingLimit, user: 6xjDCa6fpehWBQzEdDQW3Gv1kum3VzVKzZpXG4AKckJK, flags: 2 }), top ask: Some(L3Order { price: 0, size: 657000000000, max_ts: 1770856214, order_id: 5021, kind: Oracle, user: pGr2WpdDowT21MLj7GWNRLduUcdshVqj4AeZbi98Jy1, flags: 1 })
[2026-02-12T00:30:01Z INFO  filler] try uncross book=61,slot=399653045
[2026-02-12T00:30:01Z INFO  filler] {"intent": "limit_uncross", "txn": "5GMjEvx17Akub97n9NYnopnsMLU9YJVtKMMDXtciRRJKcF9gMQJqLyKt1263BVWRpyLFUc2y4afXZfBqzXdRB22W", "observed_slot": 399653045}
[2026-02-12T00:30:01Z INFO  filler] {"intent": "limit_uncross", "txn": "4bxeKheBLSNXppuqxyAEcfXvZyCGucw4TiDdC5Qqp6zUKvouBRgYjjDvXovywPDB5U2HGZv7Ymcynmyp3ebBF9CX", "observed_slot": 399653045}
[2026-02-12T00:30:02Z INFO  filler] found auction crosses. market: 61, prices: [0], CrossesAndTopMakers { top_maker_asks: [CfELWppmk5iNNJ1pbix32X9DzPF1R8z9cqZyuhgScRSe, 6xjDCa6fpehWBQzEdDQW3Gv1kum3VzVKzZpXG4AKckJK, 73kMT9GhAAUgAz5TXoFLqqMtw4jRkn57MCEcoGdLCGxU], top_maker_bids: [6xjDCa6fpehWBQzEdDQW3Gv1kum3VzVKzZpXG4AKckJK], limit_crosses: None, vamm_taker_ask: None, vamm_taker_bid: None, crosses: [(L3Order { price: 0, size: 657000000000, max_ts: 1770856214, order_id: 5021, kind: Oracle, user: pGr2WpdDowT21MLj7GWNRLduUcdshVqj4AeZbi98Jy1, flags: 1 }, MakerCrosses { orders: [(L3Order { price: 116100, size: 37632000000000, max_ts: 0, order_id: 34220773, kind: FloatingLimit, user: 6xjDCa6fpehWBQzEdDQW3Gv1kum3VzVKzZpXG4AKckJK, flags: 2 }, 657000000000)], slot: 399653045, has_vamm_cross: true, is_partial: false, taker_direction: Short })] }
[2026-02-12T00:30:02Z INFO  filler] try fill auction order: L3Order { price: 0, size: 657000000000, max_ts: 1770856214, order_id: 5021, kind: Oracle, user: pGr2WpdDowT21MLj7GWNRLduUcdshVqj4AeZbi98Jy1, flags: 1 }
[2026-02-12T00:30:02Z INFO  filler] skip vamm cross too small: MakerCrosses { orders: [(L3Order { price: 116100, size: 37632000000000, max_ts: 0, order_id: 34220773, kind: FloatingLimit, user: 6xjDCa6fpehWBQzEdDQW3Gv1kum3VzVKzZpXG4AKckJK, flags: 2 }, 657000000000)], slot: 399653045, has_vamm_cross: true, is_partial: false, taker_direction: Short }
[2026-02-12T00:30:02Z INFO  filler] found limit crosses (market: 61), top bid: Some(L3Order { price: 116100, size: 37632000000000, max_ts: 0, order_id: 34220773, kind: FloatingLimit, user: 6xjDCa6fpehWBQzEdDQW3Gv1kum3VzVKzZpXG4AKckJK, flags: 2 }), top ask: Some(L3Order { price: 0, size: 657000000000, max_ts: 1770856214, order_id: 5021, kind: Oracle, user: pGr2WpdDowT21MLj7GWNRLduUcdshVqj4AeZbi98Jy1, flags: 1 })
[2026-02-12T00:30:02Z INFO  filler] try uncross book=61,slot=399653047
[2026-02-12T00:30:02Z INFO  filler] {"intent": "limit_uncross", "txn": "4bxeKheBLSNXppuqxyAEcfXvZyCGucw4TiDdC5Qqp6zUKvouBRgYjjDvXovywPDB5U2HGZv7Ymcynmyp3ebBF9CX", "observed_slot": 399653047}
[2026-02-12T00:30:02Z INFO  filler] {"intent": "limit_uncross", "txn": "5GMjEvx17Akub97n9NYnopnsMLU9YJVtKMMDXtciRRJKcF9gMQJqLyKt1263BVWRpyLFUc2y4afXZfBqzXdRB22W", "observed_slot": 399653047}
[2026-02-12T00:30:03Z INFO  filler] found limit crosses (market: 61), top bid: Some(L3Order { price: 116100, size: 37632000000000, max_ts: 0, order_id: 34220773, kind: FloatingLimit, user: 6xjDCa6fpehWBQzEdDQW3Gv1kum3VzVKzZpXG4AKckJK, flags: 2 }), top ask: Some(L3Order { price: 0, size: 657000000000, max_ts: 1770856214, order_id: 5021, kind: Oracle, user: pGr2WpdDowT21MLj7GWNRLduUcdshVqj4AeZbi98Jy1, flags: 1 })
[2026-02-12T00:30:03Z INFO  filler] try uncross book=61,slot=399653049
[2026-02-12T00:30:03Z INFO  filler] {"intent": "limit_uncross", "txn": "29qgT1FsfgUbX65bYhozNWcg6jxjbot2JzCpbsSfg2KbWmkHyitSuAw1F43pEX3sAxVhL1ecehqZFBSaBKQM72fq", "observed_slot": 399653049}
[2026-02-12T00:30:03Z INFO  filler] {"intent": "limit_uncross", "txn": "cw1Gi6mak4dmhtRA7sRs51reRzz66ofnA77Vfhxt2QZ7akbCLSu25gaAVQWkD7zAfTNQSyjM47pogTyrTQuiDdg", "observed_slot": 399653049}
[2026-02-12T00:30:04Z INFO  filler] found auction crosses. market: 61, prices: [0], CrossesAndTopMakers { top_maker_asks: [CfELWppmk5iNNJ1pbix32X9DzPF1R8z9cqZyuhgScRSe, 6xjDCa6fpehWBQzEdDQW3Gv1kum3VzVKzZpXG4AKckJK, 73kMT9GhAAUgAz5TXoFLqqMtw4jRkn57MCEcoGdLCGxU], top_maker_bids: [6xjDCa6fpehWBQzEdDQW3Gv1kum3VzVKzZpXG4AKckJK], limit_crosses: None, vamm_taker_ask: None, vamm_taker_bid: None, crosses: [(L3Order { price: 0, size: 657000000000, max_ts: 1770856214, order_id: 5021, kind: Oracle, user: pGr2WpdDowT21MLj7GWNRLduUcdshVqj4AeZbi98Jy1, flags: 1 }, MakerCrosses { orders: [(L3Order { price: 116100, size: 37632000000000, max_ts: 0, order_id: 34220773, kind: FloatingLimit, user: 6xjDCa6fpehWBQzEdDQW3Gv1kum3VzVKzZpXG4AKckJK, flags: 2 }, 657000000000)], slot: 399653050, has_vamm_cross: true, is_partial: false, taker_direction: Short })] }
[2026-02-12T00:30:04Z INFO  filler] try fill auction order: L3Order { price: 0, size: 657000000000, max_ts: 1770856214, order_id: 5021, kind: Oracle, user: pGr2WpdDowT21MLj7GWNRLduUcdshVqj4AeZbi98Jy1, flags: 1 }
[2026-02-12T00:30:04Z INFO  filler] skip vamm cross too small: MakerCrosses { orders: [(L3Order { price: 116100, size: 37632000000000, max_ts: 0, order_id: 34220773, kind: FloatingLimit, user: 6xjDCa6fpehWBQzEdDQW3Gv1kum3VzVKzZpXG4AKckJK, flags: 2 }, 657000000000)], slot: 399653050, has_vamm_cross: true, is_partial: false, taker_direction: Short }
[2026-02-12T00:30:04Z INFO  filler] found limit crosses (market: 61), top bid: Some(L3Order { price: 116100, size: 37632000000000, max_ts: 0, order_id: 34220773, kind: FloatingLimit, user: 6xjDCa6fpehWBQzEdDQW3Gv1kum3VzVKzZpXG4AKckJK, flags: 2 }), top ask: Some(L3Order { price: 0, size: 657000000000, max_ts: 1770856214, order_id: 5021, kind: Oracle, user: pGr2WpdDowT21MLj7GWNRLduUcdshVqj4AeZbi98Jy1, flags: 1 })
[2026-02-12T00:30:04Z INFO  filler] try uncross book=61,slot=399653051
[2026-02-12T00:30:04Z INFO  filler] {"intent": "limit_uncross", "txn": "cw1Gi6mak4dmhtRA7sRs51reRzz66ofnA77Vfhxt2QZ7akbCLSu25gaAVQWkD7zAfTNQSyjM47pogTyrTQuiDdg", "observed_slot": 399653051}
[2026-02-12T00:30:04Z INFO  filler] {"intent": "limit_uncross", "txn": "29qgT1FsfgUbX65bYhozNWcg6jxjbot2JzCpbsSfg2KbWmkHyitSuAw1F43pEX3sAxVhL1ecehqZFBSaBKQM72fq", "observed_slot": 399653051}
[2026-02-12T00:30:04Z INFO  filler] found auction crosses. market: 30, prices: [84722], CrossesAndTopMakers { top_maker_asks: [3codT5zuMjVDSkmdKWhFb7DWUp839bQHC7HVehA3bQAH, 82QAVT9Lc4rtaZvLF5984zJTACdQembq4Ma8CWgv4zzd, 3codT5zuMjVDSkmdKWhFb7DWUp839bQHC7HVehA3bQAH], top_maker_bids: [3codT5zuMjVDSkmdKWhFb7DWUp839bQHC7HVehA3bQAH, Mf6b9nCntRQktb2D8u5x4PBRp9wYeHVeiVvWBWQPG5M, 3codT5zuMjVDSkmdKWhFb7DWUp839bQHC7HVehA3bQAH], limit_crosses: None, vamm_taker_ask: None, vamm_taker_bid: None, crosses: [(L3Order { price: 84722, size: 84884000000000, max_ts: 1770856309, order_id: 29967, kind: Oracle, user: HNLDBTt7XoCdzCeK2urSaTsMaKJDs5Le8oMKqwohwYuQ, flags: 0 }, MakerCrosses { orders: [], slot: 399653051, has_vamm_cross: true, is_partial: true, taker_direction: Short })] }
[2026-02-12T00:30:04Z INFO  filler] try fill auction order: L3Order { price: 84722, size: 84884000000000, max_ts: 1770856309, order_id: 29967, kind: Oracle, user: HNLDBTt7XoCdzCeK2urSaTsMaKJDs5Le8oMKqwohwYuQ, flags: 0 }
[2026-02-12T00:30:04Z INFO  filler] skip vamm cross too small: MakerCrosses { orders: [], slot: 399653051, has_vamm_cross: true, is_partial: true, taker_direction: Short }
[2026-02-12T00:30:04Z INFO  filler] found auction crosses. market: 61, prices: [0], CrossesAndTopMakers { top_maker_asks: [CfELWppmk5iNNJ1pbix32X9DzPF1R8z9cqZyuhgScRSe, 6xjDCa6fpehWBQzEdDQW3Gv1kum3VzVKzZpXG4AKckJK, 73kMT9GhAAUgAz5TXoFLqqMtw4jRkn57MCEcoGdLCGxU], top_maker_bids: [6xjDCa6fpehWBQzEdDQW3Gv1kum3VzVKzZpXG4AKckJK], limit_crosses: None, vamm_taker_ask: None, vamm_taker_bid: None, crosses: [(L3Order { price: 0, size: 657000000000, max_ts: 1770856214, order_id: 5021, kind: Oracle, user: pGr2WpdDowT21MLj7GWNRLduUcdshVqj4AeZbi98Jy1, flags: 1 }, MakerCrosses { orders: [(L3Order { price: 116100, size: 37632000000000, max_ts: 0, order_id: 34220773, kind: FloatingLimit, user: 6xjDCa6fpehWBQzEdDQW3Gv1kum3VzVKzZpXG4AKckJK, flags: 2 }, 657000000000)], slot: 399653051, has_vamm_cross: true, is_partial: false, taker_direction: Short })] }
[2026-02-12T00:30:04Z INFO  filler] try fill auction order: L3Order { price: 0, size: 657000000000, max_ts: 1770856214, order_id: 5021, kind: Oracle, user: pGr2WpdDowT21MLj7GWNRLduUcdshVqj4AeZbi98Jy1, flags: 1 }
[2026-02-12T00:30:04Z INFO  filler] skip vamm cross too small: MakerCrosses { orders: [(L3Order { price: 116100, size: 37632000000000, max_ts: 0, order_id: 34220773, kind: FloatingLimit, user: 6xjDCa6fpehWBQzEdDQW3Gv1kum3VzVKzZpXG4AKckJK, flags: 2 }, 657000000000)], slot: 399653051, has_vamm_cross: true, is_partial: false, taker_direction: Short }
[2026-02-12T00:30:05Z INFO  filler] found auction crosses. market: 30, prices: [84727], CrossesAndTopMakers { top_maker_asks: [3codT5zuMjVDSkmdKWhFb7DWUp839bQHC7HVehA3bQAH, 82QAVT9Lc4rtaZvLF5984zJTACdQembq4Ma8CWgv4zzd, 3codT5zuMjVDSkmdKWhFb7DWUp839bQHC7HVehA3bQAH], top_maker_bids: [3codT5zuMjVDSkmdKWhFb7DWUp839bQHC7HVehA3bQAH, Mf6b9nCntRQktb2D8u5x4PBRp9wYeHVeiVvWBWQPG5M, 3codT5zuMjVDSkmdKWhFb7DWUp839bQHC7HVehA3bQAH], limit_crosses: None, vamm_taker_ask: None, vamm_taker_bid: None, crosses: [(L3Order { price: 84727, size: 84884000000000, max_ts: 1770856309, order_id: 29967, kind: Oracle, user: HNLDBTt7XoCdzCeK2urSaTsMaKJDs5Le8oMKqwohwYuQ, flags: 0 }, MakerCrosses { orders: [], slot: 399653052, has_vamm_cross: true, is_partial: true, taker_direction: Short })] }
[2026-02-12T00:30:05Z INFO  filler] try fill auction order: L3Order { price: 84727, size: 84884000000000, max_ts: 1770856309, order_id: 29967, kind: Oracle, user: HNLDBTt7XoCdzCeK2urSaTsMaKJDs5Le8oMKqwohwYuQ, flags: 0 }
[2026-02-12T00:30:05Z INFO  filler] skip vamm cross too small: MakerCrosses { orders: [], slot: 399653052, has_vamm_cross: true, is_partial: true, taker_direction: Short }
[2026-02-12T00:30:05Z INFO  filler] found limit crosses (market: 61), top bid: Some(L3Order { price: 116100, size: 37632000000000, max_ts: 0, order_id: 34220773, kind: FloatingLimit, user: 6xjDCa6fpehWBQzEdDQW3Gv1kum3VzVKzZpXG4AKckJK, flags: 2 }), top ask: Some(L3Order { price: 0, size: 657000000000, max_ts: 1770856214, order_id: 5021, kind: Oracle, user: pGr2WpdDowT21MLj7GWNRLduUcdshVqj4AeZbi98Jy1, flags: 1 })
[2026-02-12T00:30:05Z INFO  filler] try uncross book=61,slot=399653053
[2026-02-12T00:30:05Z INFO  filler] {"intent": "limit_uncross", "txn": "29qgT1FsfgUbX65bYhozNWcg6jxjbot2JzCpbsSfg2KbWmkHyitSuAw1F43pEX3sAxVhL1ecehqZFBSaBKQM72fq", "observed_slot": 399653053}
[2026-02-12T00:30:05Z INFO  filler] {"intent": "limit_uncross", "txn": "cw1Gi6mak4dmhtRA7sRs51reRzz66ofnA77Vfhxt2QZ7akbCLSu25gaAVQWkD7zAfTNQSyjM47pogTyrTQuiDdg", "observed_slot": 399653053}
[2026-02-12T00:30:05Z INFO  filler] found limit crosses (market: 61), top bid: Some(L3Order { price: 116100, size: 37632000000000, max_ts: 0, order_id: 34220773, kind: FloatingLimit, user: 6xjDCa6fpehWBQzEdDQW3Gv1kum3VzVKzZpXG4AKckJK, flags: 2 }), top ask: Some(L3Order { price: 0, size: 657000000000, max_ts: 1770856214, order_id: 5021, kind: Oracle, user: pGr2WpdDowT21MLj7GWNRLduUcdshVqj4AeZbi98Jy1, flags: 1 })
[2026-02-12T00:30:05Z INFO  filler] try uncross book=61,slot=399653055
[2026-02-12T00:30:06Z INFO  filler] {"intent": "limit_uncross", "txn": "5JDQv6kC8ecu9SAX3RJMzxkgBdp6qhpCcLpYeQGrgXqWpUfCbw5AJUAbmEDUBFnmyjUWDcZRHht7ybUMBBMa91SL", "observed_slot": 399653055}
[2026-02-12T00:30:06Z INFO  filler] {"intent": "limit_uncross", "txn": "4A2R3YiDhnM6WacUn8mU69s3PYRNk8aQ16ANYsAqyT2eKidSPGHkHMsKnE5nAqBTxbpzoydtjsXHkD9g7SU2ahgy", "observed_slot": 399653055}
[2026-02-12T00:30:06Z INFO  filler] found auction crosses. market: 61, prices: [0], CrossesAndTopMakers { top_maker_asks: [CfELWppmk5iNNJ1pbix32X9DzPF1R8z9cqZyuhgScRSe, 6xjDCa6fpehWBQzEdDQW3Gv1kum3VzVKzZpXG4AKckJK, 73kMT9GhAAUgAz5TXoFLqqMtw4jRkn57MCEcoGdLCGxU], top_maker_bids: [6xjDCa6fpehWBQzEdDQW3Gv1kum3VzVKzZpXG4AKckJK], limit_crosses: None, vamm_taker_ask: None, vamm_taker_bid: None, crosses: [(L3Order { price: 0, size: 657000000000, max_ts: 1770856214, order_id: 5021, kind: Oracle, user: pGr2WpdDowT21MLj7GWNRLduUcdshVqj4AeZbi98Jy1, flags: 1 }, MakerCrosses { orders: [(L3Order { price: 116100, size: 37632000000000, max_ts: 0, order_id: 34220773, kind: FloatingLimit, user: 6xjDCa6fpehWBQzEdDQW3Gv1kum3VzVKzZpXG4AKckJK, flags: 2 }, 657000000000)], slot: 399653056, has_vamm_cross: true, is_partial: false, taker_direction: Short })] }
[2026-02-12T00:30:06Z INFO  filler] try fill auction order: L3Order { price: 0, size: 657000000000, max_ts: 1770856214, order_id: 5021, kind: Oracle, user: pGr2WpdDowT21MLj7GWNRLduUcdshVqj4AeZbi98Jy1, flags: 1 }
[2026-02-12T00:30:06Z INFO  filler] skip vamm cross too small: MakerCrosses { orders: [(L3Order { price: 116100, size: 37632000000000, max_ts: 0, order_id: 34220773, kind: FloatingLimit, user: 6xjDCa6fpehWBQzEdDQW3Gv1kum3VzVKzZpXG4AKckJK, flags: 2 }, 657000000000)], slot: 399653056, has_vamm_cross: true, is_partial: false, taker_direction: Short }
[2026-02-12T00:30:06Z INFO  filler] found limit crosses (market: 61), top bid: Some(L3Order { price: 116100, size: 37632000000000, max_ts: 0, order_id: 34220773, kind: FloatingLimit, user: 6xjDCa6fpehWBQzEdDQW3Gv1kum3VzVKzZpXG4AKckJK, flags: 2 }), top ask: Some(L3Order { price: 0, size: 657000000000, max_ts: 1770856214, order_id: 5021, kind: Oracle, user: pGr2WpdDowT21MLj7GWNRLduUcdshVqj4AeZbi98Jy1, flags: 1 })
[2026-02-12T00:30:06Z INFO  filler] try uncross book=61,slot=399653057
[2026-02-12T00:30:07Z INFO  filler] {"intent": "limit_uncross", "txn": "5JDQv6kC8ecu9SAX3RJMzxkgBdp6qhpCcLpYeQGrgXqWpUfCbw5AJUAbmEDUBFnmyjUWDcZRHht7ybUMBBMa91SL", "observed_slot": 399653057}
[2026-02-12T00:30:07Z INFO  filler] {"intent": "limit_uncross", "txn": "4A2R3YiDhnM6WacUn8mU69s3PYRNk8aQ16ANYsAqyT2eKidSPGHkHMsKnE5nAqBTxbpzoydtjsXHkD9g7SU2ahgy", "observed_slot": 399653057}
[2026-02-12T00:30:07Z INFO  filler] found auction crosses. market: 30, prices: [84722], CrossesAndTopMakers { top_maker_asks: [3codT5zuMjVDSkmdKWhFb7DWUp839bQHC7HVehA3bQAH, 82QAVT9Lc4rtaZvLF5984zJTACdQembq4Ma8CWgv4zzd, 3codT5zuMjVDSkmdKWhFb7DWUp839bQHC7HVehA3bQAH], top_maker_bids: [3codT5zuMjVDSkmdKWhFb7DWUp839bQHC7HVehA3bQAH, Mf6b9nCntRQktb2D8u5x4PBRp9wYeHVeiVvWBWQPG5M, 3codT5zuMjVDSkmdKWhFb7DWUp839bQHC7HVehA3bQAH], limit_crosses: None, vamm_taker_ask: None, vamm_taker_bid: None, crosses: [(L3Order { price: 84722, size: 84884000000000, max_ts: 1770856309, order_id: 29967, kind: Oracle, user: HNLDBTt7XoCdzCeK2urSaTsMaKJDs5Le8oMKqwohwYuQ, flags: 0 }, MakerCrosses { orders: [], slot: 399653057, has_vamm_cross: true, is_partial: true, taker_direction: Short })] }
[2026-02-12T00:30:07Z INFO  filler] try fill auction order: L3Order { price: 84722, size: 84884000000000, max_ts: 1770856309, order_id: 29967, kind: Oracle, user: HNLDBTt7XoCdzCeK2urSaTsMaKJDs5Le8oMKqwohwYuQ, flags: 0 }
[2026-02-12T00:30:07Z INFO  filler] skip vamm cross too small: MakerCrosses { orders: [], slot: 399653057, has_vamm_cross: true, is_partial: true, taker_direction: Short }
[2026-02-12T00:30:07Z INFO  filler] found auction crosses. market: 61, prices: [0], CrossesAndTopMakers { top_maker_asks: [CfELWppmk5iNNJ1pbix32X9DzPF1R8z9cqZyuhgScRSe, 6xjDCa6fpehWBQzEdDQW3Gv1kum3VzVKzZpXG4AKckJK, 73kMT9GhAAUgAz5TXoFLqqMtw4jRkn57MCEcoGdLCGxU], top_maker_bids: [6xjDCa6fpehWBQzEdDQW3Gv1kum3VzVKzZpXG4AKckJK], limit_crosses: None, vamm_taker_ask: None, vamm_taker_bid: None, crosses: [(L3Order { price: 0, size: 657000000000, max_ts: 1770856214, order_id: 5021, kind: Oracle, user: pGr2WpdDowT21MLj7GWNRLduUcdshVqj4AeZbi98Jy1, flags: 1 }, MakerCrosses { orders: [(L3Order { price: 116100, size: 37632000000000, max_ts: 0, order_id: 34220773, kind: FloatingLimit, user: 6xjDCa6fpehWBQzEdDQW3Gv1kum3VzVKzZpXG4AKckJK, flags: 2 }, 657000000000)], slot: 399653057, has_vamm_cross: true, is_partial: false, taker_direction: Short })] }
[2026-02-12T00:30:07Z INFO  filler] try fill auction order: L3Order { price: 0, size: 657000000000, max_ts: 1770856214, order_id: 5021, kind: Oracle, user: pGr2WpdDowT21MLj7GWNRLduUcdshVqj4AeZbi98Jy1, flags: 1 }
[2026-02-12T00:30:07Z INFO  filler] skip vamm cross too small: MakerCrosses { orders: [(L3Order { price: 116100, size: 37632000000000, max_ts: 0, order_id: 34220773, kind: FloatingLimit, user: 6xjDCa6fpehWBQzEdDQW3Gv1kum3VzVKzZpXG4AKckJK, flags: 2 }, 657000000000)], slot: 399653057, has_vamm_cross: true, is_partial: false, taker_direction: Short }
[2026-02-12T00:30:07Z INFO  filler] found auction crosses. market: 30, prices: [84727], CrossesAndTopMakers { top_maker_asks: [3codT5zuMjVDSkmdKWhFb7DWUp839bQHC7HVehA3bQAH, 82QAVT9Lc4rtaZvLF5984zJTACdQembq4Ma8CWgv4zzd, 3codT5zuMjVDSkmdKWhFb7DWUp839bQHC7HVehA3bQAH], top_maker_bids: [3codT5zuMjVDSkmdKWhFb7DWUp839bQHC7HVehA3bQAH, Mf6b9nCntRQktb2D8u5x4PBRp9wYeHVeiVvWBWQPG5M, 3codT5zuMjVDSkmdKWhFb7DWUp839bQHC7HVehA3bQAH], limit_crosses: None, vamm_taker_ask: None, vamm_taker_bid: None, crosses: [(L3Order { price: 84727, size: 84884000000000, max_ts: 1770856309, order_id: 29967, kind: Oracle, user: HNLDBTt7XoCdzCeK2urSaTsMaKJDs5Le8oMKqwohwYuQ, flags: 0 }, MakerCrosses { orders: [], slot: 399653058, has_vamm_cross: true, is_partial: true, taker_direction: Short })] }
[2026-02-12T00:30:07Z INFO  filler] try fill auction order: L3Order { price: 84727, size: 84884000000000, max_ts: 1770856309, order_id: 29967, kind: Oracle, user: HNLDBTt7XoCdzCeK2urSaTsMaKJDs5Le8oMKqwohwYuQ, flags: 0 }
[2026-02-12T00:30:07Z INFO  filler] skip vamm cross too small: MakerCrosses { orders: [], slot: 399653058, has_vamm_cross: true, is_partial: true, taker_direction: Short }
[2026-02-12T00:30:07Z INFO  filler] found limit crosses (market: 61), top bid: Some(L3Order { price: 116100, size: 37632000000000, max_ts: 0, order_id: 34220773, kind: FloatingLimit, user: 6xjDCa6fpehWBQzEdDQW3Gv1kum3VzVKzZpXG4AKckJK, flags: 2 }), top ask: Some(L3Order { price: 0, size: 657000000000, max_ts: 1770856214, order_id: 5021, kind: Oracle, user: pGr2WpdDowT21MLj7GWNRLduUcdshVqj4AeZbi98Jy1, flags: 1 })
[2026-02-12T00:30:07Z INFO  filler] try uncross book=61,slot=399653059
[2026-02-12T00:30:07Z INFO  filler] {"intent": "limit_uncross", "txn": "3djbXfJgjePH8ooEtP9DTMJUzcHV9sLuvE4Z6LCmsLzPeFazfpZNUfZ1UbC4t7Meav3FU54A4fxhSB6MNYNxkb46", "observed_slot": 399653059}
[2026-02-12T00:30:07Z INFO  filler] {"intent": "limit_uncross", "txn": "3b9iiuNuEKsvVR3L4bvCJRx5AkUrWN9Z4JAe62ohcUFPfnX6cUZWocP45zPvJBsA4UWWd9iPdnJHZfVw43Xxwevx", "observed_slot": 399653059}
[2026-02-12T00:30:08Z INFO  filler] found limit crosses (market: 61), top bid: Some(L3Order { price: 116100, size: 37632000000000, max_ts: 0, order_id: 34220773, kind: FloatingLimit, user: 6xjDCa6fpehWBQzEdDQW3Gv1kum3VzVKzZpXG4AKckJK, flags: 2 }), top ask: Some(L3Order { price: 0, size: 657000000000, max_ts: 1770856214, order_id: 5021, kind: Oracle, user: pGr2WpdDowT21MLj7GWNRLduUcdshVqj4AeZbi98Jy1, flags: 1 })
[2026-02-12T00:30:08Z INFO  filler] try uncross book=61,slot=399653061
[2026-02-12T00:30:08Z INFO  filler] {"intent": "limit_uncross", "txn": "3djbXfJgjePH8ooEtP9DTMJUzcHV9sLuvE4Z6LCmsLzPeFazfpZNUfZ1UbC4t7Meav3FU54A4fxhSB6MNYNxkb46", "observed_slot": 399653061}
[2026-02-12T00:30:08Z INFO  filler] {"intent": "limit_uncross", "txn": "3b9iiuNuEKsvVR3L4bvCJRx5AkUrWN9Z4JAe62ohcUFPfnX6cUZWocP45zPvJBsA4UWWd9iPdnJHZfVw43Xxwevx", "observed_slot": 399653061}
[2026-02-12T00:30:09Z INFO  filler] found auction crosses. market: 61, prices: [0], CrossesAndTopMakers { top_maker_asks: [CfELWppmk5iNNJ1pbix32X9DzPF1R8z9cqZyuhgScRSe, 6xjDCa6fpehWBQzEdDQW3Gv1kum3VzVKzZpXG4AKckJK, 73kMT9GhAAUgAz5TXoFLqqMtw4jRkn57MCEcoGdLCGxU], top_maker_bids: [6xjDCa6fpehWBQzEdDQW3Gv1kum3VzVKzZpXG4AKckJK], limit_crosses: None, vamm_taker_ask: None, vamm_taker_bid: None, crosses: [(L3Order { price: 0, size: 657000000000, max_ts: 1770856214, order_id: 5021, kind: Oracle, user: pGr2WpdDowT21MLj7GWNRLduUcdshVqj4AeZbi98Jy1, flags: 1 }, MakerCrosses { orders: [(L3Order { price: 116100, size: 37632000000000, max_ts: 0, order_id: 34220773, kind: FloatingLimit, user: 6xjDCa6fpehWBQzEdDQW3Gv1kum3VzVKzZpXG4AKckJK, flags: 2 }, 657000000000)], slot: 399653062, has_vamm_cross: true, is_partial: false, taker_direction: Short })] }
[2026-02-12T00:30:09Z INFO  filler] try fill auction order: L3Order { price: 0, size: 657000000000, max_ts: 1770856214, order_id: 5021, kind: Oracle, user: pGr2WpdDowT21MLj7GWNRLduUcdshVqj4AeZbi98Jy1, flags: 1 }
[2026-02-12T00:30:09Z INFO  filler] skip vamm cross too small: MakerCrosses { orders: [(L3Order { price: 116100, size: 37632000000000, max_ts: 0, order_id: 34220773, kind: FloatingLimit, user: 6xjDCa6fpehWBQzEdDQW3Gv1kum3VzVKzZpXG4AKckJK, flags: 2 }, 657000000000)], slot: 399653062, has_vamm_cross: true, is_partial: false, taker_direction: Short }
[2026-02-12T00:30:09Z INFO  filler] found limit crosses (market: 61), top bid: Some(L3Order { price: 116100, size: 37632000000000, max_ts: 0, order_id: 34220773, kind: FloatingLimit, user: 6xjDCa6fpehWBQzEdDQW3Gv1kum3VzVKzZpXG4AKckJK, flags: 2 }), top ask: Some(L3Order { price: 0, size: 657000000000, max_ts: 1770856214, order_id: 5021, kind: Oracle, user: pGr2WpdDowT21MLj7GWNRLduUcdshVqj4AeZbi98Jy1, flags: 1 })
[2026-02-12T00:30:09Z INFO  filler] try uncross book=61,slot=399653063
[2026-02-12T00:30:09Z INFO  filler] {"intent": "limit_uncross", "txn": "265EwQajWbVNvrqF65o9Sqk2pA15i1Wd9SegHpWeZcrQYtPHZSzYn5WjVeccz6YSpKA11pLojcNe87VADdDkNVaX", "observed_slot": 399653063}
[2026-02-12T00:30:09Z INFO  filler] {"intent": "limit_uncross", "txn": "4cMTJgqcbMSvqg5ghVth2SPDX1F5xp3bhxpFWYeGt43xwBCd1SYJW6qyYFg9wWg2UaN5zGJsgCxjZ8zq5NBMASdo", "observed_slot": 399653063}
[2026-02-12T00:30:09Z INFO  filler] found auction crosses. market: 30, prices: [84727], CrossesAndTopMakers { top_maker_asks: [3codT5zuMjVDSkmdKWhFb7DWUp839bQHC7HVehA3bQAH, 82QAVT9Lc4rtaZvLF5984zJTACdQembq4Ma8CWgv4zzd, 3codT5zuMjVDSkmdKWhFb7DWUp839bQHC7HVehA3bQAH], top_maker_bids: [3codT5zuMjVDSkmdKWhFb7DWUp839bQHC7HVehA3bQAH, Mf6b9nCntRQktb2D8u5x4PBRp9wYeHVeiVvWBWQPG5M, 3codT5zuMjVDSkmdKWhFb7DWUp839bQHC7HVehA3bQAH], limit_crosses: None, vamm_taker_ask: None, vamm_taker_bid: None, crosses: [(L3Order { price: 84727, size: 84884000000000, max_ts: 1770856309, order_id: 29967, kind: Oracle, user: HNLDBTt7XoCdzCeK2urSaTsMaKJDs5Le8oMKqwohwYuQ, flags: 0 }, MakerCrosses { orders: [], slot: 399653063, has_vamm_cross: true, is_partial: true, taker_direction: Short })] }
[2026-02-12T00:30:09Z INFO  filler] try fill auction order: L3Order { price: 84727, size: 84884000000000, max_ts: 1770856309, order_id: 29967, kind: Oracle, user: HNLDBTt7XoCdzCeK2urSaTsMaKJDs5Le8oMKqwohwYuQ, flags: 0 }
[2026-02-12T00:30:09Z INFO  filler] skip vamm cross too small: MakerCrosses { orders: [], slot: 399653063, has_vamm_cross: true, is_partial: true, taker_direction: Short }
[2026-02-12T00:30:09Z INFO  filler] found auction crosses. market: 61, prices: [0], CrossesAndTopMakers { top_maker_asks: [CfELWppmk5iNNJ1pbix32X9DzPF1R8z9cqZyuhgScRSe, 6xjDCa6fpehWBQzEdDQW3Gv1kum3VzVKzZpXG4AKckJK, 73kMT9GhAAUgAz5TXoFLqqMtw4jRkn57MCEcoGdLCGxU], top_maker_bids: [6xjDCa6fpehWBQzEdDQW3Gv1kum3VzVKzZpXG4AKckJK], limit_crosses: None, vamm_taker_ask: None, vamm_taker_bid: None, crosses: [(L3Order { price: 0, size: 657000000000, max_ts: 1770856214, order_id: 5021, kind: Oracle, user: pGr2WpdDowT21MLj7GWNRLduUcdshVqj4AeZbi98Jy1, flags: 1 }, MakerCrosses { orders: [(L3Order { price: 116100, size: 37632000000000, max_ts: 0, order_id: 34220773, kind: FloatingLimit, user: 6xjDCa6fpehWBQzEdDQW3Gv1kum3VzVKzZpXG4AKckJK, flags: 2 }, 657000000000)], slot: 399653063, has_vamm_cross: true, is_partial: false, taker_direction: Short })] }
[2026-02-12T00:30:09Z INFO  filler] try fill auction order: L3Order { price: 0, size: 657000000000, max_ts: 1770856214, order_id: 5021, kind: Oracle, user: pGr2WpdDowT21MLj7GWNRLduUcdshVqj4AeZbi98Jy1, flags: 1 }
[2026-02-12T00:30:09Z INFO  filler] skip vamm cross too small: MakerCrosses { orders: [(L3Order { price: 116100, size: 37632000000000, max_ts: 0, order_id: 34220773, kind: FloatingLimit, user: 6xjDCa6fpehWBQzEdDQW3Gv1kum3VzVKzZpXG4AKckJK, flags: 2 }, 657000000000)], slot: 399653063, has_vamm_cross: true, is_partial: false, taker_direction: Short }
[2026-02-12T00:30:09Z INFO  filler] found auction crosses. market: 30, prices: [84727], CrossesAndTopMakers { top_maker_asks: [3codT5zuMjVDSkmdKWhFb7DWUp839bQHC7HVehA3bQAH, 82QAVT9Lc4rtaZvLF5984zJTACdQembq4Ma8CWgv4zzd, 3codT5zuMjVDSkmdKWhFb7DWUp839bQHC7HVehA3bQAH], top_maker_bids: [3codT5zuMjVDSkmdKWhFb7DWUp839bQHC7HVehA3bQAH, Mf6b9nCntRQktb2D8u5x4PBRp9wYeHVeiVvWBWQPG5M, 3codT5zuMjVDSkmdKWhFb7DWUp839bQHC7HVehA3bQAH], limit_crosses: None, vamm_taker_ask: None, vamm_taker_bid: None, crosses: [(L3Order { price: 84727, size: 84884000000000, max_ts: 1770856309, order_id: 29967, kind: Oracle, user: HNLDBTt7XoCdzCeK2urSaTsMaKJDs5Le8oMKqwohwYuQ, flags: 0 }, MakerCrosses { orders: [], slot: 399653064, has_vamm_cross: true, is_partial: true, taker_direction: Short })] }
[2026-02-12T00:30:09Z INFO  filler] try fill auction order: L3Order { price: 84727, size: 84884000000000, max_ts: 1770856309, order_id: 29967, kind: Oracle, user: HNLDBTt7XoCdzCeK2urSaTsMaKJDs5Le8oMKqwohwYuQ, flags: 0 }
[2026-02-12T00:30:09Z INFO  filler] skip vamm cross too small: MakerCrosses { orders: [], slot: 399653064, has_vamm_cross: true, is_partial: true, taker_direction: Short }
[2026-02-12T00:30:09Z INFO  filler] found limit crosses (market: 61), top bid: Some(L3Order { price: 116100, size: 37632000000000, max_ts: 0, order_id: 34220773, kind: FloatingLimit, user: 6xjDCa6fpehWBQzEdDQW3Gv1kum3VzVKzZpXG4AKckJK, flags: 2 }), top ask: Some(L3Order { price: 0, size: 657000000000, max_ts: 1770856214, order_id: 5021, kind: Oracle, user: pGr2WpdDowT21MLj7GWNRLduUcdshVqj4AeZbi98Jy1, flags: 1 })
[2026-02-12T00:30:09Z INFO  filler] try uncross book=61,slot=399653065
[2026-02-12T00:30:09Z INFO  filler] {"intent": "limit_uncross", "txn": "4cMTJgqcbMSvqg5ghVth2SPDX1F5xp3bhxpFWYeGt43xwBCd1SYJW6qyYFg9wWg2UaN5zGJsgCxjZ8zq5NBMASdo", "observed_slot": 399653065}
[2026-02-12T00:30:09Z INFO  filler] {"intent": "limit_uncross", "txn": "265EwQajWbVNvrqF65o9Sqk2pA15i1Wd9SegHpWeZcrQYtPHZSzYn5WjVeccz6YSpKA11pLojcNe87VADdDkNVaX", "observed_slot": 399653065}
[2026-02-12T00:30:10Z INFO  filler] found limit crosses (market: 61), top bid: Some(L3Order { price: 116100, size: 37632000000000, max_ts: 0, order_id: 34220773, kind: FloatingLimit, user: 6xjDCa6fpehWBQzEdDQW3Gv1kum3VzVKzZpXG4AKckJK, flags: 2 }), top ask: Some(L3Order { price: 0, size: 657000000000, max_ts: 1770856214, order_id: 5021, kind: Oracle, user: pGr2WpdDowT21MLj7GWNRLduUcdshVqj4AeZbi98Jy1, flags: 1 })
[2026-02-12T00:30:10Z INFO  filler] try uncross book=61,slot=399653067
[2026-02-12T00:30:10Z INFO  filler] {"intent": "limit_uncross", "txn": "265EwQajWbVNvrqF65o9Sqk2pA15i1Wd9SegHpWeZcrQYtPHZSzYn5WjVeccz6YSpKA11pLojcNe87VADdDkNVaX", "observed_slot": 399653067}
[2026-02-12T00:30:10Z INFO  filler] {"intent": "limit_uncross", "txn": "4cMTJgqcbMSvqg5ghVth2SPDX1F5xp3bhxpFWYeGt43xwBCd1SYJW6qyYFg9wWg2UaN5zGJsgCxjZ8zq5NBMASdo", "observed_slot": 399653067}
[2026-02-12T00:30:11Z INFO  filler] found auction crosses. market: 61, prices: [0], CrossesAndTopMakers { top_maker_asks: [CfELWppmk5iNNJ1pbix32X9DzPF1R8z9cqZyuhgScRSe, 6xjDCa6fpehWBQzEdDQW3Gv1kum3VzVKzZpXG4AKckJK, 73kMT9GhAAUgAz5TXoFLqqMtw4jRkn57MCEcoGdLCGxU], top_maker_bids: [6xjDCa6fpehWBQzEdDQW3Gv1kum3VzVKzZpXG4AKckJK], limit_crosses: None, vamm_taker_ask: None, vamm_taker_bid: None, crosses: [(L3Order { price: 0, size: 657000000000, max_ts: 1770856214, order_id: 5021, kind: Oracle, user: pGr2WpdDowT21MLj7GWNRLduUcdshVqj4AeZbi98Jy1, flags: 1 }, MakerCrosses { orders: [(L3Order { price: 116100, size: 37632000000000, max_ts: 0, order_id: 34220773, kind: FloatingLimit, user: 6xjDCa6fpehWBQzEdDQW3Gv1kum3VzVKzZpXG4AKckJK, flags: 2 }, 657000000000)], slot: 399653068, has_vamm_cross: true, is_partial: false, taker_direction: Short })] }
[2026-02-12T00:30:11Z INFO  filler] try fill auction order: L3Order { price: 0, size: 657000000000, max_ts: 1770856214, order_id: 5021, kind: Oracle, user: pGr2WpdDowT21MLj7GWNRLduUcdshVqj4AeZbi98Jy1, flags: 1 }
[2026-02-12T00:30:11Z INFO  filler] skip vamm cross too small: MakerCrosses { orders: [(L3Order { price: 116100, size: 37632000000000, max_ts: 0, order_id: 34220773, kind: FloatingLimit, user: 6xjDCa6fpehWBQzEdDQW3Gv1kum3VzVKzZpXG4AKckJK, flags: 2 }, 657000000000)], slot: 399653068, has_vamm_cross: true, is_partial: false, taker_direction: Short }
[2026-02-12T00:30:11Z INFO  filler] found limit crosses (market: 61), top bid: Some(L3Order { price: 116100, size: 37632000000000, max_ts: 0, order_id: 34220773, kind: FloatingLimit, user: 6xjDCa6fpehWBQzEdDQW3Gv1kum3VzVKzZpXG4AKckJK, flags: 2 }), top ask: Some(L3Order { price: 0, size: 657000000000, max_ts: 1770856214, order_id: 5021, kind: Oracle, user: pGr2WpdDowT21MLj7GWNRLduUcdshVqj4AeZbi98Jy1, flags: 1 })
[2026-02-12T00:30:11Z INFO  filler] try uncross book=61,slot=399653069
[2026-02-12T00:30:11Z INFO  filler] {"intent": "limit_uncross", "txn": "4nUgBfXWWEt3386AWQPnTCksuQtGDthy81z4VNya8FW8peWNzr9HhoHS9p93r3s6n6B39RBbhnGZQrRrDsNcRN39", "observed_slot": 399653069}
[2026-02-12T00:30:11Z INFO  filler] {"intent": "limit_uncross", "txn": "2HFejb9Tkn9ThcrnkiThXCJeZc7426zUfpHAPuRSyxJSXyAuxGGxYMiLrQoeg7aj3j6GAeuZvC6mmS8oxHhR51Zi", "observed_slot": 399653069}
[2026-02-12T00:30:11Z INFO  filler] found auction crosses. market: 30, prices: [84728], CrossesAndTopMakers { top_maker_asks: [3codT5zuMjVDSkmdKWhFb7DWUp839bQHC7HVehA3bQAH, 82QAVT9Lc4rtaZvLF5984zJTACdQembq4Ma8CWgv4zzd, 3codT5zuMjVDSkmdKWhFb7DWUp839bQHC7HVehA3bQAH], top_maker_bids: [3codT5zuMjVDSkmdKWhFb7DWUp839bQHC7HVehA3bQAH, Mf6b9nCntRQktb2D8u5x4PBRp9wYeHVeiVvWBWQPG5M, 3codT5zuMjVDSkmdKWhFb7DWUp839bQHC7HVehA3bQAH], limit_crosses: None, vamm_taker_ask: None, vamm_taker_bid: None, crosses: [(L3Order { price: 84728, size: 84884000000000, max_ts: 1770856309, order_id: 29967, kind: Oracle, user: HNLDBTt7XoCdzCeK2urSaTsMaKJDs5Le8oMKqwohwYuQ, flags: 0 }, MakerCrosses { orders: [], slot: 399653069, has_vamm_cross: true, is_partial: true, taker_direction: Short })] }
[2026-02-12T00:30:11Z INFO  filler] try fill auction order: L3Order { price: 84728, size: 84884000000000, max_ts: 1770856309, order_id: 29967, kind: Oracle, user: HNLDBTt7XoCdzCeK2urSaTsMaKJDs5Le8oMKqwohwYuQ, flags: 0 }
[2026-02-12T00:30:11Z INFO  filler] skip vamm cross too small: MakerCrosses { orders: [], slot: 399653069, has_vamm_cross: true, is_partial: true, taker_direction: Short }
[2026-02-12T00:30:11Z INFO  filler] found auction crosses. market: 61, prices: [0], CrossesAndTopMakers { top_maker_asks: [CfELWppmk5iNNJ1pbix32X9DzPF1R8z9cqZyuhgScRSe, 6xjDCa6fpehWBQzEdDQW3Gv1kum3VzVKzZpXG4AKckJK, 73kMT9GhAAUgAz5TXoFLqqMtw4jRkn57MCEcoGdLCGxU], top_maker_bids: [6xjDCa6fpehWBQzEdDQW3Gv1kum3VzVKzZpXG4AKckJK], limit_crosses: None, vamm_taker_ask: None, vamm_taker_bid: None, crosses: [(L3Order { price: 0, size: 657000000000, max_ts: 1770856214, order_id: 5021, kind: Oracle, user: pGr2WpdDowT21MLj7GWNRLduUcdshVqj4AeZbi98Jy1, flags: 1 }, MakerCrosses { orders: [(L3Order { price: 116100, size: 37632000000000, max_ts: 0, order_id: 34220773, kind: FloatingLimit, user: 6xjDCa6fpehWBQzEdDQW3Gv1kum3VzVKzZpXG4AKckJK, flags: 2 }, 657000000000)], slot: 399653069, has_vamm_cross: true, is_partial: false, taker_direction: Short })] }
[2026-02-12T00:30:11Z INFO  filler] try fill auction order: L3Order { price: 0, size: 657000000000, max_ts: 1770856214, order_id: 5021, kind: Oracle, user: pGr2WpdDowT21MLj7GWNRLduUcdshVqj4AeZbi98Jy1, flags: 1 }
[2026-02-12T00:30:11Z INFO  filler] skip vamm cross too small: MakerCrosses { orders: [(L3Order { price: 116100, size: 37632000000000, max_ts: 0, order_id: 34220773, kind: FloatingLimit, user: 6xjDCa6fpehWBQzEdDQW3Gv1kum3VzVKzZpXG4AKckJK, flags: 2 }, 657000000000)], slot: 399653069, has_vamm_cross: true, is_partial: false, taker_direction: Short }
[2026-02-12T00:30:12Z INFO  filler] found auction crosses. market: 30, prices: [84728], CrossesAndTopMakers { top_maker_asks: [3codT5zuMjVDSkmdKWhFb7DWUp839bQHC7HVehA3bQAH, 82QAVT9Lc4rtaZvLF5984zJTACdQembq4Ma8CWgv4zzd, 3codT5zuMjVDSkmdKWhFb7DWUp839bQHC7HVehA3bQAH], top_maker_bids: [3codT5zuMjVDSkmdKWhFb7DWUp839bQHC7HVehA3bQAH, Mf6b9nCntRQktb2D8u5x4PBRp9wYeHVeiVvWBWQPG5M, 3codT5zuMjVDSkmdKWhFb7DWUp839bQHC7HVehA3bQAH], limit_crosses: None, vamm_taker_ask: None, vamm_taker_bid: None, crosses: [(L3Order { price: 84728, size: 84884000000000, max_ts: 1770856309, order_id: 29967, kind: Oracle, user: HNLDBTt7XoCdzCeK2urSaTsMaKJDs5Le8oMKqwohwYuQ, flags: 0 }, MakerCrosses { orders: [], slot: 399653070, has_vamm_cross: true, is_partial: true, taker_direction: Short })] }
[2026-02-12T00:30:12Z INFO  filler] try fill auction order: L3Order { price: 84728, size: 84884000000000, max_ts: 1770856309, order_id: 29967, kind: Oracle, user: HNLDBTt7XoCdzCeK2urSaTsMaKJDs5Le8oMKqwohwYuQ, flags: 0 }
[2026-02-12T00:30:12Z INFO  filler] skip vamm cross too small: MakerCrosses { orders: [], slot: 399653070, has_vamm_cross: true, is_partial: true, taker_direction: Short }
[2026-02-12T00:30:12Z INFO  filler] found limit crosses (market: 61), top bid: Some(L3Order { price: 116100, size: 37632000000000, max_ts: 0, order_id: 34220773, kind: FloatingLimit, user: 6xjDCa6fpehWBQzEdDQW3Gv1kum3VzVKzZpXG4AKckJK, flags: 2 }), top ask: Some(L3Order { price: 0, size: 657000000000, max_ts: 1770856214, order_id: 5021, kind: Oracle, user: pGr2WpdDowT21MLj7GWNRLduUcdshVqj4AeZbi98Jy1, flags: 1 })
[2026-02-12T00:30:12Z INFO  filler] try uncross book=61,slot=399653071
[2026-02-12T00:30:12Z INFO  filler] {"intent": "limit_uncross", "txn": "2HFejb9Tkn9ThcrnkiThXCJeZc7426zUfpHAPuRSyxJSXyAuxGGxYMiLrQoeg7aj3j6GAeuZvC6mmS8oxHhR51Zi", "observed_slot": 399653071}
[2026-02-12T00:30:12Z INFO  filler] {"intent": "limit_uncross", "txn": "4nUgBfXWWEt3386AWQPnTCksuQtGDthy81z4VNya8FW8peWNzr9HhoHS9p93r3s6n6B39RBbhnGZQrRrDsNcRN39", "observed_slot": 399653071}
[2026-02-12T00:30:13Z INFO  filler] found limit crosses (market: 61), top bid: Some(L3Order { price: 116100, size: 37632000000000, max_ts: 0, order_id: 34220773, kind: FloatingLimit, user: 6xjDCa6fpehWBQzEdDQW3Gv1kum3VzVKzZpXG4AKckJK, flags: 2 }), top ask: Some(L3Order { price: 0, size: 657000000000, max_ts: 1770856214, order_id: 5021, kind: Oracle, user: pGr2WpdDowT21MLj7GWNRLduUcdshVqj4AeZbi98Jy1, flags: 1 })
[2026-02-12T00:30:13Z INFO  filler] try uncross book=61,slot=399653073
[2026-02-12T00:30:13Z INFO  filler] {"intent": "limit_uncross", "txn": "4nUgBfXWWEt3386AWQPnTCksuQtGDthy81z4VNya8FW8peWNzr9HhoHS9p93r3s6n6B39RBbhnGZQrRrDsNcRN39", "observed_slot": 399653073}
[2026-02-12T00:30:13Z INFO  filler] {"intent": "limit_uncross", "txn": "2HFejb9Tkn9ThcrnkiThXCJeZc7426zUfpHAPuRSyxJSXyAuxGGxYMiLrQoeg7aj3j6GAeuZvC6mmS8oxHhR51Zi", "observed_slot": 399653073}
[2026-02-12T00:30:13Z INFO  filler] found auction crosses. market: 61, prices: [0], CrossesAndTopMakers { top_maker_asks: [CfELWppmk5iNNJ1pbix32X9DzPF1R8z9cqZyuhgScRSe, 6xjDCa6fpehWBQzEdDQW3Gv1kum3VzVKzZpXG4AKckJK, 73kMT9GhAAUgAz5TXoFLqqMtw4jRkn57MCEcoGdLCGxU], top_maker_bids: [6xjDCa6fpehWBQzEdDQW3Gv1kum3VzVKzZpXG4AKckJK], limit_crosses: None, vamm_taker_ask: None, vamm_taker_bid: None, crosses: [(L3Order { price: 0, size: 657000000000, max_ts: 1770856214, order_id: 5021, kind: Oracle, user: pGr2WpdDowT21MLj7GWNRLduUcdshVqj4AeZbi98Jy1, flags: 1 }, MakerCrosses { orders: [(L3Order { price: 116100, size: 37632000000000, max_ts: 0, order_id: 34220773, kind: FloatingLimit, user: 6xjDCa6fpehWBQzEdDQW3Gv1kum3VzVKzZpXG4AKckJK, flags: 2 }, 657000000000)], slot: 399653074, has_vamm_cross: true, is_partial: false, taker_direction: Short })] }
[2026-02-12T00:30:13Z INFO  filler] try fill auction order: L3Order { price: 0, size: 657000000000, max_ts: 1770856214, order_id: 5021, kind: Oracle, user: pGr2WpdDowT21MLj7GWNRLduUcdshVqj4AeZbi98Jy1, flags: 1 }
[2026-02-12T00:30:13Z INFO  filler] skip vamm cross too small: MakerCrosses { orders: [(L3Order { price: 116100, size: 37632000000000, max_ts: 0, order_id: 34220773, kind: FloatingLimit, user: 6xjDCa6fpehWBQzEdDQW3Gv1kum3VzVKzZpXG4AKckJK, flags: 2 }, 657000000000)], slot: 399653074, has_vamm_cross: true, is_partial: false, taker_direction: Short }
[2026-02-12T00:30:13Z INFO  filler] found limit crosses (market: 61), top bid: Some(L3Order { price: 116100, size: 37632000000000, max_ts: 0, order_id: 34220773, kind: FloatingLimit, user: 6xjDCa6fpehWBQzEdDQW3Gv1kum3VzVKzZpXG4AKckJK, flags: 2 }), top ask: Some(L3Order { price: 0, size: 657000000000, max_ts: 1770856214, order_id: 5021, kind: Oracle, user: pGr2WpdDowT21MLj7GWNRLduUcdshVqj4AeZbi98Jy1, flags: 1 })
[2026-02-12T00:30:13Z INFO  filler] try uncross book=61,slot=399653075
[2026-02-12T00:30:13Z INFO  filler] {"intent": "limit_uncross", "txn": "61LurHxDR9mYFffWtmPrAJimqS8pQgmpyxmef4T4rv4LvHvrQZWmuXzggxbnpxrtSR5XfzZkrE9rtYkXR9EKSaQ3", "observed_slot": 399653075}
[2026-02-12T00:30:13Z INFO  filler] {"intent": "limit_uncross", "txn": "zCF4RZNrNM3tvNBityeaKXs8DqNvotAaPmgY9oqFkUxoRagyQcRcGBMWC63Fu8SRgzTGNBfaSRgsbFjKojJb5wR", "observed_slot": 399653075}
[2026-02-12T00:30:14Z INFO  filler] found auction crosses. market: 30, prices: [84728], CrossesAndTopMakers { top_maker_asks: [3codT5zuMjVDSkmdKWhFb7DWUp839bQHC7HVehA3bQAH, 82QAVT9Lc4rtaZvLF5984zJTACdQembq4Ma8CWgv4zzd, 3codT5zuMjVDSkmdKWhFb7DWUp839bQHC7HVehA3bQAH], top_maker_bids: [3codT5zuMjVDSkmdKWhFb7DWUp839bQHC7HVehA3bQAH, Mf6b9nCntRQktb2D8u5x4PBRp9wYeHVeiVvWBWQPG5M, 3codT5zuMjVDSkmdKWhFb7DWUp839bQHC7HVehA3bQAH], limit_crosses: None, vamm_taker_ask: None, vamm_taker_bid: None, crosses: [(L3Order { price: 84728, size: 84884000000000, max_ts: 1770856309, order_id: 29967, kind: Oracle, user: HNLDBTt7XoCdzCeK2urSaTsMaKJDs5Le8oMKqwohwYuQ, flags: 0 }, MakerCrosses { orders: [], slot: 399653075, has_vamm_cross: true, is_partial: true, taker_direction: Short })] }
[2026-02-12T00:30:14Z INFO  filler] try fill auction order: L3Order { price: 84728, size: 84884000000000, max_ts: 1770856309, order_id: 29967, kind: Oracle, user: HNLDBTt7XoCdzCeK2urSaTsMaKJDs5Le8oMKqwohwYuQ, flags: 0 }
[2026-02-12T00:30:14Z INFO  filler] skip vamm cross too small: MakerCrosses { orders: [], slot: 399653075, has_vamm_cross: true, is_partial: true, taker_direction: Short }
[2026-02-12T00:30:14Z INFO  filler] found auction crosses. market: 61, prices: [0], CrossesAndTopMakers { top_maker_asks: [CfELWppmk5iNNJ1pbix32X9DzPF1R8z9cqZyuhgScRSe, 6xjDCa6fpehWBQzEdDQW3Gv1kum3VzVKzZpXG4AKckJK, 73kMT9GhAAUgAz5TXoFLqqMtw4jRkn57MCEcoGdLCGxU], top_maker_bids: [6xjDCa6fpehWBQzEdDQW3Gv1kum3VzVKzZpXG4AKckJK], limit_crosses: None, vamm_taker_ask: None, vamm_taker_bid: None, crosses: [(L3Order { price: 0, size: 657000000000, max_ts: 1770856214, order_id: 5021, kind: Oracle, user: pGr2WpdDowT21MLj7GWNRLduUcdshVqj4AeZbi98Jy1, flags: 1 }, MakerCrosses { orders: [(L3Order { price: 116100, size: 37632000000000, max_ts: 0, order_id: 34220773, kind: FloatingLimit, user: 6xjDCa6fpehWBQzEdDQW3Gv1kum3VzVKzZpXG4AKckJK, flags: 2 }, 657000000000)], slot: 399653075, has_vamm_cross: true, is_partial: false, taker_direction: Short })] }
[2026-02-12T00:30:14Z INFO  filler] try fill auction order: L3Order { price: 0, size: 657000000000, max_ts: 1770856214, order_id: 5021, kind: Oracle, user: pGr2WpdDowT21MLj7GWNRLduUcdshVqj4AeZbi98Jy1, flags: 1 }
[2026-02-12T00:30:14Z INFO  filler] skip vamm cross too small: MakerCrosses { orders: [(L3Order { price: 116100, size: 37632000000000, max_ts: 0, order_id: 34220773, kind: FloatingLimit, user: 6xjDCa6fpehWBQzEdDQW3Gv1kum3VzVKzZpXG4AKckJK, flags: 2 }, 657000000000)], slot: 399653075, has_vamm_cross: true, is_partial: false, taker_direction: Short }
[2026-02-12T00:30:14Z INFO  filler] found auction crosses. market: 30, prices: [84728], CrossesAndTopMakers { top_maker_asks: [3codT5zuMjVDSkmdKWhFb7DWUp839bQHC7HVehA3bQAH, 82QAVT9Lc4rtaZvLF5984zJTACdQembq4Ma8CWgv4zzd, 3codT5zuMjVDSkmdKWhFb7DWUp839bQHC7HVehA3bQAH], top_maker_bids: [3codT5zuMjVDSkmdKWhFb7DWUp839bQHC7HVehA3bQAH, Mf6b9nCntRQktb2D8u5x4PBRp9wYeHVeiVvWBWQPG5M, 3codT5zuMjVDSkmdKWhFb7DWUp839bQHC7HVehA3bQAH], limit_crosses: None, vamm_taker_ask: None, vamm_taker_bid: None, crosses: [(L3Order { price: 84728, size: 84884000000000, max_ts: 1770856309, order_id: 29967, kind: Oracle, user: HNLDBTt7XoCdzCeK2urSaTsMaKJDs5Le8oMKqwohwYuQ, flags: 0 }, MakerCrosses { orders: [], slot: 399653076, has_vamm_cross: true, is_partial: true, taker_direction: Short })] }
[2026-02-12T00:30:14Z INFO  filler] try fill auction order: L3Order { price: 84728, size: 84884000000000, max_ts: 1770856309, order_id: 29967, kind: Oracle, user: HNLDBTt7XoCdzCeK2urSaTsMaKJDs5Le8oMKqwohwYuQ, flags: 0 }
[2026-02-12T00:30:14Z INFO  filler] skip vamm cross too small: MakerCrosses { orders: [], slot: 399653076, has_vamm_cross: true, is_partial: true, taker_direction: Short }
[2026-02-12T00:30:14Z INFO  filler] found limit crosses (market: 61), top bid: Some(L3Order { price: 116100, size: 37632000000000, max_ts: 0, order_id: 34220773, kind: FloatingLimit, user: 6xjDCa6fpehWBQzEdDQW3Gv1kum3VzVKzZpXG4AKckJK, flags: 2 }), top ask: Some(L3Order { price: 0, size: 657000000000, max_ts: 1770856214, order_id: 5021, kind: Oracle, user: pGr2WpdDowT21MLj7GWNRLduUcdshVqj4AeZbi98Jy1, flags: 1 })
[2026-02-12T00:30:14Z INFO  filler] try uncross book=61,slot=399653077
[2026-02-12T00:30:14Z INFO  filler] {"intent": "limit_uncross", "txn": "61LurHxDR9mYFffWtmPrAJimqS8pQgmpyxmef4T4rv4LvHvrQZWmuXzggxbnpxrtSR5XfzZkrE9rtYkXR9EKSaQ3", "observed_slot": 399653077}
[2026-02-12T00:30:14Z INFO  filler] {"intent": "limit_uncross", "txn": "zCF4RZNrNM3tvNBityeaKXs8DqNvotAaPmgY9oqFkUxoRagyQcRcGBMWC63Fu8SRgzTGNBfaSRgsbFjKojJb5wR", "observed_slot": 399653077}
[2026-02-12T00:30:33Z WARN  drift_rs::priority_fee_subscriber] failed to fetch priority fee: Error { request: Some(GetRecentPrioritizationFees), kind: Reqwest(reqwest::Error { kind: Request, url: "https://api.rpcpool.com/d2156ff5-5721-4b78-94c4-622151e0f6a5t", source: hyper_util::client::legacy::Error(SendRequest, hyper::Error(IncompleteMessage)) }) }
[2026-02-12T00:30:35Z WARN  drift_rs::blockhash_subscriber] blockhash subscriber missed update: Error { request: Some(GetLatestBlockhash), kind: Reqwest(reqwest::Error { kind: Request, url: "https://api.rpcpool.com/d2156ff5-5721-4b78-94c4-622151e0f6a5t", source: hyper_util::client::legacy::Error(SendRequest, hyper::Error(IncompleteMessage)) }) }
[2026-02-12T00:30:37Z WARN  drift_rs::blockhash_subscriber] blockhash subscriber missed update: Error { request: Some(GetLatestBlockhash), kind: Reqwest(reqwest::Error { kind: Request, url: "https://api.rpcpool.com/d2156ff5-5721-4b78-94c4-622151e0f6a5t", source: hyper_util::client::legacy::Error(SendRequest, hyper::Error(IncompleteMessage)) }) }
[2026-02-12T00:30:39Z WARN  drift_rs::blockhash_subscriber] blockhash subscriber missed update: Error { request: Some(GetLatestBlockhash), kind: Reqwest(reqwest::Error { kind: Request, url: "https://api.rpcpool.com/d2156ff5-5721-4b78-94c4-622151e0f6a5t", source: hyper_util::client::legacy::Error(SendRequest, hyper::Error(IncompleteMessage)) }) }
[2026-02-12T00:30:59Z WARN  ws] PubsubClient disconnected: Protocol(ResetWithoutClosingHandshake)
[2026-02-12T00:42:45Z WARN  keeprs] ctrl+c received, bot shutting down...
[2026-02-12T00:42:45Z INFO  grpc] gRPC connection unsubscribed
[2026-02-12T00:42:45Z INFO  grpc] gRPC connection unsubscribed
[2026-02-12T00:42:45Z ERROR dlob] notifier thread finished
